,index,Unnamed: 0,ORDERNUMBER,QUANTITYORDERED,PRICEEACH,ORDERLINENUMBER,SALES,ORDERDATE,STATUS,QTR_ID,MONTH_ID,YEAR_ID,PRODUCTLINE,MSRP,PRODUCTCODE,CUSTOMERNAME,PHONE,ADDRESSLINE1,QUANTITYORDERED_stand,QUANTITYORDERED_norm
0,0,0,10107,30.0,95.7,2,2871.0,2/24/2003 0:00,Shipped,1,2,2003,Motorcycles,95,S10_1678,Land of Toys Inc.,2125557818,897 Long Airport Avenue,-0.5246969796634378,0.26373626373626374
1,1,1,10121,34.0,81.35,5,2765.9,5/7/2003 0:00,Shipped,2,5,2003,Motorcycles,95,S10_1678,Reims Collectables,26.47.1555,59 rue de l'Abbaye,-0.11373531532532445,0.3076923076923077
2,2,2,10134,41.0,94.74,2,3884.34,7/1/2003 0:00,Shipped,3,7,2003,Motorcycles,95,S10_1678,Lyon Souveniers,+33 1 46 62 7555,27 rue du Colonel Pierre Avia,0.6054475972663739,0.38461538461538464
3,3,3,10145,45.0,83.26,6,3746.7,8/25/2003 0:00,Shipped,3,8,2003,Motorcycles,95,S10_1678,Toys4GrownUps.com,6265557265,78934 Hillside Dr.,1.016409261604487,0.42857142857142855
4,4,4,10159,49.0,100.0,14,5205.27,10/10/2003 0:00,Shipped,4,10,2003,Motorcycles,95,S10_1678,Corporate Gift Ideas Co.,6505551386,7734 Strong St.,1.4273709259426004,0.4725274725274725
5,5,5,10168,36.0,96.66,1,3479.76,10/28/2003 0:00,Shipped,4,10,2003,Motorcycles,95,S10_1678,Technics Stores Inc.,6505556809,9408 Furth Circle,0.09174551684373221,0.32967032967032966
6,6,6,10180,29.0,86.13,9,2497.77,11/11/2003 0:00,Shipped,4,11,2003,Motorcycles,95,S10_1678,Daedalus Designs Imports,20.16.1555,"184, chausse de Tournai",-0.6274373957479661,0.25274725274725274
7,7,7,10188,48.0,100.0,1,5512.32,11/18/2003 0:00,Shipped,4,11,2003,Motorcycles,95,S10_1678,Herkku Gifts,+47 2267 3215,"Drammen 121, PR 744 Sentrum",1.3246305098580722,0.46153846153846156
8,8,8,10201,22.0,98.57,2,2168.54,12/1/2003 0:00,Shipped,4,12,2003,Motorcycles,95,S10_1678,Mini Wheels Co.,6505555787,5557 North Pendale Street,-1.3466203083396644,0.17582417582417584
9,9,9,10211,41.0,100.0,14,4708.44,1/15/2004 0:00,Shipped,1,1,2004,Motorcycles,95,S10_1678,Auto Canal Petit,(1) 47.55.6555,"25, rue Lauriston",0.6054475972663739,0.38461538461538464
10,10,10,10223,37.0,100.0,1,3965.66,2/20/2004 0:00,Shipped,1,2,2004,Motorcycles,95,S10_1678,"Australian Collectors, Co.",03 9520 4555,636 St Kilda Road,0.19448593292826055,0.34065934065934067
11,11,11,10237,35.0,100.0,7,2333.12,4/5/2004 0:00,Shipped,2,4,2004,Motorcycles,95,S10_1678,Vitachrome Inc.,2125551500,2678 Kingston Rd.,-0.010994899240796116,0.31868131868131866
12,12,12,10251,28.0,100.0,2,3188.64,5/18/2004 0:00,Shipped,2,5,2004,Motorcycles,95,S10_1678,Tekni Collectables Inc.,2015559350,7476 Moss Rd.,-0.7301778118324944,0.24175824175824176
13,13,13,10263,34.0,100.0,2,3676.76,6/28/2004 0:00,Shipped,2,6,2004,Motorcycles,95,S10_1678,Gift Depot Inc.,2035552570,25593 South Bay Ln.,-0.11373531532532445,0.3076923076923077
14,14,14,10275,45.0,92.83,1,4177.35,7/23/2004 0:00,Shipped,3,7,2004,Motorcycles,95,S10_1678,La Rochelle Gifts,40.67.8555,"67, rue des Cinquante Otages",1.016409261604487,0.42857142857142855
15,15,15,10285,36.0,100.0,6,4099.68,8/27/2004 0:00,Shipped,3,8,2004,Motorcycles,95,S10_1678,Marta's Replicas Co.,6175558555,39323 Spinnaker Dr.,0.09174551684373221,0.32967032967032966
16,16,16,10299,23.0,100.0,9,2597.39,9/30/2004 0:00,Shipped,3,9,2004,Motorcycles,95,S10_1678,"Toys of Finland, Co.",90-224 8555,Keskuskatu 45,-1.2438798922551362,0.18681318681318682
17,17,17,10309,41.0,100.0,5,4394.38,10/15/2004 0:00,Shipped,4,10,2004,Motorcycles,95,S10_1678,Baane Mini Imports,07-98 9555,Erling Skakkes gate 78,0.6054475972663739,0.38461538461538464
18,18,18,10318,46.0,94.74,1,4358.04,11/2/2004 0:00,Shipped,4,11,2004,Motorcycles,95,S10_1678,Diecast Classics Inc.,2155551555,7586 Pompton St.,1.1191496776890155,0.43956043956043955
19,19,19,10329,42.0,100.0,1,4396.14,11/15/2004 0:00,Shipped,4,11,2004,Motorcycles,95,S10_1678,Land of Toys Inc.,2125557818,897 Long Airport Avenue,0.7081880133509022,0.3956043956043956
20,20,20,10341,41.0,100.0,9,7737.93,11/24/2004 0:00,Shipped,4,11,2004,Motorcycles,95,S10_1678,Salzburg Collectables,6562-9555,Geislweg 14,0.6054475972663739,0.38461538461538464
21,21,21,10361,20.0,72.55,13,1451.0,12/17/2004 0:00,Shipped,4,12,2004,Motorcycles,95,S10_1678,Souveniers And Things Co.,+61 2 9495 8555,"Monitor Money Building, 815 Pacific Hwy",-1.552101140508721,0.15384615384615385
22,22,22,10375,21.0,34.91,12,733.11,2/3/2005 0:00,Shipped,1,2,2005,Motorcycles,95,S10_1678,La Rochelle Gifts,40.67.8555,"67, rue des Cinquante Otages",-1.4493607244241928,0.16483516483516483
23,23,23,10388,42.0,76.36,4,3207.12,3/3/2005 0:00,Shipped,1,3,2005,Motorcycles,95,S10_1678,FunGiftIdeas.com,5085552555,1785 First Street,0.7081880133509022,0.3956043956043956
24,24,24,10403,24.0,100.0,7,2434.56,4/8/2005 0:00,Shipped,2,4,2005,Motorcycles,95,S10_1678,"UK Collectables, Ltd.",(171) 555-2282,Berkeley Gardens 12  Brewery,-1.1411394761706077,0.1978021978021978
25,25,25,10417,66.0,100.0,2,7516.08,5/13/2005 0:00,Disputed,2,5,2005,Motorcycles,95,S10_1678,Euro Shopping Channel,(91) 555 94 44,"C/ Moralzarzal, 86",3.173957999379582,0.6593406593406593
26,26,26,10103,26.0,100.0,11,5404.62,1/29/2003 0:00,Shipped,1,1,2003,Classic Cars,214,S10_1949,Baane Mini Imports,07-98 9555,Erling Skakkes gate 78,-0.9356586440015511,0.21978021978021978
27,27,27,10112,29.0,100.0,1,7209.11,3/24/2003 0:00,Shipped,1,3,2003,Classic Cars,214,S10_1949,"Volvo Model Replicas, Co",0921-12 3555,Berguvsvgen  8,-0.6274373957479661,0.25274725274725274
28,28,28,10126,38.0,100.0,11,7329.06,5/28/2003 0:00,Shipped,2,5,2003,Classic Cars,214,S10_1949,"Corrida Auto Replicas, Ltd",(91) 555 22 82,"C/ Araquil, 67",0.2972263490127889,0.3516483516483517
29,29,29,10140,37.0,100.0,11,7374.1,7/24/2003 0:00,Shipped,3,7,2003,Classic Cars,214,S10_1949,Technics Stores Inc.,6505556809,9408 Furth Circle,0.19448593292826055,0.34065934065934067
30,30,30,10150,45.0,100.0,8,10993.5,9/19/2003 0:00,Shipped,3,9,2003,Classic Cars,214,S10_1949,"Dragon Souveniers, Ltd.",+65 221 7555,"Bronz Sok., Bronz Apt. 3/6 Tesvikiye",1.016409261604487,0.42857142857142855
31,31,31,10163,35.0,100.0,1,4860.24,10/20/2003 0:00,Shipped,4,10,2003,Classic Cars,214,S10_1949,Classic Legends Inc.,2125558493,5905 Pompton St.,-0.010994899240796116,0.31868131868131866
32,32,32,10174,34.0,100.0,4,8014.82,11/6/2003 0:00,Shipped,4,11,2003,Classic Cars,214,S10_1949,"Australian Gift Network, Co",61-7-3844-6555,31 Duncan St. West End,-0.11373531532532445,0.3076923076923077
33,33,33,10183,23.0,100.0,8,5372.57,11/13/2003 0:00,Shipped,4,11,2003,Classic Cars,214,S10_1949,"Classic Gift Ideas, Inc",2155554695,782 First Street,-1.2438798922551362,0.18681318681318682
34,34,34,10194,42.0,100.0,11,7290.36,11/25/2003 0:00,Shipped,4,11,2003,Classic Cars,214,S10_1949,"Saveley & Henriot, Co.",78.32.5555,"2, rue du Commerce",0.7081880133509022,0.3956043956043956
35,35,35,10206,47.0,100.0,6,9064.89,12/5/2003 0:00,Shipped,4,12,2003,Classic Cars,214,S10_1949,Canadian Gift Exchange Network,(604) 555-3392,1900 Oak St.,1.2218900937735437,0.45054945054945056
36,36,36,10215,35.0,100.0,3,6075.3,1/29/2004 0:00,Shipped,1,1,2004,Classic Cars,214,S10_1949,West Coast Collectables Co.,3105553722,3675 Furth Circle,-0.010994899240796116,0.31868131868131866
37,37,37,10228,29.0,100.0,2,6463.23,3/10/2004 0:00,Shipped,1,3,2004,Classic Cars,214,S10_1949,Cambridge Collectables Co.,6175555555,4658 Baden Av.,-0.6274373957479661,0.25274725274725274
38,38,38,10245,34.0,100.0,9,6120.34,5/4/2004 0:00,Shipped,2,5,2004,Classic Cars,214,S10_1949,Super Scale Inc.,2035559545,567 North Pendale Street,-0.11373531532532445,0.3076923076923077
39,39,39,10258,32.0,100.0,6,7680.64,6/15/2004 0:00,Shipped,2,6,2004,Classic Cars,214,S10_1949,"Tokyo Collectables, Ltd",+81 3 3584 0555,2-2-8 Roppongi,-0.3192161474943811,0.2857142857142857
40,40,40,10270,21.0,100.0,9,4905.39,7/19/2004 0:00,Shipped,3,7,2004,Classic Cars,214,S10_1949,Souveniers And Things Co.,+61 2 9495 8555,"Monitor Money Building, 815 Pacific Hwy",-1.4493607244241928,0.16483516483516483
41,41,41,10280,34.0,100.0,2,8014.82,8/17/2004 0:00,Shipped,3,8,2004,Classic Cars,214,S10_1949,Amica Models & Co.,011-4988555,Via Monte Bianco 34,-0.11373531532532445,0.3076923076923077
42,42,42,10291,37.0,100.0,11,7136.19,9/8/2004 0:00,Shipped,3,9,2004,Classic Cars,214,S10_1949,Scandinavian Gift Ideas,0695-34 6555,?kergatan 24,0.19448593292826055,0.34065934065934067
43,43,43,10304,47.0,100.0,6,10172.7,10/11/2004 0:00,Shipped,4,10,2004,Classic Cars,214,S10_1949,Auto Assoc. & Cie.,30.59.8555,"67, avenue de l'Europe",1.2218900937735437,0.45054945054945056
44,44,44,10312,48.0,100.0,3,11623.7,10/21/2004 0:00,Shipped,4,10,2004,Classic Cars,214,S10_1949,Mini Gifts Distributors Ltd.,4155551450,5677 Strong St.,1.3246305098580722,0.46153846153846156
45,45,45,10322,40.0,100.0,1,6000.4,11/4/2004 0:00,Shipped,4,11,2004,Classic Cars,214,S10_1949,Online Diecast Creations Co.,6035558647,2304 Long Airport Avenue,0.5027071811818455,0.37362637362637363
46,46,46,10333,26.0,100.0,3,3003.0,11/18/2004 0:00,Shipped,4,11,2004,Classic Cars,214,S10_1949,Mini Wheels Co.,6505555787,5557 North Pendale Street,-0.9356586440015511,0.21978021978021978
47,47,47,10347,30.0,100.0,1,3944.7,11/29/2004 0:00,Shipped,4,11,2004,Classic Cars,214,S10_1949,"Australian Collectors, Co.",03 9520 4555,636 St Kilda Road,-0.5246969796634378,0.26373626373626374
48,48,48,10357,32.0,100.0,10,5691.84,12/10/2004 0:00,Shipped,4,12,2004,Classic Cars,214,S10_1949,Mini Gifts Distributors Ltd.,4155551450,5677 Strong St.,-0.3192161474943811,0.2857142857142857
49,49,49,10369,41.0,100.0,2,4514.92,1/20/2005 0:00,Shipped,1,1,2005,Classic Cars,214,S10_1949,Collectables For Less Inc.,6175558555,7825 Douglas Av.,0.6054475972663739,0.38461538461538464
50,50,50,10381,36.0,100.0,3,8254.8,2/17/2005 0:00,Shipped,1,2,2005,Classic Cars,214,S10_1949,Corporate Gift Ideas Co.,6505551386,7734 Strong St.,0.09174551684373221,0.32967032967032966
51,51,51,10391,24.0,100.0,4,2416.56,3/9/2005 0:00,Shipped,1,3,2005,Classic Cars,214,S10_1949,"Anna's Decorations, Ltd",02 9936 8555,201 Miller Street,-1.1411394761706077,0.1978021978021978
52,52,52,10411,23.0,100.0,9,4140.23,5/1/2005 0:00,Shipped,2,5,2005,Classic Cars,214,S10_1949,Quebec Home Shopping Network,(514) 555-8054,43 rue St. Laurent,-1.2438798922551362,0.18681318681318682
53,53,53,10424,50.0,100.0,6,12001.0,5/31/2005 0:00,In Process,2,5,2005,Classic Cars,214,S10_1949,Euro Shopping Channel,(91) 555 94 44,"C/ Moralzarzal, 86",1.5301113420271288,0.4835164835164835
54,54,54,10107,39.0,99.91,5,3896.49,2/24/2003 0:00,Shipped,1,2,2003,Motorcycles,118,S10_2016,Land of Toys Inc.,2125557818,897 Long Airport Avenue,0.3999667650973172,0.3626373626373626
55,55,55,10120,29.0,96.34,3,2793.86,4/29/2003 0:00,Shipped,2,4,2003,Motorcycles,118,S10_2016,"Australian Collectors, Co.",03 9520 4555,636 St Kilda Road,-0.6274373957479661,0.25274725274725274
56,56,56,10134,27.0,100.0,5,3307.77,7/1/2003 0:00,Shipped,3,7,2003,Motorcycles,118,S10_2016,Lyon Souveniers,+33 1 46 62 7555,27 rue du Colonel Pierre Avia,-0.8329182279170227,0.23076923076923078
57,57,57,10145,37.0,100.0,9,5192.95,8/25/2003 0:00,Shipped,3,8,2003,Motorcycles,118,S10_2016,Toys4GrownUps.com,6265557265,78934 Hillside Dr.,0.19448593292826055,0.34065934065934067
58,58,58,10159,37.0,100.0,17,5016.83,10/10/2003 0:00,Shipped,4,10,2003,Motorcycles,118,S10_2016,Corporate Gift Ideas Co.,6505551386,7734 Strong St.,0.19448593292826055,0.34065934065934067
59,59,59,10168,27.0,100.0,4,3660.93,10/28/2003 0:00,Shipped,4,10,2003,Motorcycles,118,S10_2016,Technics Stores Inc.,6505556809,9408 Furth Circle,-0.8329182279170227,0.23076923076923078
60,60,60,10180,42.0,100.0,12,4695.6,11/11/2003 0:00,Shipped,4,11,2003,Motorcycles,118,S10_2016,Daedalus Designs Imports,20.16.1555,"184, chausse de Tournai",0.7081880133509022,0.3956043956043956
61,61,61,10188,38.0,96.34,4,3660.92,11/18/2003 0:00,Shipped,4,11,2003,Motorcycles,118,S10_2016,Herkku Gifts,+47 2267 3215,"Drammen 121, PR 744 Sentrum",0.2972263490127889,0.3516483516483517
62,62,62,10201,24.0,100.0,5,3025.92,12/1/2003 0:00,Shipped,4,12,2003,Motorcycles,118,S10_2016,Mini Wheels Co.,6505555787,5557 North Pendale Street,-1.1411394761706077,0.1978021978021978
63,63,63,10210,23.0,100.0,2,3009.09,1/12/2004 0:00,Shipped,1,1,2004,Motorcycles,118,S10_2016,Osaka Souveniers Co.,+81 06 6342 5555,"Dojima Avanza 4F, 1-6-20 Dojima, Kita-ku",-1.2438798922551362,0.18681318681318682
64,64,64,10223,47.0,100.0,4,5422.39,2/20/2004 0:00,Shipped,1,2,2004,Motorcycles,118,S10_2016,"Australian Collectors, Co.",03 9520 4555,636 St Kilda Road,1.2218900937735437,0.45054945054945056
65,65,65,10236,22.0,100.0,1,2852.08,4/3/2004 0:00,Shipped,2,4,2004,Motorcycles,118,S10_2016,Motor Mint Distributors Inc.,2155559857,11328 Douglas Av.,-1.3466203083396644,0.17582417582417584
66,66,66,10251,44.0,100.0,5,5756.52,5/18/2004 0:00,Shipped,2,5,2004,Motorcycles,118,S10_2016,Tekni Collectables Inc.,2015559350,7476 Moss Rd.,0.9136688455199589,0.4175824175824176
67,67,67,10263,40.0,100.0,5,4472.0,6/28/2004 0:00,Shipped,2,6,2004,Motorcycles,118,S10_2016,Gift Depot Inc.,2035552570,25593 South Bay Ln.,0.5027071811818455,0.37362637362637363
68,68,68,10275,22.0,100.0,4,2904.44,7/23/2004 0:00,Shipped,3,7,2004,Motorcycles,118,S10_2016,La Rochelle Gifts,40.67.8555,"67, rue des Cinquante Otages",-1.3466203083396644,0.17582417582417584
69,69,69,10285,47.0,100.0,9,6484.59,8/27/2004 0:00,Shipped,3,8,2004,Motorcycles,118,S10_2016,Marta's Replicas Co.,6175558555,39323 Spinnaker Dr.,1.2218900937735437,0.45054945054945056
70,70,70,10298,39.0,96.34,1,3757.26,9/27/2004 0:00,Shipped,3,9,2004,Motorcycles,118,S10_2016,Atelier graphique,40.32.2555,"54, rue Royale",0.3999667650973172,0.3626373626373626
71,71,71,10308,34.0,100.0,2,4043.96,10/15/2004 0:00,Shipped,4,10,2004,Motorcycles,118,S10_2016,Mini Classics,9145554562,3758 North Pendale Street,-0.11373531532532445,0.3076923076923077
72,72,72,10318,45.0,100.0,4,5566.5,11/2/2004 0:00,Shipped,4,11,2004,Motorcycles,118,S10_2016,Diecast Classics Inc.,2155551555,7586 Pompton St.,1.016409261604487,0.42857142857142855
73,73,73,10329,20.0,100.0,2,3176.0,11/15/2004 0:00,Shipped,4,11,2004,Motorcycles,118,S10_2016,Land of Toys Inc.,2125557818,897 Long Airport Avenue,-1.552101140508721,0.15384615384615385
74,74,74,10339,40.0,68.92,4,2756.8,11/23/2004 0:00,Shipped,4,11,2004,Motorcycles,118,S10_2016,"Tokyo Collectables, Ltd",+81 3 3584 0555,2-2-8 Roppongi,0.5027071811818455,0.37362637362637363
75,75,75,10361,26.0,51.15,8,1329.9,12/17/2004 0:00,Shipped,4,12,2004,Motorcycles,118,S10_2016,Souveniers And Things Co.,+61 2 9495 8555,"Monitor Money Building, 815 Pacific Hwy",-0.9356586440015511,0.21978021978021978
76,76,76,10374,39.0,100.0,5,5288.01,2/2/2005 0:00,Shipped,1,2,2005,Motorcycles,118,S10_2016,"Australian Gift Network, Co",61-7-3844-6555,31 Duncan St. West End,0.3999667650973172,0.3626373626373626
77,77,77,10388,50.0,44.51,5,2225.5,3/3/2005 0:00,Shipped,1,3,2005,Motorcycles,118,S10_2016,FunGiftIdeas.com,5085552555,1785 First Street,1.5301113420271288,0.4835164835164835
78,78,78,10402,45.0,100.0,1,5833.8,4/7/2005 0:00,Shipped,2,4,2005,Motorcycles,118,S10_2016,Auto Canal Petit,(1) 47.55.6555,"25, rue Lauriston",1.016409261604487,0.42857142857142855
79,79,79,10417,45.0,100.0,5,5887.35,5/13/2005 0:00,Disputed,2,5,2005,Motorcycles,118,S10_2016,Euro Shopping Channel,(91) 555 94 44,"C/ Moralzarzal, 86",1.016409261604487,0.42857142857142855
80,80,80,10107,27.0,100.0,4,6065.55,2/24/2003 0:00,Shipped,1,2,2003,Motorcycles,193,S10_4698,Land of Toys Inc.,2125557818,897 Long Airport Avenue,-0.8329182279170227,0.23076923076923078
81,81,81,10120,46.0,100.0,2,9264.86,4/29/2003 0:00,Shipped,2,4,2003,Motorcycles,193,S10_4698,"Australian Collectors, Co.",03 9520 4555,636 St Kilda Road,1.1191496776890155,0.43956043956043955
82,82,82,10134,31.0,100.0,4,7023.98,7/1/2003 0:00,Shipped,3,7,2003,Motorcycles,193,S10_4698,Lyon Souveniers,+33 1 46 62 7555,27 rue du Colonel Pierre Avia,-0.4219565635789094,0.27472527472527475
83,83,83,10145,33.0,100.0,8,5176.38,8/25/2003 0:00,Shipped,3,8,2003,Motorcycles,193,S10_4698,Toys4GrownUps.com,6265557265,78934 Hillside Dr.,-0.21647573140985277,0.2967032967032967
84,84,84,10159,22.0,100.0,16,4132.7,10/10/2003 0:00,Shipped,4,10,2003,Motorcycles,193,S10_4698,Corporate Gift Ideas Co.,6505551386,7734 Strong St.,-1.3466203083396644,0.17582417582417584
85,85,85,10168,20.0,100.0,3,4183.0,10/28/2003 0:00,Shipped,4,10,2003,Motorcycles,193,S10_4698,Technics Stores Inc.,6505556809,9408 Furth Circle,-1.552101140508721,0.15384615384615385
86,86,86,10180,41.0,100.0,11,8892.9,11/11/2003 0:00,Shipped,4,11,2003,Motorcycles,193,S10_4698,Daedalus Designs Imports,20.16.1555,"184, chausse de Tournai",0.6054475972663739,0.38461538461538464
87,87,87,10188,45.0,100.0,3,8714.7,11/18/2003 0:00,Shipped,4,11,2003,Motorcycles,193,S10_4698,Herkku Gifts,+47 2267 3215,"Drammen 121, PR 744 Sentrum",1.016409261604487,0.42857142857142855
88,88,88,10201,49.0,100.0,4,8065.89,12/1/2003 0:00,Shipped,4,12,2003,Motorcycles,193,S10_4698,Mini Wheels Co.,6505555787,5557 North Pendale Street,1.4273709259426004,0.4725274725274725
89,89,89,10210,34.0,100.0,1,6123.4,1/12/2004 0:00,Shipped,1,1,2004,Motorcycles,193,S10_4698,Osaka Souveniers Co.,+81 06 6342 5555,"Dojima Avanza 4F, 1-6-20 Dojima, Kita-ku",-0.11373531532532445,0.3076923076923077
90,90,90,10223,49.0,100.0,3,9774.03,2/20/2004 0:00,Shipped,1,2,2004,Motorcycles,193,S10_4698,"Australian Collectors, Co.",03 9520 4555,636 St Kilda Road,1.4273709259426004,0.4725274725274725
91,91,91,10237,39.0,100.0,9,7023.9,4/5/2004 0:00,Shipped,2,4,2004,Motorcycles,193,S10_4698,Vitachrome Inc.,2125551500,2678 Kingston Rd.,0.3999667650973172,0.3626373626373626
92,92,92,10251,43.0,100.0,4,7078.23,5/18/2004 0:00,Shipped,2,5,2004,Motorcycles,193,S10_4698,Tekni Collectables Inc.,2015559350,7476 Moss Rd.,0.8109284294354305,0.4065934065934066
93,93,93,10263,41.0,100.0,4,8336.94,6/28/2004 0:00,Shipped,2,6,2004,Motorcycles,193,S10_4698,Gift Depot Inc.,2035552570,25593 South Bay Ln.,0.6054475972663739,0.38461538461538464
94,94,94,10275,36.0,100.0,3,6901.92,7/23/2004 0:00,Shipped,3,7,2004,Motorcycles,193,S10_4698,La Rochelle Gifts,40.67.8555,"67, rue des Cinquante Otages",0.09174551684373221,0.32967032967032966
95,95,95,10285,27.0,100.0,8,5438.07,8/27/2004 0:00,Shipped,3,8,2004,Motorcycles,193,S10_4698,Marta's Replicas Co.,6175558555,39323 Spinnaker Dr.,-0.8329182279170227,0.23076923076923078
96,96,96,10299,29.0,100.0,11,6683.34,9/30/2004 0:00,Shipped,3,9,2004,Motorcycles,193,S10_4698,"Toys of Finland, Co.",90-224 8555,Keskuskatu 45,-0.6274373957479661,0.25274725274725274
97,97,97,10308,20.0,100.0,1,4570.4,10/15/2004 0:00,Shipped,4,10,2004,Motorcycles,193,S10_4698,Mini Classics,9145554562,3758 North Pendale Street,-1.552101140508721,0.15384615384615385
98,98,98,10318,37.0,100.0,3,7667.14,11/2/2004 0:00,Shipped,4,11,2004,Motorcycles,193,S10_4698,Diecast Classics Inc.,2155551555,7586 Pompton St.,0.19448593292826055,0.34065934065934067
99,99,99,10329,26.0,100.0,3,5868.2,11/15/2004 0:00,Shipped,4,11,2004,Motorcycles,193,S10_4698,Land of Toys Inc.,2125557818,897 Long Airport Avenue,-0.9356586440015511,0.21978021978021978
100,100,100,10339,39.0,76.67,3,2990.13,11/23/2004 0:00,Shipped,4,11,2004,Motorcycles,193,S10_4698,"Tokyo Collectables, Ltd",+81 3 3584 0555,2-2-8 Roppongi,0.3999667650973172,0.3626373626373626
101,101,101,10362,22.0,100.0,4,3664.1,1/5/2005 0:00,Shipped,1,1,2005,Motorcycles,193,S10_4698,Technics Stores Inc.,6505556809,9408 Furth Circle,-1.3466203083396644,0.17582417582417584
102,102,102,10374,22.0,100.0,1,3834.38,2/2/2005 0:00,Shipped,1,2,2005,Motorcycles,193,S10_4698,"Australian Gift Network, Co",61-7-3844-6555,31 Duncan St. West End,-1.3466203083396644,0.17582417582417584
103,103,103,10388,21.0,86.77,7,1822.17,3/3/2005 0:00,Shipped,1,3,2005,Motorcycles,193,S10_4698,FunGiftIdeas.com,5085552555,1785 First Street,-1.4493607244241928,0.16483516483516483
104,104,104,10403,66.0,100.0,9,11886.6,4/8/2005 0:00,Shipped,2,4,2005,Motorcycles,193,S10_4698,"UK Collectables, Ltd.",(171) 555-2282,Berkeley Gardens 12  Brewery,3.173957999379582,0.6593406593406593
105,105,105,10417,56.0,100.0,4,9218.16,5/13/2005 0:00,Disputed,2,5,2005,Motorcycles,193,S10_4698,Euro Shopping Channel,(91) 555 94 44,"C/ Moralzarzal, 86",2.146553838534299,0.5494505494505495
106,106,106,10105,50.0,100.0,2,7208.0,2/11/2003 0:00,Shipped,1,2,2003,Classic Cars,136,S10_4757,Danish Wholesale Imports,31 12 3555,Vinb'ltet 34,1.5301113420271288,0.4835164835164835
107,107,107,10119,46.0,100.0,11,5004.8,4/28/2003 0:00,Shipped,2,4,2003,Classic Cars,136,S10_4757,Salzburg Collectables,6562-9555,Geislweg 14,1.1191496776890155,0.43956043956043955
108,108,108,10129,33.0,100.0,2,4398.24,6/12/2003 0:00,Shipped,2,6,2003,Classic Cars,136,S10_4757,"Stylish Desk Decors, Co.",(171) 555-0297,35 King George,-0.21647573140985277,0.2967032967032967
109,109,109,10143,49.0,100.0,15,5597.76,8/10/2003 0:00,Shipped,3,8,2003,Classic Cars,136,S10_4757,Mini Creations Ltd.,5085559555,4575 Hillside Dr.,1.4273709259426004,0.4725274725274725
110,110,110,10155,32.0,100.0,13,4526.08,10/6/2003 0:00,Shipped,4,10,2003,Classic Cars,136,S10_4757,"Toys of Finland, Co.",90-224 8555,Keskuskatu 45,-0.3192161474943811,0.2857142857142857
111,111,111,10167,44.0,100.0,9,5924.16,10/23/2003 0:00,Cancelled,4,10,2003,Classic Cars,136,S10_4757,Scandinavian Gift Ideas,0695-34 6555,?kergatan 24,0.9136688455199589,0.4175824175824176
112,112,112,10178,24.0,100.0,12,3492.48,11/8/2003 0:00,Shipped,4,11,2003,Classic Cars,136,S10_4757,Alpha Cognac,61.77.6555,1 rue Alsace-Lorraine,-1.1411394761706077,0.1978021978021978
113,113,113,10186,26.0,100.0,9,3854.24,11/14/2003 0:00,Shipped,4,11,2003,Classic Cars,136,S10_4757,"Double Decker Gift Stores, Ltd",(171) 555-7555,120 Hanover Sq.,-0.9356586440015511,0.21978021978021978
114,114,114,10197,45.0,100.0,6,5324.4,11/26/2003 0:00,Shipped,4,11,2003,Classic Cars,136,S10_4757,Enaco Distributors,(93) 203 4555,"Rambla de Catalu¤a, 23",1.016409261604487,0.42857142857142855
115,115,115,10209,39.0,100.0,8,5197.92,1/9/2004 0:00,Shipped,1,1,2004,Classic Cars,136,S10_4757,"Men 'R' US Retailers, Ltd.",2155554369,6047 Douglas Av.,0.3999667650973172,0.3626373626373626
116,116,116,10222,49.0,100.0,12,5997.6,2/19/2004 0:00,Shipped,1,2,2004,Classic Cars,136,S10_4757,Collectable Mini Designs Co.,7605558146,361 Furth Circle,1.4273709259426004,0.4725274725274725
117,117,117,10248,20.0,100.0,3,2910.4,5/7/2004 0:00,Cancelled,2,5,2004,Classic Cars,136,S10_4757,Land of Toys Inc.,2125557818,897 Long Airport Avenue,-1.552101140508721,0.15384615384615385
118,118,118,10261,27.0,100.0,1,3378.24,6/17/2004 0:00,Shipped,2,6,2004,Classic Cars,136,S10_4757,Quebec Home Shopping Network,(514) 555-8054,43 rue St. Laurent,-0.8329182279170227,0.23076923076923078
119,119,119,10273,30.0,100.0,4,3508.8,7/21/2004 0:00,Shipped,3,7,2004,Classic Cars,136,S10_4757,Petit Auto,(02) 5554 67,Rue Joseph-Bens 532,-0.5246969796634378,0.26373626373626374
120,120,120,10283,25.0,100.0,6,2992.0,8/20/2004 0:00,Shipped,3,8,2004,Classic Cars,136,S10_4757,"Royal Canadian Collectables, Ltd.",(604) 555-4555,23 Tsawassen Blvd.,-1.0383990600860795,0.2087912087912088
121,121,121,10295,24.0,100.0,1,3427.2,9/10/2004 0:00,Shipped,3,9,2004,Classic Cars,136,S10_4757,Gifts4AllAges.com,6175559555,8616 Spinnaker Dr.,-1.1411394761706077,0.1978021978021978
122,122,122,10307,22.0,100.0,9,2692.8,10/14/2004 0:00,Shipped,4,10,2004,Classic Cars,136,S10_4757,"Classic Gift Ideas, Inc",2155554695,782 First Street,-1.3466203083396644,0.17582417582417584
123,123,123,10316,33.0,100.0,17,4128.96,11/1/2004 0:00,Shipped,4,11,2004,Classic Cars,136,S10_4757,giftsbymail.co.uk,(198) 555-8888,Garden House Crowther Way,-0.21647573140985277,0.2967032967032967
124,124,124,10325,47.0,64.93,6,3051.71,11/5/2004 0:00,Shipped,4,11,2004,Classic Cars,136,S10_4757,Baane Mini Imports,07-98 9555,Erling Skakkes gate 78,1.2218900937735437,0.45054945054945056
125,125,125,10337,25.0,48.05,8,1201.25,11/21/2004 0:00,Shipped,4,11,2004,Classic Cars,136,S10_4757,Classic Legends Inc.,2125558493,5905 Pompton St.,-1.0383990600860795,0.2087912087912088
126,126,126,10350,26.0,75.47,5,1962.22,12/2/2004 0:00,Shipped,4,12,2004,Classic Cars,136,S10_4757,Euro Shopping Channel,(91) 555 94 44,"C/ Moralzarzal, 86",-0.9356586440015511,0.21978021978021978
127,127,127,10359,48.0,54.68,6,2624.64,12/15/2004 0:00,Shipped,4,12,2004,Classic Cars,136,S10_4757,Reims Collectables,26.47.1555,59 rue de l'Abbaye,1.3246305098580722,0.46153846153846156
128,128,128,10373,39.0,100.0,3,4046.25,1/31/2005 0:00,Shipped,1,1,2005,Classic Cars,136,S10_4757,"Oulu Toy Supplies, Inc.",981-443655,Torikatu 38,0.3999667650973172,0.3626373626373626
129,129,129,10384,34.0,100.0,4,4846.7,2/23/2005 0:00,Shipped,1,2,2005,Classic Cars,136,S10_4757,Corporate Gift Ideas Co.,6505551386,7734 Strong St.,-0.11373531532532445,0.3076923076923077
130,130,130,10395,32.0,100.0,2,3370.56,3/17/2005 0:00,Shipped,1,3,2005,Classic Cars,136,S10_4757,Lyon Souveniers,+33 1 46 62 7555,27 rue du Colonel Pierre Avia,-0.3192161474943811,0.2857142857142857
131,131,131,10400,64.0,100.0,9,9661.44,4/1/2005 0:00,Shipped,2,4,2005,Classic Cars,136,S10_4757,The Sharp Gifts Warehouse,4085553659,3086 Ingle Ln.,2.9684771672105255,0.6373626373626373
132,132,132,10414,19.0,100.0,3,2764.88,5/6/2005 0:00,On Hold,2,5,2005,Classic Cars,136,S10_4757,Gifts4AllAges.com,6175559555,8616 Spinnaker Dr.,-1.6548415565932495,0.14285714285714285
133,133,133,10103,42.0,100.0,4,5398.26,1/29/2003 0:00,Shipped,1,1,2003,Classic Cars,147,S10_4962,Baane Mini Imports,07-98 9555,Erling Skakkes gate 78,0.7081880133509022,0.3956043956043956
134,134,134,10114,31.0,100.0,8,4305.28,4/1/2003 0:00,Shipped,2,4,2003,Classic Cars,147,S10_4962,"La Corne D'abondance, Co.",(1) 42.34.2555,"265, boulevard Charonne",-0.4219565635789094,0.27472527472527475
135,135,135,10126,22.0,100.0,4,3347.74,5/28/2003 0:00,Shipped,2,5,2003,Classic Cars,147,S10_4962,"Corrida Auto Replicas, Ltd",(91) 555 22 82,"C/ Araquil, 67",-1.3466203083396644,0.17582417582417584
136,136,136,10140,26.0,100.0,4,3188.12,7/24/2003 0:00,Shipped,3,7,2003,Classic Cars,147,S10_4962,Technics Stores Inc.,6505556809,9408 Furth Circle,-0.9356586440015511,0.21978021978021978
137,137,137,10150,20.0,100.0,1,3191.2,9/19/2003 0:00,Shipped,3,9,2003,Classic Cars,147,S10_4962,"Dragon Souveniers, Ltd.",+65 221 7555,"Bronz Sok., Bronz Apt. 3/6 Tesvikiye",-1.552101140508721,0.15384615384615385
138,138,138,10164,21.0,100.0,2,3536.82,10/21/2003 0:00,Resolved,4,10,2003,Classic Cars,147,S10_4962,Mini Auto Werke,7675-3555,Kirchgasse 6,-1.4493607244241928,0.16483516483516483
139,139,139,10175,33.0,100.0,9,5362.83,11/6/2003 0:00,Shipped,4,11,2003,Classic Cars,147,S10_4962,"Stylish Desk Decors, Co.",(171) 555-0297,35 King George,-0.21647573140985277,0.2967032967032967
140,140,140,10183,28.0,100.0,1,3433.36,11/13/2003 0:00,Shipped,4,11,2003,Classic Cars,147,S10_4962,"Classic Gift Ideas, Inc",2155554695,782 First Street,-0.7301778118324944,0.24175824175824176
141,141,141,10194,26.0,100.0,4,4263.74,11/25/2003 0:00,Shipped,4,11,2003,Classic Cars,147,S10_4962,"Saveley & Henriot, Co.",78.32.5555,"2, rue du Commerce",-0.9356586440015511,0.21978021978021978
142,142,142,10207,31.0,100.0,15,4076.19,12/9/2003 0:00,Shipped,4,12,2003,Classic Cars,147,S10_4962,Diecast Collectables,6175552555,6251 Ingle Ln.,-0.4219565635789094,0.27472527472527475
143,143,143,10217,48.0,100.0,4,7020.48,2/4/2004 0:00,Shipped,1,2,2004,Classic Cars,147,S10_4962,Handji Gifts& Co,+65 224 1555,Village Close - 106 Linden Road Sandown,1.3246305098580722,0.46153846153846156
144,144,144,10229,50.0,100.0,9,6426.5,3/11/2004 0:00,Shipped,1,3,2004,Classic Cars,147,S10_4962,Mini Gifts Distributors Ltd.,4155551450,5677 Strong St.,1.5301113420271288,0.4835164835164835
145,145,145,10245,28.0,100.0,2,4591.72,5/4/2004 0:00,Shipped,2,5,2004,Classic Cars,147,S10_4962,Super Scale Inc.,2035559545,567 North Pendale Street,-0.7301778118324944,0.24175824175824176
146,146,146,10259,26.0,100.0,12,4033.38,6/15/2004 0:00,Shipped,2,6,2004,Classic Cars,147,S10_4962,Handji Gifts& Co,+65 224 1555,Village Close - 106 Linden Road Sandown,-0.9356586440015511,0.21978021978021978
147,147,147,10270,32.0,100.0,2,4302.08,7/19/2004 0:00,Shipped,3,7,2004,Classic Cars,147,S10_4962,Souveniers And Things Co.,+61 2 9495 8555,"Monitor Money Building, 815 Pacific Hwy",-0.3192161474943811,0.2857142857142857
148,148,148,10281,44.0,100.0,9,7020.64,8/19/2004 0:00,Shipped,3,8,2004,Classic Cars,147,S10_4962,Diecast Classics Inc.,2155551555,7586 Pompton St.,0.9136688455199589,0.4175824175824176
149,149,149,10291,30.0,100.0,4,3855.9,9/8/2004 0:00,Shipped,3,9,2004,Classic Cars,147,S10_4962,Scandinavian Gift Ideas,0695-34 6555,?kergatan 24,-0.5246969796634378,0.26373626373626374
150,150,150,10305,38.0,100.0,13,6680.78,10/13/2004 0:00,Shipped,4,10,2004,Classic Cars,147,S10_4962,Marta's Replicas Co.,6175558555,39323 Spinnaker Dr.,0.2972263490127889,0.3516483516483517
151,151,151,10313,40.0,100.0,7,6678.0,10/22/2004 0:00,Shipped,4,10,2004,Classic Cars,147,S10_4962,Canadian Gift Exchange Network,(604) 555-3392,1900 Oak St.,0.5027071811818455,0.37362637362637363
152,152,152,10322,46.0,61.99,8,2851.54,11/4/2004 0:00,Shipped,4,11,2004,Classic Cars,147,S10_4962,Online Diecast Creations Co.,6035558647,2304 Long Airport Avenue,1.1191496776890155,0.43956043956043955
153,153,153,10334,26.0,100.0,2,3188.12,11/19/2004 0:00,On Hold,4,11,2004,Classic Cars,147,S10_4962,"Volvo Model Replicas, Co",0921-12 3555,Berguvsvgen  8,-0.9356586440015511,0.21978021978021978
154,154,154,10347,27.0,100.0,2,4428.0,11/29/2004 0:00,Shipped,4,11,2004,Classic Cars,147,S10_4962,"Australian Collectors, Co.",03 9520 4555,636 St Kilda Road,-0.8329182279170227,0.23076923076923078
155,155,155,10357,43.0,100.0,9,5780.92,12/10/2004 0:00,Shipped,4,12,2004,Classic Cars,147,S10_4962,Mini Gifts Distributors Ltd.,4155551450,5677 Strong St.,0.8109284294354305,0.4065934065934066
156,156,156,10370,35.0,65.63,4,2297.05,1/20/2005 0:00,Shipped,1,1,2005,Classic Cars,147,S10_4962,"Anna's Decorations, Ltd",02 9936 8555,201 Miller Street,-0.010994899240796116,0.31868131868131866
157,157,157,10381,37.0,100.0,6,6231.54,2/17/2005 0:00,Shipped,1,2,2005,Classic Cars,147,S10_4962,Corporate Gift Ideas Co.,6505551386,7734 Strong St.,0.19448593292826055,0.34065934065934067
158,158,158,10391,37.0,46.9,7,1735.3,3/9/2005 0:00,Shipped,1,3,2005,Classic Cars,147,S10_4962,"Anna's Decorations, Ltd",02 9936 8555,201 Miller Street,0.19448593292826055,0.34065934065934067
159,159,159,10411,27.0,100.0,2,4427.73,5/1/2005 0:00,Shipped,2,5,2005,Classic Cars,147,S10_4962,Quebec Home Shopping Network,(514) 555-8054,43 rue St. Laurent,-0.8329182279170227,0.23076923076923078
160,160,160,10425,38.0,100.0,12,5894.94,5/31/2005 0:00,In Process,2,5,2005,Classic Cars,147,S10_4962,La Rochelle Gifts,40.67.8555,"67, rue des Cinquante Otages",0.2972263490127889,0.3516483516483517
161,161,161,10108,33.0,100.0,6,5265.15,3/3/2003 0:00,Shipped,1,3,2003,Classic Cars,194,S12_1099,Cruz & Sons Co.,+63 2 555 3587,15 McCallum Street - NatWest Center #13-03,-0.21647573140985277,0.2967032967032967
162,162,162,10122,42.0,100.0,10,7599.9,5/8/2003 0:00,Shipped,2,5,2003,Classic Cars,194,S12_1099,Marseille Mini Autos,91.24.4555,"12, rue des Bouchers",0.7081880133509022,0.3956043956043956
163,163,163,10135,42.0,100.0,7,8008.56,7/2/2003 0:00,Shipped,3,7,2003,Classic Cars,194,S12_1099,Mini Gifts Distributors Ltd.,4155551450,5677 Strong St.,0.7081880133509022,0.3956043956043956
164,164,164,10147,48.0,100.0,7,9245.76,9/5/2003 0:00,Shipped,3,9,2003,Classic Cars,194,S12_1099,Collectables For Less Inc.,6175558555,7825 Douglas Av.,1.3246305098580722,0.46153846153846156
165,165,165,10159,41.0,100.0,2,8296.35,10/10/2003 0:00,Shipped,4,10,2003,Classic Cars,194,S12_1099,Corporate Gift Ideas Co.,6505551386,7734 Strong St.,0.6054475972663739,0.38461538461538464
166,166,166,10169,30.0,100.0,2,5019.9,11/4/2003 0:00,Shipped,4,11,2003,Classic Cars,194,S12_1099,"Anna's Decorations, Ltd",02 9936 8555,201 Miller Street,-0.5246969796634378,0.26373626373626374
167,167,167,10181,27.0,100.0,14,5411.07,11/12/2003 0:00,Shipped,4,11,2003,Classic Cars,194,S12_1099,Herkku Gifts,+47 2267 3215,"Drammen 121, PR 744 Sentrum",-0.8329182279170227,0.23076923076923078
168,168,168,10191,21.0,100.0,3,3840.9,11/20/2003 0:00,Shipped,4,11,2003,Classic Cars,194,S12_1099,"Toms Spezialitten, Ltd",0221-5554327,Mehrheimerstr. 369,-1.4493607244241928,0.16483516483516483
169,169,169,10203,20.0,100.0,8,3930.4,12/2/2003 0:00,Shipped,4,12,2003,Classic Cars,194,S12_1099,Euro Shopping Channel,(91) 555 94 44,"C/ Moralzarzal, 86",-1.552101140508721,0.15384615384615385
170,170,170,10211,41.0,100.0,2,7498.9,1/15/2004 0:00,Shipped,1,1,2004,Classic Cars,194,S12_1099,Auto Canal Petit,(1) 47.55.6555,"25, rue Lauriston",0.6054475972663739,0.38461538461538464
171,171,171,10225,27.0,100.0,9,4517.91,2/22/2004 0:00,Shipped,1,2,2004,Classic Cars,194,S12_1099,"Vida Sport, Ltd",0897-034555,Grenzacherweg 237,-0.8329182279170227,0.23076923076923078
172,172,172,10238,28.0,100.0,3,5774.72,4/9/2004 0:00,Shipped,2,4,2004,Classic Cars,194,S12_1099,Danish Wholesale Imports,31 12 3555,Vinb'ltet 34,-0.7301778118324944,0.24175824175824176
173,173,173,10253,24.0,100.0,13,3922.56,6/1/2004 0:00,Cancelled,2,6,2004,Classic Cars,194,S12_1099,"UK Collectables, Ltd.",(171) 555-2282,Berkeley Gardens 12  Brewery,-1.1411394761706077,0.1978021978021978
174,174,174,10266,44.0,100.0,14,9160.36,7/6/2004 0:00,Shipped,3,7,2004,Classic Cars,194,S12_1099,L'ordine Souveniers,0522-556555,Strada Provinciale 124,0.9136688455199589,0.4175824175824176
175,175,175,10276,50.0,100.0,3,9631.0,8/2/2004 0:00,Shipped,3,8,2004,Classic Cars,194,S12_1099,Online Mini Collectables,6175557555,7635 Spinnaker Dr.,1.5301113420271288,0.4835164835164835
176,176,176,10287,21.0,100.0,12,3432.24,8/30/2004 0:00,Shipped,3,8,2004,Classic Cars,194,S12_1099,"Vida Sport, Ltd",0897-034555,Grenzacherweg 237,-1.4493607244241928,0.16483516483516483
177,177,177,10300,33.0,100.0,5,5521.89,10/4/2003 0:00,Shipped,4,10,2003,Classic Cars,194,S12_1099,"Blauer See Auto, Co.",+49 69 66 90 2555,Lyonerstr. 34,-0.21647573140985277,0.2967032967032967
178,178,178,10310,33.0,100.0,10,6934.62,10/16/2004 0:00,Shipped,4,10,2004,Classic Cars,194,S12_1099,"Toms Spezialitten, Ltd",0221-5554327,Mehrheimerstr. 369,-0.21647573140985277,0.2967032967032967
179,179,179,10320,31.0,100.0,3,6876.11,11/3/2004 0:00,Shipped,4,11,2004,Classic Cars,194,S12_1099,"Volvo Model Replicas, Co",0921-12 3555,Berguvsvgen  8,-0.4219565635789094,0.27472527472527475
180,180,180,10329,41.0,71.47,5,2930.27,11/15/2004 0:00,Shipped,4,11,2004,Classic Cars,194,S12_1099,Land of Toys Inc.,2125557818,897 Long Airport Avenue,0.6054475972663739,0.38461538461538464
181,181,181,10341,45.0,79.65,2,3584.25,11/24/2004 0:00,Shipped,4,11,2004,Classic Cars,194,S12_1099,Salzburg Collectables,6562-9555,Geislweg 14,1.016409261604487,0.42857142857142855
182,182,182,10363,33.0,85.39,3,2817.87,1/6/2005 0:00,Shipped,1,1,2005,Classic Cars,194,S12_1099,Suominen Souveniers,+358 9 8045 555,"Software Engineering Center, SEC Oy",-0.21647573140985277,0.2967032967032967
183,183,183,10375,45.0,76.0,7,3420.0,2/3/2005 0:00,Shipped,1,2,2005,Classic Cars,194,S12_1099,La Rochelle Gifts,40.67.8555,"67, rue des Cinquante Otages",1.016409261604487,0.42857142857142855
184,184,184,10389,26.0,99.04,4,2575.04,3/3/2005 0:00,Shipped,1,3,2005,Classic Cars,194,S12_1099,Scandinavian Gift Ideas,0695-34 6555,?kergatan 24,-0.9356586440015511,0.21978021978021978
185,185,185,10419,12.0,100.0,13,1961.28,5/17/2005 0:00,Shipped,2,5,2005,Classic Cars,194,S12_1099,Salzburg Collectables,6562-9555,Geislweg 14,-2.3740244691849477,0.06593406593406594
186,186,186,10105,41.0,100.0,15,8690.36,2/11/2003 0:00,Shipped,1,2,2003,Classic Cars,207,S12_1108,Danish Wholesale Imports,31 12 3555,Vinb'ltet 34,0.6054475972663739,0.38461538461538464
187,187,187,10117,33.0,100.0,9,6034.38,4/16/2003 0:00,Shipped,2,4,2003,Classic Cars,207,S12_1108,"Dragon Souveniers, Ltd.",+65 221 7555,"Bronz Sok., Bronz Apt. 3/6 Tesvikiye",-0.21647573140985277,0.2967032967032967
188,188,188,10127,46.0,100.0,2,11279.2,6/3/2003 0:00,Shipped,2,6,2003,Classic Cars,207,S12_1108,Muscle Machine Inc,2125557413,4092 Furth Circle,1.1191496776890155,0.43956043956043955
189,189,189,10142,33.0,100.0,12,8023.29,8/8/2003 0:00,Shipped,3,8,2003,Classic Cars,207,S12_1108,Mini Gifts Distributors Ltd.,4155551450,5677 Strong St.,-0.21647573140985277,0.2967032967032967
190,190,190,10153,20.0,100.0,11,4904.0,9/28/2003 0:00,Shipped,3,9,2003,Classic Cars,207,S12_1108,Euro Shopping Channel,(91) 555 94 44,"C/ Moralzarzal, 86",-1.552101140508721,0.15384615384615385
191,191,191,10165,44.0,100.0,3,8594.52,10/22/2003 0:00,Shipped,4,10,2003,Classic Cars,207,S12_1108,"Dragon Souveniers, Ltd.",+65 221 7555,"Bronz Sok., Bronz Apt. 3/6 Tesvikiye",0.9136688455199589,0.4175824175824176
192,192,192,10176,33.0,100.0,2,7474.5,11/6/2003 0:00,Shipped,4,11,2003,Classic Cars,207,S12_1108,L'ordine Souveniers,0522-556555,Strada Provinciale 124,-0.21647573140985277,0.2967032967032967
193,193,193,10185,21.0,100.0,13,3883.74,11/14/2003 0:00,Shipped,4,11,2003,Classic Cars,207,S12_1108,Mini Creations Ltd.,5085559555,4575 Hillside Dr.,-1.4493607244241928,0.16483516483516483
194,194,194,10196,47.0,100.0,5,8887.7,11/26/2003 0:00,Shipped,4,11,2003,Classic Cars,207,S12_1108,Super Scale Inc.,2035559545,567 North Pendale Street,1.2218900937735437,0.45054945054945056
195,195,195,10208,46.0,100.0,13,8602.92,1/2/2004 0:00,Shipped,1,1,2004,Classic Cars,207,S12_1108,"Saveley & Henriot, Co.",78.32.5555,"2, rue du Commerce",1.1191496776890155,0.43956043956043955
196,196,196,10220,32.0,100.0,2,7181.44,2/12/2004 0:00,Shipped,1,2,2004,Classic Cars,207,S12_1108,"Clover Collections, Co.",+353 1862 1555,25 Maiden Lane,-0.3192161474943811,0.2857142857142857
197,197,197,10231,42.0,100.0,2,8378.58,3/19/2004 0:00,Shipped,1,3,2004,Classic Cars,207,S12_1108,CAF Imports,+34 913 728 555,"Merchants House, 27-30 Merchant's Quay",0.7081880133509022,0.3956043956043956
198,198,198,10247,44.0,100.0,2,10606.2,5/5/2004 0:00,Shipped,2,5,2004,Classic Cars,207,S12_1108,Suominen Souveniers,+358 9 8045 555,"Software Engineering Center, SEC Oy",0.9136688455199589,0.4175824175824176
199,199,199,10272,35.0,100.0,2,5818.4,7/20/2004 0:00,Shipped,3,7,2004,Classic Cars,207,S12_1108,Diecast Classics Inc.,2155551555,7586 Pompton St.,-0.010994899240796116,0.31868131868131866
200,200,200,10282,41.0,100.0,5,7071.27,8/20/2004 0:00,Shipped,3,8,2004,Classic Cars,207,S12_1108,Mini Gifts Distributors Ltd.,4155551450,5677 Strong St.,0.6054475972663739,0.38461538461538464
201,201,201,10293,46.0,100.0,8,8411.56,9/9/2004 0:00,Shipped,3,9,2004,Classic Cars,207,S12_1108,Amica Models & Co.,011-4988555,Via Monte Bianco 34,1.1191496776890155,0.43956043956043955
202,202,202,10306,31.0,100.0,13,6570.76,10/14/2004 0:00,Shipped,4,10,2004,Classic Cars,207,S12_1108,"AV Stores, Co.",(171) 555-1555,Fauntleroy Circus,-0.4219565635789094,0.27472527472527475
203,203,203,10314,38.0,100.0,5,7975.44,10/22/2004 0:00,Shipped,4,10,2004,Classic Cars,207,S12_1108,Heintze Collectables,86 21 3555,Smagsloget 45,0.2972263490127889,0.3516483516483517
204,204,204,10325,42.0,64.0,8,2688.0,11/5/2004 0:00,Shipped,4,11,2004,Classic Cars,207,S12_1108,Baane Mini Imports,07-98 9555,Erling Skakkes gate 78,0.7081880133509022,0.3956043956043956
205,205,205,10336,33.0,57.22,10,1888.26,11/20/2004 0:00,Shipped,4,11,2004,Classic Cars,207,S12_1108,"La Corne D'abondance, Co.",(1) 42.34.2555,"265, boulevard Charonne",-0.21647573140985277,0.2967032967032967
206,206,206,10348,48.0,52.36,8,2513.28,11/1/2004 0:00,Shipped,4,11,2004,Classic Cars,207,S12_1108,"Corrida Auto Replicas, Ltd",(91) 555 22 82,"C/ Araquil, 67",1.3246305098580722,0.46153846153846156
207,207,207,10359,42.0,100.0,8,4764.48,12/15/2004 0:00,Shipped,4,12,2004,Classic Cars,207,S12_1108,Reims Collectables,26.47.1555,59 rue de l'Abbaye,0.7081880133509022,0.3956043956043956
208,208,208,10371,32.0,100.0,6,3560.64,1/23/2005 0:00,Shipped,1,1,2005,Classic Cars,207,S12_1108,Mini Gifts Distributors Ltd.,4155551450,5677 Strong St.,-0.3192161474943811,0.2857142857142857
209,209,209,10382,34.0,100.0,10,3823.64,2/17/2005 0:00,Shipped,1,2,2005,Classic Cars,207,S12_1108,Mini Gifts Distributors Ltd.,4155551450,5677 Strong St.,-0.11373531532532445,0.3076923076923077
210,210,210,10395,33.0,69.12,1,2280.96,3/17/2005 0:00,Shipped,1,3,2005,Classic Cars,207,S12_1108,Lyon Souveniers,+33 1 46 62 7555,27 rue du Colonel Pierre Avia,-0.21647573140985277,0.2967032967032967
211,211,211,10413,36.0,100.0,2,8677.8,5/5/2005 0:00,Shipped,2,5,2005,Classic Cars,207,S12_1108,Gift Depot Inc.,2035552570,25593 South Bay Ln.,0.09174551684373221,0.32967032967032966
212,212,212,10103,27.0,100.0,8,3394.98,1/29/2003 0:00,Shipped,1,1,2003,Trucks and Buses,136,S12_1666,Baane Mini Imports,07-98 9555,Erling Skakkes gate 78,-0.8329182279170227,0.23076923076923078
213,213,213,10113,21.0,100.0,2,3415.44,3/26/2003 0:00,Shipped,1,3,2003,Trucks and Buses,136,S12_1666,Mini Gifts Distributors Ltd.,4155551450,5677 Strong St.,-1.4493607244241928,0.16483516483516483
214,214,214,10126,21.0,100.0,8,2439.57,5/28/2003 0:00,Shipped,2,5,2003,Trucks and Buses,136,S12_1666,"Corrida Auto Replicas, Ltd",(91) 555 22 82,"C/ Araquil, 67",-1.4493607244241928,0.16483516483516483
215,215,215,10140,38.0,100.0,8,4829.8,7/24/2003 0:00,Shipped,3,7,2003,Trucks and Buses,136,S12_1666,Technics Stores Inc.,6505556809,9408 Furth Circle,0.2972263490127889,0.3516483516483517
216,216,216,10150,30.0,100.0,5,4100.1,9/19/2003 0:00,Shipped,3,9,2003,Trucks and Buses,136,S12_1666,"Dragon Souveniers, Ltd.",+65 221 7555,"Bronz Sok., Bronz Apt. 3/6 Tesvikiye",-0.5246969796634378,0.26373626373626374
217,217,217,10164,49.0,100.0,6,6563.06,10/21/2003 0:00,Resolved,4,10,2003,Trucks and Buses,136,S12_1666,Mini Auto Werke,7675-3555,Kirchgasse 6,1.4273709259426004,0.4725274725274725
218,218,218,10174,43.0,100.0,1,6817.22,11/6/2003 0:00,Shipped,4,11,2003,Trucks and Buses,136,S12_1666,"Australian Gift Network, Co",61-7-3844-6555,31 Duncan St. West End,0.8109284294354305,0.4065934065934066
219,219,219,10183,41.0,100.0,5,6163.94,11/13/2003 0:00,Shipped,4,11,2003,Trucks and Buses,136,S12_1666,"Classic Gift Ideas, Inc",2155554695,782 First Street,0.6054475972663739,0.38461538461538464
220,220,220,10194,38.0,100.0,8,4933.92,11/25/2003 0:00,Shipped,4,11,2003,Trucks and Buses,136,S12_1666,"Saveley & Henriot, Co.",78.32.5555,"2, rue du Commerce",0.2972263490127889,0.3516483516483517
221,221,221,10206,28.0,100.0,3,4056.36,12/5/2003 0:00,Shipped,4,12,2003,Trucks and Buses,136,S12_1666,Canadian Gift Exchange Network,(604) 555-3392,1900 Oak St.,-0.7301778118324944,0.24175824175824176
222,222,222,10216,43.0,100.0,1,5759.42,2/2/2004 0:00,Shipped,1,2,2004,Trucks and Buses,136,S12_1666,Auto Assoc. & Cie.,30.59.8555,"67, avenue de l'Europe",0.8109284294354305,0.4065934065934066
223,223,223,10229,25.0,100.0,13,3451.0,3/11/2004 0:00,Shipped,1,3,2004,Trucks and Buses,136,S12_1666,Mini Gifts Distributors Ltd.,4155551450,5677 Strong St.,-1.0383990600860795,0.2087912087912088
224,224,224,10245,38.0,100.0,6,5920.4,5/4/2004 0:00,Shipped,2,5,2004,Trucks and Buses,136,S12_1666,Super Scale Inc.,2035559545,567 North Pendale Street,0.2972263490127889,0.3516483516483517
225,225,225,10258,41.0,100.0,3,6668.24,6/15/2004 0:00,Shipped,2,6,2004,Trucks and Buses,136,S12_1666,"Tokyo Collectables, Ltd",+81 3 3584 0555,2-2-8 Roppongi,0.6054475972663739,0.38461538461538464
226,226,226,10270,28.0,100.0,6,4094.72,7/19/2004 0:00,Shipped,3,7,2004,Trucks and Buses,136,S12_1666,Souveniers And Things Co.,+61 2 9495 8555,"Monitor Money Building, 815 Pacific Hwy",-0.7301778118324944,0.24175824175824176
227,227,227,10281,25.0,100.0,13,2938.5,8/19/2004 0:00,Shipped,3,8,2004,Trucks and Buses,136,S12_1666,Diecast Classics Inc.,2155551555,7586 Pompton St.,-1.0383990600860795,0.2087912087912088
228,228,228,10291,41.0,100.0,8,6387.8,9/8/2004 0:00,Shipped,3,9,2004,Trucks and Buses,136,S12_1666,Scandinavian Gift Ideas,0695-34 6555,?kergatan 24,0.6054475972663739,0.38461538461538464
229,229,229,10304,39.0,100.0,3,6396.0,10/11/2004 0:00,Shipped,4,10,2004,Trucks and Buses,136,S12_1666,Auto Assoc. & Cie.,30.59.8555,"67, avenue de l'Europe",0.3999667650973172,0.3626373626373626
230,230,230,10313,21.0,100.0,11,2669.1,10/22/2004 0:00,Shipped,4,10,2004,Trucks and Buses,136,S12_1666,Canadian Gift Exchange Network,(604) 555-3392,1900 Oak St.,-1.4493607244241928,0.16483516483516483
231,231,231,10322,27.0,100.0,9,4784.13,11/4/2004 0:00,Shipped,4,11,2004,Trucks and Buses,136,S12_1666,Online Diecast Creations Co.,6035558647,2304 Long Airport Avenue,-0.8329182279170227,0.23076923076923078
232,232,232,10333,33.0,99.21,6,3273.93,11/18/2004 0:00,Shipped,4,11,2004,Trucks and Buses,136,S12_1666,Mini Wheels Co.,6505555787,5557 North Pendale Street,-0.21647573140985277,0.2967032967032967
233,233,233,10347,29.0,100.0,3,3586.43,11/29/2004 0:00,Shipped,4,11,2004,Trucks and Buses,136,S12_1666,"Australian Collectors, Co.",03 9520 4555,636 St Kilda Road,-0.6274373957479661,0.25274725274725274
234,234,234,10357,49.0,100.0,8,5960.36,12/10/2004 0:00,Shipped,4,12,2004,Trucks and Buses,136,S12_1666,Mini Gifts Distributors Ltd.,4155551450,5677 Strong St.,1.4273709259426004,0.4725274725274725
235,235,235,10370,49.0,100.0,8,8470.14,1/20/2005 0:00,Shipped,1,1,2005,Trucks and Buses,136,S12_1666,"Anna's Decorations, Ltd",02 9936 8555,201 Miller Street,1.4273709259426004,0.4725274725274725
236,236,236,10381,20.0,100.0,1,2952.0,2/17/2005 0:00,Shipped,1,2,2005,Trucks and Buses,136,S12_1666,Corporate Gift Ideas Co.,6505551386,7734 Strong St.,-1.552101140508721,0.15384615384615385
237,237,237,10391,39.0,63.2,9,2464.8,3/9/2005 0:00,Shipped,1,3,2005,Trucks and Buses,136,S12_1666,"Anna's Decorations, Ltd",02 9936 8555,201 Miller Street,0.3999667650973172,0.3626373626373626
238,238,238,10411,40.0,100.0,6,6232.0,5/1/2005 0:00,Shipped,2,5,2005,Trucks and Buses,136,S12_1666,Quebec Home Shopping Network,(514) 555-8054,43 rue St. Laurent,0.5027071811818455,0.37362637362637363
239,239,239,10424,49.0,100.0,3,7969.36,5/31/2005 0:00,In Process,2,5,2005,Trucks and Buses,136,S12_1666,Euro Shopping Channel,(91) 555 94 44,"C/ Moralzarzal, 86",1.4273709259426004,0.4725274725274725
240,240,240,10107,21.0,100.0,1,3036.6,2/24/2003 0:00,Shipped,1,2,2003,Motorcycles,150,S12_2823,Land of Toys Inc.,2125557818,897 Long Airport Avenue,-1.4493607244241928,0.16483516483516483
241,241,241,10121,50.0,100.0,4,8284.0,5/7/2003 0:00,Shipped,2,5,2003,Motorcycles,150,S12_2823,Reims Collectables,26.47.1555,59 rue de l'Abbaye,1.5301113420271288,0.4835164835164835
242,242,242,10134,20.0,100.0,1,2711.2,7/1/2003 0:00,Shipped,3,7,2003,Motorcycles,150,S12_2823,Lyon Souveniers,+33 1 46 62 7555,27 rue du Colonel Pierre Avia,-1.552101140508721,0.15384615384615385
243,243,243,10145,49.0,100.0,5,8339.8,8/25/2003 0:00,Shipped,3,8,2003,Motorcycles,150,S12_2823,Toys4GrownUps.com,6265557265,78934 Hillside Dr.,1.4273709259426004,0.4725274725274725
244,244,244,10159,38.0,100.0,13,6238.84,10/10/2003 0:00,Shipped,4,10,2003,Motorcycles,150,S12_2823,Corporate Gift Ideas Co.,6505551386,7734 Strong St.,0.2972263490127889,0.3516483516483517
245,245,245,10169,35.0,100.0,13,4639.25,11/4/2003 0:00,Shipped,4,11,2003,Motorcycles,150,S12_2823,"Anna's Decorations, Ltd",02 9936 8555,201 Miller Street,-0.010994899240796116,0.31868131868131866
246,246,246,10180,40.0,100.0,8,6747.6,11/11/2003 0:00,Shipped,4,11,2003,Motorcycles,150,S12_2823,Daedalus Designs Imports,20.16.1555,"184, chausse de Tournai",0.5027071811818455,0.37362637362637363
247,247,247,10189,28.0,100.0,1,4512.48,11/18/2003 0:00,Shipped,4,11,2003,Motorcycles,150,S12_2823,Toys4GrownUps.com,6265557265,78934 Hillside Dr.,-0.7301778118324944,0.24175824175824176
248,248,248,10201,25.0,100.0,1,4029.0,12/1/2003 0:00,Shipped,4,12,2003,Motorcycles,150,S12_2823,Mini Wheels Co.,6505555787,5557 North Pendale Street,-1.0383990600860795,0.2087912087912088
249,249,249,10211,36.0,100.0,13,4771.8,1/15/2004 0:00,Shipped,1,1,2004,Motorcycles,150,S12_2823,Auto Canal Petit,(1) 47.55.6555,"25, rue Lauriston",0.09174551684373221,0.32967032967032966
250,250,250,10224,43.0,100.0,6,6087.94,2/21/2004 0:00,Shipped,1,2,2004,Motorcycles,150,S12_2823,Daedalus Designs Imports,20.16.1555,"184, chausse de Tournai",0.8109284294354305,0.4065934065934066
251,251,251,10237,32.0,100.0,6,4193.28,4/5/2004 0:00,Shipped,2,4,2004,Motorcycles,150,S12_2823,Vitachrome Inc.,2125551500,2678 Kingston Rd.,-0.3192161474943811,0.2857142857142857
252,252,252,10251,46.0,100.0,1,7552.28,5/18/2004 0:00,Shipped,2,5,2004,Motorcycles,150,S12_2823,Tekni Collectables Inc.,2015559350,7476 Moss Rd.,1.1191496776890155,0.43956043956043955
253,253,253,10263,48.0,100.0,1,6434.4,6/28/2004 0:00,Shipped,2,6,2004,Motorcycles,150,S12_2823,Gift Depot Inc.,2035552570,25593 South Bay Ln.,1.3246305098580722,0.46153846153846156
254,254,254,10276,43.0,100.0,14,5181.5,8/2/2004 0:00,Shipped,3,8,2004,Motorcycles,150,S12_2823,Online Mini Collectables,6175557555,7635 Spinnaker Dr.,0.8109284294354305,0.4065934065934066
255,255,255,10285,49.0,100.0,5,6863.92,8/27/2004 0:00,Shipped,3,8,2004,Motorcycles,150,S12_2823,Marta's Replicas Co.,6175558555,39323 Spinnaker Dr.,1.4273709259426004,0.4725274725274725
256,256,256,10299,24.0,100.0,8,4157.04,9/30/2004 0:00,Shipped,3,9,2004,Motorcycles,150,S12_2823,"Toys of Finland, Co.",90-224 8555,Keskuskatu 45,-1.1411394761706077,0.1978021978021978
257,257,257,10309,26.0,100.0,4,4660.24,10/15/2004 0:00,Shipped,4,10,2004,Motorcycles,150,S12_2823,Baane Mini Imports,07-98 9555,Erling Skakkes gate 78,-0.9356586440015511,0.21978021978021978
258,258,258,10319,30.0,100.0,9,4111.8,11/3/2004 0:00,Shipped,4,11,2004,Motorcycles,150,S12_2823,Microscale Inc.,2125551957,5290 North Pendale Street,-0.5246969796634378,0.26373626373626374
259,259,259,10329,24.0,100.0,6,3542.64,11/15/2004 0:00,Shipped,4,11,2004,Motorcycles,150,S12_2823,Land of Toys Inc.,2125557818,897 Long Airport Avenue,-1.1411394761706077,0.1978021978021978
260,260,260,10341,55.0,100.0,8,8118.55,11/24/2004 0:00,Shipped,4,11,2004,Motorcycles,150,S12_2823,Salzburg Collectables,6562-9555,Geislweg 14,2.0438134224497704,0.5384615384615384
261,261,261,10362,22.0,100.0,1,3877.06,1/5/2005 0:00,Shipped,1,1,2005,Motorcycles,150,S12_2823,Technics Stores Inc.,6505556809,9408 Furth Circle,-1.3466203083396644,0.17582417582417584
262,262,262,10375,49.0,78.92,13,3867.08,2/3/2005 0:00,Shipped,1,2,2005,Motorcycles,150,S12_2823,La Rochelle Gifts,40.67.8555,"67, rue des Cinquante Otages",1.4273709259426004,0.4725274725274725
263,263,263,10388,44.0,100.0,6,5951.44,3/3/2005 0:00,Shipped,1,3,2005,Motorcycles,150,S12_2823,FunGiftIdeas.com,5085552555,1785 First Street,0.9136688455199589,0.4175824175824176
264,264,264,10403,66.0,100.0,6,8648.64,4/8/2005 0:00,Shipped,2,4,2005,Motorcycles,150,S12_2823,"UK Collectables, Ltd.",(171) 555-2282,Berkeley Gardens 12  Brewery,3.173957999379582,0.6593406593406593
265,265,265,10417,21.0,100.0,1,3447.78,5/13/2005 0:00,Disputed,2,5,2005,Motorcycles,150,S12_2823,Euro Shopping Channel,(91) 555 94 44,"C/ Moralzarzal, 86",-1.4493607244241928,0.16483516483516483
266,266,266,10104,34.0,100.0,1,5958.5,1/31/2003 0:00,Shipped,1,1,2003,Classic Cars,151,S12_3148,Euro Shopping Channel,(91) 555 94 44,"C/ Moralzarzal, 86",-0.11373531532532445,0.3076923076923077
267,267,267,10117,43.0,100.0,10,5911.64,4/16/2003 0:00,Shipped,2,4,2003,Classic Cars,151,S12_3148,"Dragon Souveniers, Ltd.",+65 221 7555,"Bronz Sok., Bronz Apt. 3/6 Tesvikiye",0.8109284294354305,0.4065934065934066
268,268,268,10127,46.0,100.0,3,7366.44,6/3/2003 0:00,Shipped,2,6,2003,Classic Cars,151,S12_3148,Muscle Machine Inc,2125557413,4092 Furth Circle,1.1191496776890155,0.43956043956043955
269,269,269,10142,33.0,100.0,13,4985.64,8/8/2003 0:00,Shipped,3,8,2003,Classic Cars,151,S12_3148,Mini Gifts Distributors Ltd.,4155551450,5677 Strong St.,-0.21647573140985277,0.2967032967032967
270,270,270,10153,42.0,100.0,12,5393.64,9/28/2003 0:00,Shipped,3,9,2003,Classic Cars,151,S12_3148,Euro Shopping Channel,(91) 555 94 44,"C/ Moralzarzal, 86",0.7081880133509022,0.3956043956043956
271,271,271,10165,34.0,100.0,4,4880.02,10/22/2003 0:00,Shipped,4,10,2003,Classic Cars,151,S12_3148,"Dragon Souveniers, Ltd.",+65 221 7555,"Bronz Sok., Bronz Apt. 3/6 Tesvikiye",-0.11373531532532445,0.3076923076923077
272,272,272,10176,47.0,100.0,3,8378.69,11/6/2003 0:00,Shipped,4,11,2003,Classic Cars,151,S12_3148,L'ordine Souveniers,0522-556555,Strada Provinciale 124,1.2218900937735437,0.45054945054945056
273,273,273,10185,33.0,100.0,14,4038.21,11/14/2003 0:00,Shipped,4,11,2003,Classic Cars,151,S12_3148,Mini Creations Ltd.,5085559555,4575 Hillside Dr.,-0.21647573140985277,0.2967032967032967
274,274,274,10196,24.0,100.0,6,3807.12,11/26/2003 0:00,Shipped,4,11,2003,Classic Cars,151,S12_3148,Super Scale Inc.,2035559545,567 North Pendale Street,-1.1411394761706077,0.1978021978021978
275,275,275,10208,26.0,100.0,14,3142.36,1/2/2004 0:00,Shipped,1,1,2004,Classic Cars,151,S12_3148,"Saveley & Henriot, Co.",78.32.5555,"2, rue du Commerce",-0.9356586440015511,0.21978021978021978
276,276,276,10220,30.0,100.0,3,4713.6,2/12/2004 0:00,Shipped,1,2,2004,Classic Cars,151,S12_3148,"Clover Collections, Co.",+353 1862 1555,25 Maiden Lane,-0.5246969796634378,0.26373626373626374
277,277,277,10230,43.0,100.0,1,7016.31,3/15/2004 0:00,Shipped,1,3,2004,Classic Cars,151,S12_3148,"Blauer See Auto, Co.",+49 69 66 90 2555,Lyonerstr. 34,0.8109284294354305,0.4065934065934066
278,278,278,10247,25.0,100.0,3,4381.25,5/5/2004 0:00,Shipped,2,5,2004,Classic Cars,151,S12_3148,Suominen Souveniers,+358 9 8045 555,"Software Engineering Center, SEC Oy",-1.0383990600860795,0.2087912087912088
279,279,279,10272,27.0,100.0,3,4283.01,7/20/2004 0:00,Shipped,3,7,2004,Classic Cars,151,S12_3148,Diecast Classics Inc.,2155551555,7586 Pompton St.,-0.8329182279170227,0.23076923076923078
280,280,280,10282,27.0,100.0,6,4364.82,8/20/2004 0:00,Shipped,3,8,2004,Classic Cars,151,S12_3148,Mini Gifts Distributors Ltd.,4155551450,5677 Strong St.,-0.8329182279170227,0.23076923076923078
281,281,281,10293,24.0,100.0,9,4242.24,9/9/2004 0:00,Shipped,3,9,2004,Classic Cars,151,S12_3148,Amica Models & Co.,011-4988555,Via Monte Bianco 34,-1.1411394761706077,0.1978021978021978
282,282,282,10306,34.0,100.0,14,4982.7,10/14/2004 0:00,Shipped,4,10,2004,Classic Cars,151,S12_3148,"AV Stores, Co.",(171) 555-1555,Fauntleroy Circus,-0.11373531532532445,0.3076923076923077
283,283,283,10314,46.0,100.0,6,6393.54,10/22/2004 0:00,Shipped,4,10,2004,Classic Cars,151,S12_3148,Heintze Collectables,86 21 3555,Smagsloget 45,1.1191496776890155,0.43956043956043955
284,284,284,10324,27.0,54.33,1,1466.91,11/5/2004 0:00,Shipped,4,11,2004,Classic Cars,151,S12_3148,Vitachrome Inc.,2125551500,2678 Kingston Rd.,-0.8329182279170227,0.23076923076923078
285,285,285,10336,33.0,100.0,11,4059.33,11/20/2004 0:00,Shipped,4,11,2004,Classic Cars,151,S12_3148,"La Corne D'abondance, Co.",(1) 42.34.2555,"265, boulevard Charonne",-0.21647573140985277,0.2967032967032967
286,286,286,10348,47.0,100.0,4,4801.52,11/1/2004 0:00,Shipped,4,11,2004,Classic Cars,151,S12_3148,"Corrida Auto Replicas, Ltd",(91) 555 22 82,"C/ Araquil, 67",1.2218900937735437,0.45054945054945056
287,287,287,10358,49.0,55.34,5,2711.66,12/10/2004 0:00,Shipped,4,12,2004,Classic Cars,151,S12_3148,Euro Shopping Channel,(91) 555 94 44,"C/ Moralzarzal, 86",1.4273709259426004,0.4725274725274725
288,288,288,10372,40.0,100.0,4,5862.0,1/26/2005 0:00,Shipped,1,1,2005,Classic Cars,151,S12_3148,"Tokyo Collectables, Ltd",+81 3 3584 0555,2-2-8 Roppongi,0.5027071811818455,0.37362637362637363
289,289,289,10382,37.0,100.0,11,4071.85,2/17/2005 0:00,Shipped,1,2,2005,Classic Cars,151,S12_3148,Mini Gifts Distributors Ltd.,4155551450,5677 Strong St.,0.19448593292826055,0.34065934065934067
290,290,290,10413,47.0,100.0,3,8236.75,5/5/2005 0:00,Shipped,2,5,2005,Classic Cars,151,S12_3148,Gift Depot Inc.,2035552570,25593 South Bay Ln.,1.2218900937735437,0.45054945054945056
291,291,291,10108,45.0,100.0,4,6130.35,3/3/2003 0:00,Shipped,1,3,2003,Classic Cars,117,S12_3380,Cruz & Sons Co.,+63 2 555 3587,15 McCallum Street - NatWest Center #13-03,1.016409261604487,0.42857142857142855
292,292,292,10122,37.0,99.82,8,3693.34,5/8/2003 0:00,Shipped,2,5,2003,Classic Cars,117,S12_3380,Marseille Mini Autos,91.24.4555,"12, rue des Bouchers",0.19448593292826055,0.34065934065934067
293,293,293,10135,48.0,100.0,5,6031.68,7/2/2003 0:00,Shipped,3,7,2003,Classic Cars,117,S12_3380,Mini Gifts Distributors Ltd.,4155551450,5677 Strong St.,1.3246305098580722,0.46153846153846156
294,294,294,10147,31.0,100.0,5,3494.94,9/5/2003 0:00,Shipped,3,9,2003,Classic Cars,117,S12_3380,Collectables For Less Inc.,6175558555,7825 Douglas Av.,-0.4219565635789094,0.27472527472527475
295,295,295,10160,46.0,100.0,6,5294.14,10/11/2003 0:00,Shipped,4,10,2003,Classic Cars,117,S12_3380,"Men 'R' US Retailers, Ltd.",2155554369,6047 Douglas Av.,1.1191496776890155,0.43956043956043955
296,296,296,10170,47.0,100.0,4,5464.69,11/4/2003 0:00,Shipped,4,11,2003,Classic Cars,117,S12_3380,Mini Auto Werke,7675-3555,Kirchgasse 6,1.2218900937735437,0.45054945054945056
297,297,297,10181,28.0,100.0,12,2860.76,11/12/2003 0:00,Shipped,4,11,2003,Classic Cars,117,S12_3380,Herkku Gifts,+47 2267 3215,"Drammen 121, PR 744 Sentrum",-0.7301778118324944,0.24175824175824176
298,298,298,10191,40.0,100.0,1,5590.0,11/20/2003 0:00,Shipped,4,11,2003,Classic Cars,117,S12_3380,"Toms Spezialitten, Ltd",0221-5554327,Mehrheimerstr. 369,0.5027071811818455,0.37362637362637363
299,299,299,10203,20.0,100.0,6,2254.8,12/2/2003 0:00,Shipped,4,12,2003,Classic Cars,117,S12_3380,Euro Shopping Channel,(91) 555 94 44,"C/ Moralzarzal, 86",-1.552101140508721,0.15384615384615385
300,300,300,10212,39.0,100.0,16,4946.76,1/16/2004 0:00,Shipped,1,1,2004,Classic Cars,117,S12_3380,Euro Shopping Channel,(91) 555 94 44,"C/ Moralzarzal, 86",0.3999667650973172,0.3626373626373626
301,301,301,10225,25.0,99.82,7,2495.5,2/22/2004 0:00,Shipped,1,2,2004,Classic Cars,117,S12_3380,"Vida Sport, Ltd",0897-034555,Grenzacherweg 237,-1.0383990600860795,0.2087912087912088
302,302,302,10238,29.0,100.0,1,3167.38,4/9/2004 0:00,Shipped,2,4,2004,Classic Cars,117,S12_3380,Danish Wholesale Imports,31 12 3555,Vinb'ltet 34,-0.6274373957479661,0.25274725274725274
303,303,303,10253,22.0,100.0,11,2402.84,6/1/2004 0:00,Cancelled,2,6,2004,Classic Cars,117,S12_3380,"UK Collectables, Ltd.",(171) 555-2282,Berkeley Gardens 12  Brewery,-1.3466203083396644,0.17582417582417584
304,304,304,10266,22.0,100.0,12,2454.54,7/6/2004 0:00,Shipped,3,7,2004,Classic Cars,117,S12_3380,L'ordine Souveniers,0522-556555,Strada Provinciale 124,-1.3466203083396644,0.17582417582417584
305,305,305,10276,47.0,100.0,1,5464.69,8/2/2004 0:00,Shipped,3,8,2004,Classic Cars,117,S12_3380,Online Mini Collectables,6175557555,7635 Spinnaker Dr.,1.2218900937735437,0.45054945054945056
306,306,306,10287,45.0,100.0,10,4756.5,8/30/2004 0:00,Shipped,3,8,2004,Classic Cars,117,S12_3380,"Vida Sport, Ltd",0897-034555,Grenzacherweg 237,1.016409261604487,0.42857142857142855
307,307,307,10300,29.0,100.0,3,3984.6,10/4/2003 0:00,Shipped,4,10,2003,Classic Cars,117,S12_3380,"Blauer See Auto, Co.",+49 69 66 90 2555,Lyonerstr. 34,-0.6274373957479661,0.25274725274725274
308,308,308,10310,24.0,100.0,8,3100.32,10/16/2004 0:00,Shipped,4,10,2004,Classic Cars,117,S12_3380,"Toms Spezialitten, Ltd",0221-5554327,Mehrheimerstr. 369,-1.1411394761706077,0.1978021978021978
309,309,309,10320,35.0,100.0,1,4850.3,11/3/2004 0:00,Shipped,4,11,2004,Classic Cars,117,S12_3380,"Volvo Model Replicas, Co",0921-12 3555,Berguvsvgen  8,-0.010994899240796116,0.31868131868131866
310,310,310,10329,46.0,83.63,13,3846.98,11/15/2004 0:00,Shipped,4,11,2004,Classic Cars,117,S12_3380,Land of Toys Inc.,2125557818,897 Long Airport Avenue,1.1191496776890155,0.43956043956043955
311,311,311,10341,44.0,95.93,1,4220.92,11/24/2004 0:00,Shipped,4,11,2004,Classic Cars,117,S12_3380,Salzburg Collectables,6562-9555,Geislweg 14,0.9136688455199589,0.4175824175824176
312,312,312,10363,34.0,96.73,4,3288.82,1/6/2005 0:00,Shipped,1,1,2005,Classic Cars,117,S12_3380,Suominen Souveniers,+358 9 8045 555,"Software Engineering Center, SEC Oy",-0.11373531532532445,0.3076923076923077
313,313,313,10376,35.0,100.0,1,3987.2,2/8/2005 0:00,Shipped,1,2,2005,Classic Cars,117,S12_3380,Boards & Toys Co.,3105552373,4097 Douglas Av.,-0.010994899240796116,0.31868131868131866
314,314,314,10389,25.0,72.38,6,1809.5,3/3/2005 0:00,Shipped,1,3,2005,Classic Cars,117,S12_3380,Scandinavian Gift Ideas,0695-34 6555,?kergatan 24,-1.0383990600860795,0.2087912087912088
315,315,315,10419,10.0,100.0,11,1092.2,5/17/2005 0:00,Shipped,2,5,2005,Classic Cars,117,S12_3380,Salzburg Collectables,6562-9555,Geislweg 14,-2.5795053013540046,0.04395604395604396
316,316,316,10105,29.0,100.0,14,4566.05,2/11/2003 0:00,Shipped,1,2,2003,Classic Cars,173,S12_3891,Danish Wholesale Imports,31 12 3555,Vinb'ltet 34,-0.6274373957479661,0.25274725274725274
317,317,317,10117,39.0,100.0,8,5938.14,4/16/2003 0:00,Shipped,2,4,2003,Classic Cars,173,S12_3891,"Dragon Souveniers, Ltd.",+65 221 7555,"Bronz Sok., Bronz Apt. 3/6 Tesvikiye",0.3999667650973172,0.3626373626373626
318,318,318,10127,42.0,100.0,1,8138.76,6/3/2003 0:00,Shipped,2,6,2003,Classic Cars,173,S12_3891,Muscle Machine Inc,2125557413,4092 Furth Circle,0.7081880133509022,0.3956043956043956
319,319,319,10142,46.0,100.0,11,9470.94,8/8/2003 0:00,Shipped,3,8,2003,Classic Cars,173,S12_3891,Mini Gifts Distributors Ltd.,4155551450,5677 Strong St.,1.1191496776890155,0.43956043956043955
320,320,320,10153,49.0,100.0,10,7036.89,9/28/2003 0:00,Shipped,3,9,2003,Classic Cars,173,S12_3891,Euro Shopping Channel,(91) 555 94 44,"C/ Moralzarzal, 86",1.4273709259426004,0.4725274725274725
321,321,321,10165,27.0,100.0,2,5559.03,10/22/2003 0:00,Shipped,4,10,2003,Classic Cars,173,S12_3891,"Dragon Souveniers, Ltd.",+65 221 7555,"Bronz Sok., Bronz Apt. 3/6 Tesvikiye",-0.8329182279170227,0.23076923076923078
322,322,322,10176,50.0,100.0,1,7872.5,11/6/2003 0:00,Shipped,4,11,2003,Classic Cars,173,S12_3891,L'ordine Souveniers,0522-556555,Strada Provinciale 124,1.5301113420271288,0.4835164835164835
323,323,323,10185,43.0,100.0,12,7886.2,11/14/2003 0:00,Shipped,4,11,2003,Classic Cars,173,S12_3891,Mini Creations Ltd.,5085559555,4575 Hillside Dr.,0.8109284294354305,0.4065934065934066
324,324,324,10196,38.0,100.0,4,7232.16,11/26/2003 0:00,Shipped,4,11,2003,Classic Cars,173,S12_3891,Super Scale Inc.,2035559545,567 North Pendale Street,0.2972263490127889,0.3516483516483517
325,325,325,10208,20.0,100.0,12,3114.4,1/2/2004 0:00,Shipped,1,1,2004,Classic Cars,173,S12_3891,"Saveley & Henriot, Co.",78.32.5555,"2, rue du Commerce",-1.552101140508721,0.15384615384615385
326,326,326,10220,27.0,100.0,1,5045.22,2/12/2004 0:00,Shipped,1,2,2004,Classic Cars,173,S12_3891,"Clover Collections, Co.",+353 1862 1555,25 Maiden Lane,-0.8329182279170227,0.23076923076923078
327,327,327,10231,49.0,100.0,1,6952.12,3/19/2004 0:00,Shipped,1,3,2004,Classic Cars,173,S12_3891,CAF Imports,+34 913 728 555,"Merchants House, 27-30 Merchant's Quay",1.4273709259426004,0.4725274725274725
328,328,328,10247,27.0,100.0,1,4157.73,5/5/2004 0:00,Shipped,2,5,2004,Classic Cars,173,S12_3891,Suominen Souveniers,+358 9 8045 555,"Software Engineering Center, SEC Oy",-0.8329182279170227,0.23076923076923078
329,329,329,10272,39.0,100.0,1,7962.24,7/20/2004 0:00,Shipped,3,7,2004,Classic Cars,173,S12_3891,Diecast Classics Inc.,2155551555,7586 Pompton St.,0.3999667650973172,0.3626373626373626
330,330,330,10282,24.0,100.0,4,3778.8,8/20/2004 0:00,Shipped,3,8,2004,Classic Cars,173,S12_3891,Mini Gifts Distributors Ltd.,4155551450,5677 Strong St.,-1.1411394761706077,0.1978021978021978
331,331,331,10293,45.0,100.0,7,8253.0,9/9/2004 0:00,Shipped,3,9,2004,Classic Cars,173,S12_3891,Amica Models & Co.,011-4988555,Via Monte Bianco 34,1.016409261604487,0.42857142857142855
332,332,332,10306,20.0,100.0,12,3633.4,10/14/2004 0:00,Shipped,4,10,2004,Classic Cars,173,S12_3891,"AV Stores, Co.",(171) 555-1555,Fauntleroy Circus,-1.552101140508721,0.15384615384615385
333,333,333,10314,36.0,100.0,4,6913.8,10/22/2004 0:00,Shipped,4,10,2004,Classic Cars,173,S12_3891,Heintze Collectables,86 21 3555,Smagsloget 45,0.09174551684373221,0.32967032967032966
334,334,334,10325,24.0,100.0,1,2583.6,11/5/2004 0:00,Shipped,4,11,2004,Classic Cars,173,S12_3891,Baane Mini Imports,07-98 9555,Erling Skakkes gate 78,-1.1411394761706077,0.1978021978021978
335,335,335,10336,49.0,63.38,1,3105.62,11/20/2004 0:00,Shipped,4,11,2004,Classic Cars,173,S12_3891,"La Corne D'abondance, Co.",(1) 42.34.2555,"265, boulevard Charonne",1.4273709259426004,0.4725274725274725
336,336,336,10349,26.0,100.0,10,4408.56,12/1/2004 0:00,Shipped,4,12,2004,Classic Cars,173,S12_3891,Muscle Machine Inc,2125557413,4092 Furth Circle,-0.9356586440015511,0.21978021978021978
337,337,337,10359,49.0,62.09,5,3042.41,12/15/2004 0:00,Shipped,4,12,2004,Classic Cars,173,S12_3891,Reims Collectables,26.47.1555,59 rue de l'Abbaye,1.4273709259426004,0.4725274725274725
338,338,338,10372,34.0,100.0,1,5941.5,1/26/2005 0:00,Shipped,1,1,2005,Classic Cars,173,S12_3891,"Tokyo Collectables, Ltd",+81 3 3584 0555,2-2-8 Roppongi,-0.11373531532532445,0.3076923076923077
339,339,339,10382,34.0,95.35,12,3241.9,2/17/2005 0:00,Shipped,1,2,2005,Classic Cars,173,S12_3891,Mini Gifts Distributors Ltd.,4155551450,5677 Strong St.,-0.11373531532532445,0.3076923076923077
340,340,340,10396,33.0,100.0,3,6109.29,3/23/2005 0:00,Shipped,1,3,2005,Classic Cars,173,S12_3891,Mini Gifts Distributors Ltd.,4155551450,5677 Strong St.,-0.21647573140985277,0.2967032967032967
341,341,341,10413,22.0,100.0,1,3387.78,5/5/2005 0:00,Shipped,2,5,2005,Classic Cars,173,S12_3891,Gift Depot Inc.,2035552570,25593 South Bay Ln.,-1.3466203083396644,0.17582417582417584
342,342,342,10108,39.0,89.38,7,3485.82,3/3/2003 0:00,Shipped,1,3,2003,Classic Cars,79,S12_3990,Cruz & Sons Co.,+63 2 555 3587,15 McCallum Street - NatWest Center #13-03,0.3999667650973172,0.3626373626373626
343,343,343,10122,32.0,63.84,11,2042.88,5/8/2003 0:00,Shipped,2,5,2003,Classic Cars,79,S12_3990,Marseille Mini Autos,91.24.4555,"12, rue des Bouchers",-0.3192161474943811,0.2857142857142857
344,344,344,10135,24.0,75.01,8,1800.24,7/2/2003 0:00,Shipped,3,7,2003,Classic Cars,79,S12_3990,Mini Gifts Distributors Ltd.,4155551450,5677 Strong St.,-1.1411394761706077,0.1978021978021978
345,345,345,10147,21.0,63.84,8,1340.64,9/5/2003 0:00,Shipped,3,9,2003,Classic Cars,79,S12_3990,Collectables For Less Inc.,6175558555,7825 Douglas Av.,-1.4493607244241928,0.16483516483516483
346,346,346,10159,24.0,73.42,3,1762.08,10/10/2003 0:00,Shipped,4,10,2003,Classic Cars,79,S12_3990,Corporate Gift Ideas Co.,6505551386,7734 Strong St.,-1.1411394761706077,0.1978021978021978
347,347,347,10169,36.0,63.84,3,2298.24,11/4/2003 0:00,Shipped,4,11,2003,Classic Cars,79,S12_3990,"Anna's Decorations, Ltd",02 9936 8555,201 Miller Street,0.09174551684373221,0.32967032967032966
348,348,348,10181,20.0,81.4,15,1628.0,11/12/2003 0:00,Shipped,4,11,2003,Classic Cars,79,S12_3990,Herkku Gifts,+47 2267 3215,"Drammen 121, PR 744 Sentrum",-1.552101140508721,0.15384615384615385
349,349,349,10191,30.0,64.64,4,1939.2,11/20/2003 0:00,Shipped,4,11,2003,Classic Cars,79,S12_3990,"Toms Spezialitten, Ltd",0221-5554327,Mehrheimerstr. 369,-0.5246969796634378,0.26373626373626374
350,350,350,10203,44.0,82.99,9,3651.56,12/2/2003 0:00,Shipped,4,12,2003,Classic Cars,79,S12_3990,Euro Shopping Channel,(91) 555 94 44,"C/ Moralzarzal, 86",0.9136688455199589,0.4175824175824176
351,351,351,10211,28.0,92.57,3,2591.96,1/15/2004 0:00,Shipped,1,1,2004,Classic Cars,79,S12_3990,Auto Canal Petit,(1) 47.55.6555,"25, rue Lauriston",-0.7301778118324944,0.24175824175824176
352,352,352,10225,37.0,77.41,10,2864.17,2/22/2004 0:00,Shipped,1,2,2004,Classic Cars,79,S12_3990,"Vida Sport, Ltd",0897-034555,Grenzacherweg 237,0.19448593292826055,0.34065934065934067
353,353,353,10238,20.0,74.21,4,1484.2,4/9/2004 0:00,Shipped,2,4,2004,Classic Cars,79,S12_3990,Danish Wholesale Imports,31 12 3555,Vinb'ltet 34,-1.552101140508721,0.15384615384615385
354,354,354,10253,25.0,90.17,14,2254.25,6/1/2004 0:00,Cancelled,2,6,2004,Classic Cars,79,S12_3990,"UK Collectables, Ltd.",(171) 555-2282,Berkeley Gardens 12  Brewery,-1.0383990600860795,0.2087912087912088
355,355,355,10266,35.0,76.61,15,2681.35,7/6/2004 0:00,Shipped,3,7,2004,Classic Cars,79,S12_3990,L'ordine Souveniers,0522-556555,Strada Provinciale 124,-0.010994899240796116,0.31868131868131866
356,356,356,10276,38.0,83.79,4,3184.02,8/2/2004 0:00,Shipped,3,8,2004,Classic Cars,79,S12_3990,Online Mini Collectables,6175557555,7635 Spinnaker Dr.,0.2972263490127889,0.3516483516483517
357,357,357,10287,41.0,69.43,13,2846.63,8/30/2004 0:00,Shipped,3,8,2004,Classic Cars,79,S12_3990,"Vida Sport, Ltd",0897-034555,Grenzacherweg 237,0.6054475972663739,0.38461538461538464
358,358,358,10300,22.0,76.61,6,1685.42,10/4/2003 0:00,Shipped,4,10,2003,Classic Cars,79,S12_3990,"Blauer See Auto, Co.",+49 69 66 90 2555,Lyonerstr. 34,-1.3466203083396644,0.17582417582417584
359,359,359,10310,49.0,81.4,11,3988.6,10/16/2004 0:00,Shipped,4,10,2004,Classic Cars,79,S12_3990,"Toms Spezialitten, Ltd",0221-5554327,Mehrheimerstr. 369,1.4273709259426004,0.4725274725274725
360,360,360,10320,38.0,73.42,4,2789.96,11/3/2004 0:00,Shipped,4,11,2004,Classic Cars,79,S12_3990,"Volvo Model Replicas, Co",0921-12 3555,Berguvsvgen  8,0.2972263490127889,0.3516483516483517
361,361,361,10329,33.0,100.0,14,3607.56,11/15/2004 0:00,Shipped,4,11,2004,Classic Cars,79,S12_3990,Land of Toys Inc.,2125557818,897 Long Airport Avenue,-0.21647573140985277,0.2967032967032967
362,362,362,10341,36.0,93.56,10,3368.16,11/24/2004 0:00,Shipped,4,11,2004,Classic Cars,79,S12_3990,Salzburg Collectables,6562-9555,Geislweg 14,0.09174551684373221,0.32967032967032966
363,363,363,10363,34.0,81.62,5,2775.08,1/6/2005 0:00,Shipped,1,1,2005,Classic Cars,79,S12_3990,Suominen Souveniers,+358 9 8045 555,"Software Engineering Center, SEC Oy",-0.11373531532532445,0.3076923076923077
364,364,364,10377,24.0,67.83,5,1627.92,2/9/2005 0:00,Shipped,1,2,2005,Classic Cars,79,S12_3990,"Toys of Finland, Co.",90-224 8555,Keskuskatu 45,-1.1411394761706077,0.1978021978021978
365,365,365,10389,36.0,70.26,7,2529.36,3/3/2005 0:00,Shipped,1,3,2005,Classic Cars,79,S12_3990,Scandinavian Gift Ideas,0695-34 6555,?kergatan 24,0.09174551684373221,0.32967032967032966
366,366,366,10419,34.0,90.17,14,3065.78,5/17/2005 0:00,Shipped,2,5,2005,Classic Cars,79,S12_3990,Salzburg Collectables,6562-9555,Geislweg 14,-0.11373531532532445,0.3076923076923077
367,367,367,10104,41.0,100.0,9,4615.78,1/31/2003 0:00,Shipped,1,1,2003,Trucks and Buses,118,S12_4473,Euro Shopping Channel,(91) 555 94 44,"C/ Moralzarzal, 86",0.6054475972663739,0.38461538461538464
368,368,368,10115,46.0,100.0,5,5723.78,4/4/2003 0:00,Shipped,2,4,2003,Trucks and Buses,118,S12_4473,Classic Legends Inc.,2125558493,5905 Pompton St.,1.1191496776890155,0.43956043956043955
369,369,369,10127,24.0,100.0,11,2559.6,6/3/2003 0:00,Shipped,2,6,2003,Trucks and Buses,118,S12_4473,Muscle Machine Inc,2125557413,4092 Furth Circle,-1.1411394761706077,0.1978021978021978
370,371,371,10151,24.0,100.0,3,3327.6,9/21/2003 0:00,Shipped,3,9,2003,Trucks and Buses,118,S12_4473,"Oulu Toy Supplies, Inc.",981-443655,Torikatu 38,-1.1411394761706077,0.1978021978021978
371,372,372,10165,48.0,100.0,12,6825.6,10/22/2003 0:00,Shipped,4,10,2003,Trucks and Buses,118,S12_4473,"Dragon Souveniers, Ltd.",+65 221 7555,"Bronz Sok., Bronz Apt. 3/6 Tesvikiye",1.3246305098580722,0.46153846153846156
372,373,373,10175,26.0,100.0,1,3543.28,11/6/2003 0:00,Shipped,4,11,2003,Trucks and Buses,118,S12_4473,"Stylish Desk Decors, Co.",(171) 555-0297,35 King George,-0.9356586440015511,0.21978021978021978
373,374,374,10184,37.0,100.0,6,4516.22,11/14/2003 0:00,Shipped,4,11,2003,Trucks and Buses,118,S12_4473,"Iberia Gift Imports, Corp.",(95) 555 82 82,"C/ Romero, 33",0.19448593292826055,0.34065934065934067
374,375,375,10195,49.0,100.0,6,6445.46,11/25/2003 0:00,Shipped,4,11,2003,Trucks and Buses,118,S12_4473,Mini Classics,9145554562,3758 North Pendale Street,1.4273709259426004,0.4725274725274725
375,376,376,10207,34.0,99.54,7,3384.36,12/9/2003 0:00,Shipped,4,12,2003,Trucks and Buses,118,S12_4473,Diecast Collectables,6175552555,6251 Ingle Ln.,-0.11373531532532445,0.3076923076923077
376,377,377,10219,48.0,100.0,2,4891.68,2/10/2004 0:00,Shipped,1,2,2004,Trucks and Buses,118,S12_4473,Signal Collectibles Ltd.,4155554312,2793 Furth Circle,1.3246305098580722,0.46153846153846156
377,378,378,10229,36.0,100.0,1,4521.96,3/11/2004 0:00,Shipped,1,3,2004,Trucks and Buses,118,S12_4473,Mini Gifts Distributors Ltd.,4155551450,5677 Strong St.,0.09174551684373221,0.32967032967032966
378,379,379,10246,46.0,100.0,5,5069.66,5/5/2004 0:00,Shipped,2,5,2004,Trucks and Buses,118,S12_4473,Euro Shopping Channel,(91) 555 94 44,"C/ Moralzarzal, 86",1.1191496776890155,0.43956043956043955
379,380,380,10259,46.0,100.0,4,6541.2,6/15/2004 0:00,Shipped,2,6,2004,Trucks and Buses,118,S12_4473,Handji Gifts& Co,+65 224 1555,Village Close - 106 Linden Road Sandown,1.1191496776890155,0.43956043956043955
380,381,381,10271,31.0,97.17,5,3012.27,7/20/2004 0:00,Shipped,3,7,2004,Trucks and Buses,118,S12_4473,Mini Gifts Distributors Ltd.,4155551450,5677 Strong St.,-0.4219565635789094,0.27472527472527475
381,382,382,10281,41.0,100.0,1,5247.18,8/19/2004 0:00,Shipped,3,8,2004,Trucks and Buses,118,S12_4473,Diecast Classics Inc.,2155551555,7586 Pompton St.,0.6054475972663739,0.38461538461538464
382,383,383,10292,21.0,100.0,8,2214.87,9/8/2004 0:00,Shipped,3,9,2004,Trucks and Buses,118,S12_4473,Land of Toys Inc.,2125557818,897 Long Airport Avenue,-1.4493607244241928,0.16483516483516483
383,384,384,10305,38.0,100.0,5,4773.18,10/13/2004 0:00,Shipped,4,10,2004,Trucks and Buses,118,S12_4473,Marta's Replicas Co.,6175558555,39323 Spinnaker Dr.,0.2972263490127889,0.3516483516483517
384,385,385,10314,45.0,100.0,14,6185.7,10/22/2004 0:00,Shipped,4,10,2004,Trucks and Buses,118,S12_4473,Heintze Collectables,86 21 3555,Smagsloget 45,1.016409261604487,0.42857142857142855
385,386,386,10324,26.0,58.38,7,1517.88,11/5/2004 0:00,Shipped,4,11,2004,Trucks and Buses,118,S12_4473,Vitachrome Inc.,2125551500,2678 Kingston Rd.,-0.9356586440015511,0.21978021978021978
386,387,387,10336,38.0,100.0,3,6372.6,11/20/2004 0:00,Shipped,4,11,2004,Trucks and Buses,118,S12_4473,"La Corne D'abondance, Co.",(1) 42.34.2555,"265, boulevard Charonne",0.2972263490127889,0.3516483516483517
387,388,388,10349,48.0,100.0,9,5232.96,12/1/2004 0:00,Shipped,4,12,2004,Trucks and Buses,118,S12_4473,Muscle Machine Inc,2125557413,4092 Furth Circle,1.3246305098580722,0.46153846153846156
388,389,389,10358,42.0,64.16,9,2694.72,12/10/2004 0:00,Shipped,4,12,2004,Trucks and Buses,118,S12_4473,Euro Shopping Channel,(91) 555 94 44,"C/ Moralzarzal, 86",0.7081880133509022,0.3956043956043956
389,390,390,10371,49.0,35.71,4,1749.79,1/23/2005 0:00,Shipped,1,1,2005,Trucks and Buses,118,S12_4473,Mini Gifts Distributors Ltd.,4155551450,5677 Strong St.,1.4273709259426004,0.4725274725274725
390,391,391,10382,32.0,66.58,13,2130.56,2/17/2005 0:00,Shipped,1,2,2005,Trucks and Buses,118,S12_4473,Mini Gifts Distributors Ltd.,4155551450,5677 Strong St.,-0.3192161474943811,0.2857142857142857
391,392,392,10412,54.0,100.0,5,5951.34,5/3/2005 0:00,Shipped,2,5,2005,Trucks and Buses,118,S12_4473,Euro Shopping Channel,(91) 555 94 44,"C/ Moralzarzal, 86",1.9410730063652422,0.5274725274725275
392,393,393,10425,33.0,100.0,4,4692.6,5/31/2005 0:00,In Process,2,5,2005,Trucks and Buses,118,S12_4473,La Rochelle Gifts,40.67.8555,"67, rue des Cinquante Otages",-0.21647573140985277,0.2967032967032967
393,394,394,10108,36.0,100.0,3,3731.04,3/3/2003 0:00,Shipped,1,3,2003,Classic Cars,115,S12_4675,Cruz & Sons Co.,+63 2 555 3587,15 McCallum Street - NatWest Center #13-03,0.09174551684373221,0.32967032967032966
394,395,395,10122,20.0,100.0,7,2142.0,5/8/2003 0:00,Shipped,2,5,2003,Classic Cars,115,S12_4675,Marseille Mini Autos,91.24.4555,"12, rue des Bouchers",-1.552101140508721,0.15384615384615385
395,396,396,10135,29.0,97.89,4,2838.81,7/2/2003 0:00,Shipped,3,7,2003,Classic Cars,115,S12_4675,Mini Gifts Distributors Ltd.,4155551450,5677 Strong St.,-0.6274373957479661,0.25274725274725274
396,397,397,10147,33.0,97.89,4,3230.37,9/5/2003 0:00,Shipped,3,9,2003,Classic Cars,115,S12_4675,Collectables For Less Inc.,6175558555,7825 Douglas Av.,-0.21647573140985277,0.2967032967032967
397,398,398,10160,50.0,100.0,5,5182.0,10/11/2003 0:00,Shipped,4,10,2003,Classic Cars,115,S12_4675,"Men 'R' US Retailers, Ltd.",2155554369,6047 Douglas Av.,1.5301113420271288,0.4835164835164835
398,399,399,10170,41.0,100.0,3,4391.1,11/4/2003 0:00,Shipped,4,11,2003,Classic Cars,115,S12_4675,Mini Auto Werke,7675-3555,Kirchgasse 6,0.6054475972663739,0.38461538461538464
399,400,400,10181,36.0,100.0,11,4477.32,11/12/2003 0:00,Shipped,4,11,2003,Classic Cars,115,S12_4675,Herkku Gifts,+47 2267 3215,"Drammen 121, PR 744 Sentrum",0.09174551684373221,0.32967032967032966
400,401,401,10192,27.0,100.0,16,3544.56,11/20/2003 0:00,Shipped,4,11,2003,Classic Cars,115,S12_4675,Online Diecast Creations Co.,6035558647,2304 Long Airport Avenue,-0.8329182279170227,0.23076923076923078
401,402,402,10203,47.0,100.0,5,5195.85,12/2/2003 0:00,Shipped,4,12,2003,Classic Cars,115,S12_4675,Euro Shopping Channel,(91) 555 94 44,"C/ Moralzarzal, 86",1.2218900937735437,0.45054945054945056
402,403,403,10212,33.0,100.0,15,4180.44,1/16/2004 0:00,Shipped,1,1,2004,Classic Cars,115,S12_4675,Euro Shopping Channel,(91) 555 94 44,"C/ Moralzarzal, 86",-0.21647573140985277,0.2967032967032967
403,404,404,10225,21.0,100.0,6,2684.43,2/22/2004 0:00,Shipped,1,2,2004,Classic Cars,115,S12_4675,"Vida Sport, Ltd",0897-034555,Grenzacherweg 237,-1.4493607244241928,0.16483516483516483
404,405,405,10239,21.0,93.28,5,1958.88,4/12/2004 0:00,Shipped,2,4,2004,Classic Cars,115,S12_4675,"Oulu Toy Supplies, Inc.",981-443655,Torikatu 38,-1.4493607244241928,0.16483516483516483
405,406,406,10253,41.0,100.0,10,4910.57,6/1/2004 0:00,Cancelled,2,6,2004,Classic Cars,115,S12_4675,"UK Collectables, Ltd.",(171) 555-2282,Berkeley Gardens 12  Brewery,0.6054475972663739,0.38461538461538464
406,407,407,10266,40.0,100.0,11,4468.4,7/6/2004 0:00,Shipped,3,7,2004,Classic Cars,115,S12_4675,L'ordine Souveniers,0522-556555,Strada Provinciale 124,0.5027071811818455,0.37362637362637363
407,408,408,10277,28.0,100.0,1,3127.88,8/4/2004 0:00,Shipped,3,8,2004,Classic Cars,115,S12_4675,"Dragon Souveniers, Ltd.",+65 221 7555,"Bronz Sok., Bronz Apt. 3/6 Tesvikiye",-0.7301778118324944,0.24175824175824176
408,409,409,10287,23.0,100.0,9,2675.13,8/30/2004 0:00,Shipped,3,8,2004,Classic Cars,115,S12_4675,"Vida Sport, Ltd",0897-034555,Grenzacherweg 237,-1.2438798922551362,0.18681318681318682
409,410,410,10300,23.0,100.0,2,2807.61,10/4/2003 0:00,Shipped,4,10,2003,Classic Cars,115,S12_4675,"Blauer See Auto, Co.",+49 69 66 90 2555,Lyonerstr. 34,-1.2438798922551362,0.18681318681318682
410,411,411,10310,25.0,100.0,7,2504.75,10/16/2004 0:00,Shipped,4,10,2004,Classic Cars,115,S12_4675,"Toms Spezialitten, Ltd",0221-5554327,Mehrheimerstr. 369,-1.0383990600860795,0.2087912087912088
411,412,412,10321,24.0,100.0,15,2984.88,11/4/2004 0:00,Shipped,4,11,2004,Classic Cars,115,S12_4675,FunGiftIdeas.com,5085552555,1785 First Street,-1.1411394761706077,0.1978021978021978
412,413,413,10329,39.0,64.74,15,2524.86,11/15/2004 0:00,Shipped,4,11,2004,Classic Cars,115,S12_4675,Land of Toys Inc.,2125557818,897 Long Airport Avenue,0.3999667650973172,0.3626373626373626
413,414,414,10341,55.0,75.2,7,4136.0,11/24/2004 0:00,Shipped,4,11,2004,Classic Cars,115,S12_4675,Salzburg Collectables,6562-9555,Geislweg 14,2.0438134224497704,0.5384615384615384
414,415,415,10363,46.0,88.45,6,4068.7,1/6/2005 0:00,Shipped,1,1,2005,Classic Cars,115,S12_4675,Suominen Souveniers,+358 9 8045 555,"Software Engineering Center, SEC Oy",1.1191496776890155,0.43956043956043955
415,416,416,10377,50.0,100.0,1,5182.0,2/9/2005 0:00,Shipped,1,2,2005,Classic Cars,115,S12_4675,"Toys of Finland, Co.",90-224 8555,Keskuskatu 45,1.5301113420271288,0.4835164835164835
416,417,417,10389,47.0,100.0,8,5243.79,3/3/2005 0:00,Shipped,1,3,2005,Classic Cars,115,S12_4675,Scandinavian Gift Ideas,0695-34 6555,?kergatan 24,1.2218900937735437,0.45054945054945056
417,418,418,10405,97.0,93.28,5,9048.16,4/14/2005 0:00,Shipped,2,4,2005,Classic Cars,115,S12_4675,Mini Caravy,88.60.1555,"24, place Kluber",6.3589108979999605,1.0
418,419,419,10419,32.0,100.0,10,3832.64,5/17/2005 0:00,Shipped,2,5,2005,Classic Cars,115,S12_4675,Salzburg Collectables,6562-9555,Geislweg 14,-0.3192161474943811,0.2857142857142857
419,420,420,10103,35.0,100.0,10,3920.0,1/29/2003 0:00,Shipped,1,1,2003,Trucks and Buses,116,S18_1097,Baane Mini Imports,07-98 9555,Erling Skakkes gate 78,-0.010994899240796116,0.31868131868131866
420,421,421,10113,49.0,100.0,4,4916.66,3/26/2003 0:00,Shipped,1,3,2003,Trucks and Buses,116,S18_1097,Mini Gifts Distributors Ltd.,4155551450,5677 Strong St.,1.4273709259426004,0.4725274725274725
421,422,422,10126,38.0,100.0,10,3857.0,5/28/2003 0:00,Shipped,2,5,2003,Trucks and Buses,116,S18_1097,"Corrida Auto Replicas, Ltd",(91) 555 22 82,"C/ Araquil, 67",0.2972263490127889,0.3516483516483517
422,423,423,10140,32.0,100.0,10,4181.44,7/24/2003 0:00,Shipped,3,7,2003,Trucks and Buses,116,S18_1097,Technics Stores Inc.,6505556809,9408 Furth Circle,-0.3192161474943811,0.2857142857142857
423,424,424,10150,34.0,100.0,7,4641.0,9/19/2003 0:00,Shipped,3,9,2003,Trucks and Buses,116,S18_1097,"Dragon Souveniers, Ltd.",+65 221 7555,"Bronz Sok., Bronz Apt. 3/6 Tesvikiye",-0.11373531532532445,0.3076923076923077
424,425,425,10164,36.0,99.17,8,3570.12,10/21/2003 0:00,Resolved,4,10,2003,Trucks and Buses,116,S18_1097,Mini Auto Werke,7675-3555,Kirchgasse 6,0.09174551684373221,0.32967032967032966
425,426,426,10174,48.0,93.34,3,4480.32,11/6/2003 0:00,Shipped,4,11,2003,Trucks and Buses,116,S18_1097,"Australian Gift Network, Co",61-7-3844-6555,31 Duncan St. West End,1.3246305098580722,0.46153846153846156
426,427,427,10183,21.0,96.84,7,2033.64,11/13/2003 0:00,Shipped,4,11,2003,Trucks and Buses,116,S18_1097,"Classic Gift Ideas, Inc",2155554695,782 First Street,-1.4493607244241928,0.16483516483516483
427,428,428,10194,21.0,93.34,10,1960.14,11/25/2003 0:00,Shipped,4,11,2003,Trucks and Buses,116,S18_1097,"Saveley & Henriot, Co.",78.32.5555,"2, rue du Commerce",-1.4493607244241928,0.16483516483516483
428,429,429,10206,34.0,100.0,5,3966.78,12/5/2003 0:00,Shipped,4,12,2003,Trucks and Buses,116,S18_1097,Canadian Gift Exchange Network,(604) 555-3392,1900 Oak St.,-0.11373531532532445,0.3076923076923077
429,430,430,10215,46.0,100.0,2,5152.0,1/29/2004 0:00,Shipped,1,1,2004,Trucks and Buses,116,S18_1097,West Coast Collectables Co.,3105553722,3675 Furth Circle,1.1191496776890155,0.43956043956043955
430,431,431,10228,32.0,100.0,1,3360.0,3/10/2004 0:00,Shipped,1,3,2004,Trucks and Buses,116,S18_1097,Cambridge Collectables Co.,6175555555,4658 Baden Av.,-0.3192161474943811,0.2857142857142857
431,432,432,10245,29.0,100.0,8,3451.0,5/4/2004 0:00,Shipped,2,5,2004,Trucks and Buses,116,S18_1097,Super Scale Inc.,2035559545,567 North Pendale Street,-0.6274373957479661,0.25274725274725274
432,433,433,10258,41.0,100.0,5,5453.0,6/15/2004 0:00,Shipped,2,6,2004,Trucks and Buses,116,S18_1097,"Tokyo Collectables, Ltd",+81 3 3584 0555,2-2-8 Roppongi,0.6054475972663739,0.38461538461538464
433,434,434,10270,43.0,96.84,8,4164.12,7/19/2004 0:00,Shipped,3,7,2004,Trucks and Buses,116,S18_1097,Souveniers And Things Co.,+61 2 9495 8555,"Monitor Money Building, 815 Pacific Hwy",0.8109284294354305,0.4065934065934066
434,435,435,10280,24.0,100.0,1,2800.08,8/17/2004 0:00,Shipped,3,8,2004,Trucks and Buses,116,S18_1097,Amica Models & Co.,011-4988555,Via Monte Bianco 34,-1.1411394761706077,0.1978021978021978
435,436,436,10291,41.0,100.0,10,4687.94,9/8/2004 0:00,Shipped,3,9,2004,Trucks and Buses,116,S18_1097,Scandinavian Gift Ideas,0695-34 6555,?kergatan 24,0.6054475972663739,0.38461538461538464
436,437,437,10304,46.0,98.0,5,4508.0,10/11/2004 0:00,Shipped,4,10,2004,Trucks and Buses,116,S18_1097,Auto Assoc. & Cie.,30.59.8555,"67, avenue de l'Europe",1.1191496776890155,0.43956043956043955
437,438,438,10312,32.0,100.0,2,4181.44,10/21/2004 0:00,Shipped,4,10,2004,Trucks and Buses,116,S18_1097,Mini Gifts Distributors Ltd.,4155551450,5677 Strong St.,-0.3192161474943811,0.2857142857142857
438,439,439,10322,22.0,100.0,10,2251.04,11/4/2004 0:00,Shipped,4,11,2004,Trucks and Buses,116,S18_1097,Online Diecast Creations Co.,6035558647,2304 Long Airport Avenue,-1.3466203083396644,0.17582417582417584
439,440,440,10333,29.0,40.25,7,1167.25,11/18/2004 0:00,Shipped,4,11,2004,Trucks and Buses,116,S18_1097,Mini Wheels Co.,6505555787,5557 North Pendale Street,-0.6274373957479661,0.25274725274725274
440,441,441,10347,42.0,49.6,5,2083.2,11/29/2004 0:00,Shipped,4,11,2004,Trucks and Buses,116,S18_1097,"Australian Collectors, Co.",03 9520 4555,636 St Kilda Road,0.7081880133509022,0.3956043956043956
441,442,442,10357,39.0,98.0,1,3822.0,12/10/2004 0:00,Shipped,4,12,2004,Trucks and Buses,116,S18_1097,Mini Gifts Distributors Ltd.,4155551450,5677 Strong St.,0.3999667650973172,0.3626373626373626
442,443,443,10370,27.0,100.0,1,3911.49,1/20/2005 0:00,Shipped,1,1,2005,Trucks and Buses,116,S18_1097,"Anna's Decorations, Ltd",02 9936 8555,201 Miller Street,-0.8329182279170227,0.23076923076923078
443,444,444,10381,48.0,98.0,2,4704.0,2/17/2005 0:00,Shipped,1,2,2005,Trucks and Buses,116,S18_1097,Corporate Gift Ideas Co.,6505551386,7734 Strong St.,1.3246305098580722,0.46153846153846156
444,445,445,10391,29.0,85.1,10,2467.9,3/9/2005 0:00,Shipped,1,3,2005,Trucks and Buses,116,S18_1097,"Anna's Decorations, Ltd",02 9936 8555,201 Miller Street,-0.6274373957479661,0.25274725274725274
445,446,446,10411,27.0,100.0,8,3213.0,5/1/2005 0:00,Shipped,2,5,2005,Trucks and Buses,116,S18_1097,Quebec Home Shopping Network,(514) 555-8054,43 rue St. Laurent,-0.8329182279170227,0.23076923076923078
446,447,447,10424,54.0,100.0,5,7182.0,5/31/2005 0:00,In Process,2,5,2005,Trucks and Buses,116,S18_1097,Euro Shopping Channel,(91) 555 94 44,"C/ Moralzarzal, 86",1.9410730063652422,0.5274725274725275
447,448,448,10109,26.0,100.0,4,4379.18,3/10/2003 0:00,Shipped,1,3,2003,Classic Cars,141,S18_1129,Motor Mint Distributors Inc.,2155559857,11328 Douglas Av.,-0.9356586440015511,0.21978021978021978
448,449,449,10122,34.0,100.0,2,5004.8,5/8/2003 0:00,Shipped,2,5,2003,Classic Cars,141,S18_1129,Marseille Mini Autos,91.24.4555,"12, rue des Bouchers",-0.11373531532532445,0.3076923076923077
449,450,450,10136,25.0,100.0,2,3644.75,7/4/2003 0:00,Shipped,3,7,2003,Classic Cars,141,S18_1129,Alpha Cognac,61.77.6555,1 rue Alsace-Lorraine,-1.0383990600860795,0.2087912087912088
450,451,451,10148,23.0,100.0,13,2702.04,9/11/2003 0:00,Shipped,3,9,2003,Classic Cars,141,S18_1129,"Anna's Decorations, Ltd",02 9936 8555,201 Miller Street,-1.2438798922551362,0.18681318681318682
451,452,452,10161,28.0,100.0,12,3764.88,10/17/2003 0:00,Shipped,4,10,2003,Classic Cars,141,S18_1129,Heintze Collectables,86 21 3555,Smagsloget 45,-0.7301778118324944,0.24175824175824176
452,453,453,10171,35.0,100.0,2,4508.0,11/5/2003 0:00,Shipped,4,11,2003,Classic Cars,141,S18_1129,Quebec Home Shopping Network,(514) 555-8054,43 rue St. Laurent,-0.010994899240796116,0.31868131868131866
453,454,454,10181,44.0,100.0,6,5418.16,11/12/2003 0:00,Shipped,4,11,2003,Classic Cars,141,S18_1129,Herkku Gifts,+47 2267 3215,"Drammen 121, PR 744 Sentrum",0.9136688455199589,0.4175824175824176
454,455,455,10192,22.0,100.0,11,3300.66,11/20/2003 0:00,Shipped,4,11,2003,Classic Cars,141,S18_1129,Online Diecast Creations Co.,6035558647,2304 Long Airport Avenue,-1.3466203083396644,0.17582417582417584
455,456,456,10204,42.0,100.0,17,6182.4,12/2/2003 0:00,Shipped,4,12,2003,Classic Cars,141,S18_1129,Muscle Machine Inc,2125557413,4092 Furth Circle,0.7081880133509022,0.3956043956043956
456,457,457,10212,29.0,100.0,10,4186.73,1/16/2004 0:00,Shipped,1,1,2004,Classic Cars,141,S18_1129,Euro Shopping Channel,(91) 555 94 44,"C/ Moralzarzal, 86",-0.6274373957479661,0.25274725274725274
457,458,458,10225,32.0,100.0,1,4529.28,2/22/2004 0:00,Shipped,1,2,2004,Classic Cars,141,S18_1129,"Vida Sport, Ltd",0897-034555,Grenzacherweg 237,-0.3192161474943811,0.2857142857142857
458,459,459,10240,41.0,100.0,3,5628.89,4/13/2004 0:00,Shipped,2,4,2004,Classic Cars,141,S18_1129,Osaka Souveniers Co.,+81 06 6342 5555,"Dojima Avanza 4F, 1-6-20 Dojima, Kita-ku",0.6054475972663739,0.38461538461538464
459,460,460,10253,26.0,100.0,5,3054.48,6/1/2004 0:00,Cancelled,2,6,2004,Classic Cars,141,S18_1129,"UK Collectables, Ltd.",(171) 555-2282,Berkeley Gardens 12  Brewery,-0.9356586440015511,0.21978021978021978
460,461,461,10266,21.0,100.0,6,2526.51,7/6/2004 0:00,Shipped,3,7,2004,Classic Cars,141,S18_1129,L'ordine Souveniers,0522-556555,Strada Provinciale 124,-1.4493607244241928,0.16483516483516483
461,462,462,10278,34.0,100.0,6,4667.86,8/6/2004 0:00,Shipped,3,8,2004,Classic Cars,141,S18_1129,Signal Gift Stores,7025551838,8489 Strong St.,-0.11373531532532445,0.3076923076923077
462,463,463,10287,41.0,100.0,4,6499.32,8/30/2004 0:00,Shipped,3,8,2004,Classic Cars,141,S18_1129,"Vida Sport, Ltd",0897-034555,Grenzacherweg 237,0.6054475972663739,0.38461538461538464
463,464,464,10301,37.0,100.0,8,5917.78,10/5/2003 0:00,Shipped,4,10,2003,Classic Cars,141,S18_1129,"Norway Gifts By Mail, Co.",+47 2212 1555,"Drammensveien 126 A, PB 744 Sentrum",0.19448593292826055,0.34065934065934067
464,465,465,10310,37.0,100.0,2,6231.91,10/16/2004 0:00,Shipped,4,10,2004,Classic Cars,141,S18_1129,"Toms Spezialitten, Ltd",0221-5554327,Mehrheimerstr. 369,0.19448593292826055,0.34065934065934067
465,466,466,10321,41.0,100.0,10,5803.14,11/4/2004 0:00,Shipped,4,11,2004,Classic Cars,141,S18_1129,FunGiftIdeas.com,5085552555,1785 First Street,0.6054475972663739,0.38461538461538464
466,467,467,10331,46.0,100.0,6,6434.02,11/17/2004 0:00,Shipped,4,11,2004,Classic Cars,141,S18_1129,Motor Mint Distributors Inc.,2155559857,11328 Douglas Av.,1.1191496776890155,0.43956043956043955
467,468,468,10342,40.0,100.0,2,6454.4,11/24/2004 0:00,Shipped,4,11,2004,Classic Cars,141,S18_1129,"Australian Collectors, Co.",03 9520 4555,636 St Kilda Road,0.5027071811818455,0.37362637362637363
468,469,469,10356,43.0,97.6,8,4196.8,12/9/2004 0:00,Shipped,4,12,2004,Classic Cars,141,S18_1129,Lyon Souveniers,+33 1 46 62 7555,27 rue du Colonel Pierre Avia,0.8109284294354305,0.4065934065934066
469,470,470,10365,30.0,87.06,1,2611.8,1/7/2005 0:00,Shipped,1,1,2005,Classic Cars,141,S18_1129,Mini Creations Ltd.,5085559555,4575 Hillside Dr.,-0.5246969796634378,0.26373626373626374
470,471,471,10377,35.0,100.0,2,5895.05,2/9/2005 0:00,Shipped,1,2,2005,Classic Cars,141,S18_1129,"Toys of Finland, Co.",90-224 8555,Keskuskatu 45,-0.010994899240796116,0.31868131868131866
471,472,472,10390,36.0,93.77,14,3375.72,3/4/2005 0:00,Shipped,1,3,2005,Classic Cars,141,S18_1129,Mini Gifts Distributors Ltd.,4155551450,5677 Strong St.,0.09174551684373221,0.32967032967032966
472,473,473,10406,61.0,100.0,3,8374.69,4/15/2005 0:00,Disputed,2,4,2005,Classic Cars,141,S18_1129,Danish Wholesale Imports,31 12 3555,Vinb'ltet 34,2.6602559189569406,0.6043956043956044
473,474,474,10419,38.0,100.0,5,4464.24,5/17/2005 0:00,Shipped,2,5,2005,Classic Cars,141,S18_1129,Salzburg Collectables,6562-9555,Geislweg 14,0.2972263490127889,0.3516483516483517
474,475,475,10102,39.0,100.0,2,4808.31,1/10/2003 0:00,Shipped,1,1,2003,Vintage Cars,102,S18_1342,Vitachrome Inc.,2125551500,2678 Kingston Rd.,0.3999667650973172,0.3626373626373626
475,476,476,10111,33.0,99.66,6,3288.78,3/25/2003 0:00,Shipped,1,3,2003,Vintage Cars,102,S18_1342,Mini Wheels Co.,6505555787,5557 North Pendale Street,-0.21647573140985277,0.2967032967032967
476,477,477,10125,32.0,100.0,1,3254.72,5/21/2003 0:00,Shipped,2,5,2003,Vintage Cars,102,S18_1342,"Australian Collectors, Co.",03 9520 4555,636 St Kilda Road,-0.3192161474943811,0.2857142857142857
477,478,478,10139,31.0,100.0,7,3184.94,7/16/2003 0:00,Shipped,3,7,2003,Vintage Cars,102,S18_1342,Souveniers And Things Co.,+61 2 9495 8555,"Monitor Money Building, 815 Pacific Hwy",-0.4219565635789094,0.27472527472527475
478,479,479,10149,50.0,100.0,4,5907.5,9/12/2003 0:00,Shipped,3,9,2003,Vintage Cars,102,S18_1342,Signal Collectibles Ltd.,4155554312,2793 Furth Circle,1.5301113420271288,0.4835164835164835
479,480,480,10162,48.0,91.44,2,4389.12,10/18/2003 0:00,Shipped,4,10,2003,Vintage Cars,102,S18_1342,Corporate Gift Ideas Co.,6505551386,7734 Strong St.,1.3246305098580722,0.46153846153846156
480,481,481,10173,43.0,100.0,6,5036.16,11/5/2003 0:00,Shipped,4,11,2003,Vintage Cars,102,S18_1342,Rovelli Gifts,035-640555,Via Ludovico il Moro 22,0.8109284294354305,0.4065934065934066
481,482,482,10182,25.0,87.33,3,2183.25,11/12/2003 0:00,Shipped,4,11,2003,Vintage Cars,102,S18_1342,Mini Gifts Distributors Ltd.,4155551450,5677 Strong St.,-1.0383990600860795,0.2087912087912088
482,483,483,10193,28.0,100.0,7,3106.88,11/21/2003 0:00,Shipped,4,11,2003,Vintage Cars,102,S18_1342,"Australian Collectables, Ltd",61-9-3844-6555,7 Allen Street,-0.7301778118324944,0.24175824175824176
483,484,484,10205,36.0,100.0,2,3735.72,12/3/2003 0:00,Shipped,4,12,2003,Vintage Cars,102,S18_1342,Euro Shopping Channel,(91) 555 94 44,"C/ Moralzarzal, 86",0.09174551684373221,0.32967032967032966
484,485,485,10215,27.0,89.38,10,2413.26,1/29/2004 0:00,Shipped,1,1,2004,Vintage Cars,102,S18_1342,West Coast Collectables Co.,3105553722,3675 Furth Circle,-0.8329182279170227,0.23076923076923078
485,486,486,10227,25.0,100.0,3,2953.75,3/2/2004 0:00,Shipped,1,3,2004,Vintage Cars,102,S18_1342,"Saveley & Henriot, Co.",78.32.5555,"2, rue du Commerce",-1.0383990600860795,0.2087912087912088
486,487,487,10244,40.0,100.0,7,4684.8,4/29/2004 0:00,Shipped,2,4,2004,Vintage Cars,102,S18_1342,Euro Shopping Channel,(91) 555 94 44,"C/ Moralzarzal, 86",0.5027071811818455,0.37362637362637363
487,488,488,10256,34.0,95.55,2,3248.7,6/8/2004 0:00,Shipped,2,6,2004,Vintage Cars,102,S18_1342,Danish Wholesale Imports,31 12 3555,Vinb'ltet 34,-0.11373531532532445,0.3076923076923077
488,489,489,10280,50.0,100.0,9,5239.5,8/17/2004 0:00,Shipped,3,8,2004,Vintage Cars,102,S18_1342,Amica Models & Co.,011-4988555,Via Monte Bianco 34,1.5301113420271288,0.4835164835164835
489,490,490,10289,38.0,100.0,2,4567.98,9/3/2004 0:00,Shipped,3,9,2004,Vintage Cars,102,S18_1342,Herkku Gifts,+47 2267 3215,"Drammen 121, PR 744 Sentrum",0.2972263490127889,0.3516483516483517
490,491,491,10304,37.0,95.55,13,3535.35,10/11/2004 0:00,Shipped,4,10,2004,Vintage Cars,102,S18_1342,Auto Assoc. & Cie.,30.59.8555,"67, avenue de l'Europe",0.19448593292826055,0.34065934065934067
491,492,492,10312,43.0,89.38,10,3843.34,10/21/2004 0:00,Shipped,4,10,2004,Vintage Cars,102,S18_1342,Mini Gifts Distributors Ltd.,4155551450,5677 Strong St.,0.8109284294354305,0.4065934065934066
492,493,493,10322,43.0,86.3,14,3710.9,11/4/2004 0:00,Shipped,4,11,2004,Vintage Cars,102,S18_1342,Online Diecast Creations Co.,6035558647,2304 Long Airport Avenue,0.8109284294354305,0.4065934065934066
493,494,494,10332,46.0,95.13,15,4375.98,11/17/2004 0:00,Shipped,4,11,2004,Vintage Cars,102,S18_1342,"AV Stores, Co.",(171) 555-1555,Fauntleroy Circus,1.1191496776890155,0.43956043956043955
494,495,495,10346,42.0,36.11,3,1516.62,11/29/2004 0:00,Shipped,4,11,2004,Vintage Cars,102,S18_1342,Signal Gift Stores,7025551838,8489 Strong St.,0.7081880133509022,0.3956043956043956
495,496,496,10356,50.0,50.18,9,2509.0,12/9/2004 0:00,Shipped,4,12,2004,Vintage Cars,102,S18_1342,Lyon Souveniers,+33 1 46 62 7555,27 rue du Colonel Pierre Avia,1.5301113420271288,0.4835164835164835
496,497,497,10369,44.0,100.0,8,9240.44,1/20/2005 0:00,Shipped,1,1,2005,Vintage Cars,102,S18_1342,Collectables For Less Inc.,6175558555,7825 Douglas Av.,0.9136688455199589,0.4175824175824176
497,498,498,10380,27.0,93.16,13,2515.32,2/16/2005 0:00,Shipped,1,2,2005,Vintage Cars,102,S18_1342,Euro Shopping Channel,(91) 555 94 44,"C/ Moralzarzal, 86",-0.8329182279170227,0.23076923076923078
498,499,499,10391,35.0,100.0,2,5548.9,3/9/2005 0:00,Shipped,1,3,2005,Vintage Cars,102,S18_1342,"Anna's Decorations, Ltd",02 9936 8555,201 Miller Street,-0.010994899240796116,0.31868131868131866
499,500,500,10422,51.0,95.55,2,4873.05,5/30/2005 0:00,In Process,2,5,2005,Vintage Cars,102,S18_1342,Diecast Classics Inc.,2155551555,7586 Pompton St.,1.632851758111657,0.4945054945054945
500,501,501,10102,41.0,50.14,1,2055.74,1/10/2003 0:00,Shipped,1,1,2003,Vintage Cars,53,S18_1367,Vitachrome Inc.,2125551500,2678 Kingston Rd.,0.6054475972663739,0.38461538461538464
501,502,502,10111,48.0,49.06,5,2354.88,3/25/2003 0:00,Shipped,1,3,2003,Vintage Cars,53,S18_1367,Mini Wheels Co.,6505555787,5557 North Pendale Street,1.3246305098580722,0.46153846153846156
502,503,503,10126,42.0,54.99,17,2309.58,5/28/2003 0:00,Shipped,2,5,2003,Vintage Cars,53,S18_1367,"Corrida Auto Replicas, Ltd",(91) 555 22 82,"C/ Araquil, 67",0.7081880133509022,0.3956043956043956
503,504,504,10139,49.0,43.13,6,2113.37,7/16/2003 0:00,Shipped,3,7,2003,Vintage Cars,53,S18_1367,Souveniers And Things Co.,+61 2 9495 8555,"Monitor Money Building, 815 Pacific Hwy",1.4273709259426004,0.4725274725274725
504,505,505,10149,30.0,58.22,3,1746.6,9/12/2003 0:00,Shipped,3,9,2003,Vintage Cars,53,S18_1367,Signal Collectibles Ltd.,4155554312,2793 Furth Circle,-0.5246969796634378,0.26373626373626374
505,506,506,10162,45.0,51.21,1,2304.45,10/18/2003 0:00,Shipped,4,10,2003,Vintage Cars,53,S18_1367,Corporate Gift Ideas Co.,6505551386,7734 Strong St.,1.016409261604487,0.42857142857142855
506,507,507,10173,48.0,44.21,5,2122.08,11/5/2003 0:00,Shipped,4,11,2003,Vintage Cars,53,S18_1367,Rovelli Gifts,035-640555,Via Ludovico il Moro 22,1.3246305098580722,0.46153846153846156
507,508,508,10182,32.0,54.45,2,1742.4,11/12/2003 0:00,Shipped,4,11,2003,Vintage Cars,53,S18_1367,Mini Gifts Distributors Ltd.,4155551450,5677 Strong St.,-0.3192161474943811,0.2857142857142857
508,509,509,10193,46.0,53.37,6,2455.02,11/21/2003 0:00,Shipped,4,11,2003,Vintage Cars,53,S18_1367,"Australian Collectables, Ltd",61-9-3844-6555,7 Allen Street,1.1191496776890155,0.43956043956043955
509,510,510,10205,48.0,63.61,1,3053.28,12/3/2003 0:00,Shipped,4,12,2003,Vintage Cars,53,S18_1367,Euro Shopping Channel,(91) 555 94 44,"C/ Moralzarzal, 86",1.3246305098580722,0.46153846153846156
510,511,511,10215,33.0,43.13,9,1423.29,1/29/2004 0:00,Shipped,1,1,2004,Vintage Cars,53,S18_1367,West Coast Collectables Co.,3105553722,3675 Furth Circle,-0.21647573140985277,0.2967032967032967
511,512,512,10227,31.0,48.52,2,1504.12,3/2/2004 0:00,Shipped,1,3,2004,Vintage Cars,53,S18_1367,"Saveley & Henriot, Co.",78.32.5555,"2, rue du Commerce",-0.4219565635789094,0.27472527472527475
512,513,513,10244,20.0,58.22,6,1164.4,4/29/2004 0:00,Shipped,2,4,2004,Vintage Cars,53,S18_1367,Euro Shopping Channel,(91) 555 94 44,"C/ Moralzarzal, 86",-1.552101140508721,0.15384615384615385
513,514,514,10256,29.0,51.75,1,1500.75,6/8/2004 0:00,Shipped,2,6,2004,Vintage Cars,53,S18_1367,Danish Wholesale Imports,31 12 3555,Vinb'ltet 34,-0.6274373957479661,0.25274725274725274
514,515,515,10280,27.0,57.68,8,1557.36,8/17/2004 0:00,Shipped,3,8,2004,Vintage Cars,53,S18_1367,Amica Models & Co.,011-4988555,Via Monte Bianco 34,-0.8329182279170227,0.23076923076923078
515,516,516,10289,24.0,56.07,1,1345.68,9/3/2004 0:00,Shipped,3,9,2004,Vintage Cars,53,S18_1367,Herkku Gifts,+47 2267 3215,"Drammen 121, PR 744 Sentrum",-1.1411394761706077,0.1978021978021978
516,517,517,10304,37.0,48.52,12,1795.24,10/11/2004 0:00,Shipped,4,10,2004,Vintage Cars,53,S18_1367,Auto Assoc. & Cie.,30.59.8555,"67, avenue de l'Europe",0.19448593292826055,0.34065934065934067
517,518,518,10312,25.0,44.21,9,1105.25,10/21/2004 0:00,Shipped,4,10,2004,Vintage Cars,53,S18_1367,Mini Gifts Distributors Ltd.,4155551450,5677 Strong St.,-1.0383990600860795,0.2087912087912088
518,519,519,10322,41.0,57.68,5,2364.88,11/4/2004 0:00,Shipped,4,11,2004,Vintage Cars,53,S18_1367,Online Diecast Creations Co.,6035558647,2304 Long Airport Avenue,0.6054475972663739,0.38461538461538464
519,520,520,10332,27.0,89.89,16,2427.03,11/17/2004 0:00,Shipped,4,11,2004,Vintage Cars,53,S18_1367,"AV Stores, Co.",(171) 555-1555,Fauntleroy Circus,-0.8329182279170227,0.23076923076923078
520,521,521,10347,21.0,58.95,7,1237.95,11/29/2004 0:00,Shipped,4,11,2004,Vintage Cars,53,S18_1367,"Australian Collectors, Co.",03 9520 4555,636 St Kilda Road,-1.4493607244241928,0.16483516483516483
521,522,522,10356,22.0,72.41,6,1593.02,12/9/2004 0:00,Shipped,4,12,2004,Vintage Cars,53,S18_1367,Lyon Souveniers,+33 1 46 62 7555,27 rue du Colonel Pierre Avia,-1.3466203083396644,0.17582417582417584
522,523,523,10369,32.0,98.63,7,3156.16,1/20/2005 0:00,Shipped,1,1,2005,Vintage Cars,53,S18_1367,Collectables For Less Inc.,6175558555,7825 Douglas Av.,-0.3192161474943811,0.2857142857142857
523,524,524,10381,25.0,52.83,9,1320.75,2/17/2005 0:00,Shipped,1,2,2005,Vintage Cars,53,S18_1367,Corporate Gift Ideas Co.,6505551386,7734 Strong St.,-1.0383990600860795,0.2087912087912088
524,525,525,10391,42.0,100.0,3,4998.0,3/9/2005 0:00,Shipped,1,3,2005,Vintage Cars,53,S18_1367,"Anna's Decorations, Ltd",02 9936 8555,201 Miller Street,0.7081880133509022,0.3956043956043956
525,526,526,10422,25.0,51.75,1,1293.75,5/30/2005 0:00,In Process,2,5,2005,Vintage Cars,53,S18_1367,Diecast Classics Inc.,2155551555,7586 Pompton St.,-1.0383990600860795,0.2087912087912088
526,527,527,10110,37.0,100.0,16,5433.08,3/18/2003 0:00,Shipped,1,3,2003,Classic Cars,124,S18_1589,"AV Stores, Co.",(171) 555-1555,Fauntleroy Circus,0.19448593292826055,0.34065934065934067
527,528,528,10123,26.0,100.0,2,3073.72,5/20/2003 0:00,Shipped,2,5,2003,Classic Cars,124,S18_1589,Atelier graphique,40.32.2555,"54, rue Royale",-0.9356586440015511,0.21978021978021978
528,529,529,10137,44.0,99.55,2,4380.2,7/10/2003 0:00,Shipped,3,7,2003,Classic Cars,124,S18_1589,Reims Collectables,26.47.1555,59 rue de l'Abbaye,0.9136688455199589,0.4175824175824176
529,530,530,10148,47.0,100.0,9,5848.68,9/11/2003 0:00,Shipped,3,9,2003,Classic Cars,124,S18_1589,"Anna's Decorations, Ltd",02 9936 8555,201 Miller Street,1.2218900937735437,0.45054945054945056
530,531,531,10161,43.0,100.0,8,6153.73,10/17/2003 0:00,Shipped,4,10,2003,Classic Cars,124,S18_1589,Heintze Collectables,86 21 3555,Smagsloget 45,0.8109284294354305,0.4065934065934066
531,532,532,10172,42.0,100.0,6,4965.24,11/5/2003 0:00,Shipped,4,11,2003,Classic Cars,124,S18_1589,Gift Depot Inc.,2035552570,25593 South Bay Ln.,0.7081880133509022,0.3956043956043956
532,533,533,10181,42.0,100.0,2,5435.64,11/12/2003 0:00,Shipped,4,11,2003,Classic Cars,124,S18_1589,Herkku Gifts,+47 2267 3215,"Drammen 121, PR 744 Sentrum",0.7081880133509022,0.3956043956043956
533,534,534,10192,29.0,100.0,7,4258.36,11/20/2003 0:00,Shipped,4,11,2003,Classic Cars,124,S18_1589,Online Diecast Creations Co.,6035558647,2304 Long Airport Avenue,-0.6274373957479661,0.25274725274725274
534,535,535,10204,40.0,100.0,13,4032.0,12/2/2003 0:00,Shipped,4,12,2003,Classic Cars,124,S18_1589,Muscle Machine Inc,2125557413,4092 Furth Circle,0.5027071811818455,0.37362637362637363
535,536,536,10212,38.0,100.0,6,4492.36,1/16/2004 0:00,Shipped,1,1,2004,Classic Cars,124,S18_1589,Euro Shopping Channel,(91) 555 94 44,"C/ Moralzarzal, 86",0.2972263490127889,0.3516483516483517
536,537,537,10226,38.0,100.0,4,4161.38,2/26/2004 0:00,Shipped,1,2,2004,Classic Cars,124,S18_1589,Collectable Mini Designs Co.,7605558146,361 Furth Circle,0.2972263490127889,0.3516483516483517
537,538,538,10241,21.0,100.0,11,2508.66,4/13/2004 0:00,Shipped,2,4,2004,Classic Cars,124,S18_1589,Mini Caravy,88.60.1555,"24, place Kluber",-1.4493607244241928,0.16483516483516483
538,539,539,10253,24.0,100.0,1,3374.88,6/1/2004 0:00,Cancelled,2,6,2004,Classic Cars,124,S18_1589,"UK Collectables, Ltd.",(171) 555-2282,Berkeley Gardens 12  Brewery,-1.1411394761706077,0.1978021978021978
539,540,540,10266,36.0,100.0,2,5196.6,7/6/2004 0:00,Shipped,3,7,2004,Classic Cars,124,S18_1589,L'ordine Souveniers,0522-556555,Strada Provinciale 124,0.09174551684373221,0.32967032967032966
540,541,541,10278,23.0,100.0,2,2604.52,8/6/2004 0:00,Shipped,3,8,2004,Classic Cars,124,S18_1589,Signal Gift Stores,7025551838,8489 Strong St.,-1.2438798922551362,0.18681318681318682
541,542,542,10288,20.0,100.0,14,2936.8,9/1/2004 0:00,Shipped,3,9,2004,Classic Cars,124,S18_1589,Handji Gifts& Co,+65 224 1555,Village Close - 106 Linden Road Sandown,-1.552101140508721,0.15384615384615385
542,543,543,10301,32.0,100.0,4,3424.64,10/5/2003 0:00,Shipped,4,10,2003,Classic Cars,124,S18_1589,"Norway Gifts By Mail, Co.",+47 2212 1555,"Drammensveien 126 A, PB 744 Sentrum",-0.3192161474943811,0.2857142857142857
543,544,544,10311,29.0,100.0,9,2923.2,10/16/2004 0:00,Shipped,4,10,2004,Classic Cars,124,S18_1589,Euro Shopping Channel,(91) 555 94 44,"C/ Moralzarzal, 86",-0.6274373957479661,0.25274725274725274
544,545,545,10321,44.0,100.0,6,4489.76,11/4/2004 0:00,Shipped,4,11,2004,Classic Cars,124,S18_1589,FunGiftIdeas.com,5085552555,1785 First Street,0.9136688455199589,0.4175824175824176
545,546,546,10331,44.0,100.0,14,4849.24,11/17/2004 0:00,Shipped,4,11,2004,Classic Cars,124,S18_1589,Motor Mint Distributors Inc.,2155559857,11328 Douglas Av.,0.9136688455199589,0.4175824175824176
546,547,547,10343,36.0,100.0,4,5848.92,11/24/2004 0:00,Shipped,4,11,2004,Classic Cars,124,S18_1589,Reims Collectables,26.47.1555,59 rue de l'Abbaye,0.09174551684373221,0.32967032967032966
547,548,548,10367,49.0,56.3,1,2758.7,1/12/2005 0:00,Resolved,1,1,2005,Classic Cars,124,S18_1589,Toys4GrownUps.com,6265557265,78934 Hillside Dr.,1.4273709259426004,0.4725274725274725
548,549,549,10378,34.0,42.64,5,1449.76,2/10/2005 0:00,Shipped,1,2,2005,Classic Cars,124,S18_1589,Euro Shopping Channel,(91) 555 94 44,"C/ Moralzarzal, 86",-0.11373531532532445,0.3076923076923077
549,550,550,10407,59.0,100.0,11,7048.14,4/22/2005 0:00,On Hold,2,4,2005,Classic Cars,124,S18_1589,The Sharp Gifts Warehouse,4085553659,3086 Ingle Ln.,2.4547750867878837,0.5824175824175825
550,551,551,10419,37.0,100.0,1,5202.94,5/17/2005 0:00,Shipped,2,5,2005,Classic Cars,124,S18_1589,Salzburg Collectables,6562-9555,Geislweg 14,0.19448593292826055,0.34065934065934067
551,552,552,10106,36.0,100.0,12,5279.4,2/17/2003 0:00,Shipped,1,2,2003,Planes,157,S18_1662,Rovelli Gifts,035-640555,Via Ludovico il Moro 22,0.09174551684373221,0.32967032967032966
552,553,553,10119,43.0,100.0,3,6916.12,4/28/2003 0:00,Shipped,2,4,2003,Planes,157,S18_1662,Salzburg Collectables,6562-9555,Geislweg 14,0.8109284294354305,0.4065934065934066
553,554,554,10131,21.0,100.0,4,2781.66,6/16/2003 0:00,Shipped,2,6,2003,Planes,157,S18_1662,Gift Ideas Corp.,2035554407,2440 Pompton St.,-1.4493607244241928,0.16483516483516483
554,555,555,10143,32.0,100.0,7,5248.0,8/10/2003 0:00,Shipped,3,8,2003,Planes,157,S18_1662,Mini Creations Ltd.,5085559555,4575 Hillside Dr.,-0.3192161474943811,0.2857142857142857
555,556,556,10155,38.0,100.0,5,6531.44,10/6/2003 0:00,Shipped,4,10,2003,Planes,157,S18_1662,"Toys of Finland, Co.",90-224 8555,Keskuskatu 45,0.2972263490127889,0.3516483516483517
556,557,557,10167,43.0,100.0,1,5763.72,10/23/2003 0:00,Cancelled,4,10,2003,Planes,157,S18_1662,Scandinavian Gift Ideas,0695-34 6555,?kergatan 24,0.8109284294354305,0.4065934065934066
557,558,558,10178,42.0,100.0,4,6490.68,11/8/2003 0:00,Shipped,4,11,2003,Planes,157,S18_1662,Alpha Cognac,61.77.6555,1 rue Alsace-Lorraine,0.7081880133509022,0.3956043956043956
558,559,559,10186,32.0,100.0,1,6004.8,11/14/2003 0:00,Shipped,4,11,2003,Planes,157,S18_1662,"Double Decker Gift Stores, Ltd",(171) 555-7555,120 Hanover Sq.,-0.3192161474943811,0.2857142857142857
559,560,560,10198,42.0,100.0,4,7483.98,11/27/2003 0:00,Shipped,4,11,2003,Planes,157,S18_1662,Cruz & Sons Co.,+63 2 555 3587,15 McCallum Street - NatWest Center #13-03,0.7081880133509022,0.3956043956043956
560,561,561,10210,31.0,100.0,17,5719.5,1/12/2004 0:00,Shipped,1,1,2004,Planes,157,S18_1662,Osaka Souveniers Co.,+81 06 6342 5555,"Dojima Avanza 4F, 1-6-20 Dojima, Kita-ku",-0.4219565635789094,0.27472527472527475
561,562,562,10222,49.0,100.0,4,6954.08,2/19/2004 0:00,Shipped,1,2,2004,Planes,157,S18_1662,Collectable Mini Designs Co.,7605558146,361 Furth Circle,1.4273709259426004,0.4725274725274725
562,563,563,10250,45.0,100.0,14,8160.3,5/11/2004 0:00,Shipped,2,5,2004,Planes,157,S18_1662,The Sharp Gifts Warehouse,4085553659,3086 Ingle Ln.,1.016409261604487,0.42857142857142855
563,564,564,10262,49.0,100.0,9,6567.96,6/24/2004 0:00,Cancelled,2,6,2004,Planes,157,S18_1662,Euro Shopping Channel,(91) 555 94 44,"C/ Moralzarzal, 86",1.4273709259426004,0.4725274725274725
564,565,565,10274,41.0,100.0,1,6724.0,7/21/2004 0:00,Shipped,3,7,2004,Planes,157,S18_1662,Collectables For Less Inc.,6175558555,7825 Douglas Av.,0.6054475972663739,0.38461538461538464
565,566,566,10284,45.0,100.0,11,5747.85,8/21/2004 0:00,Shipped,3,8,2004,Planes,157,S18_1662,"Norway Gifts By Mail, Co.",+47 2212 1555,"Drammensveien 126 A, PB 744 Sentrum",1.016409261604487,0.42857142857142855
566,567,567,10296,36.0,100.0,7,5676.84,9/15/2004 0:00,Shipped,3,9,2004,Planes,157,S18_1662,"Bavarian Collectables Imports, Co.",+49 89 61 08 9555,Hansastr. 15,0.09174551684373221,0.32967032967032966
567,568,568,10307,39.0,100.0,1,7379.97,10/14/2004 0:00,Shipped,4,10,2004,Planes,157,S18_1662,"Classic Gift Ideas, Inc",2155554695,782 First Street,0.3999667650973172,0.3626373626373626
568,569,569,10316,27.0,100.0,9,3704.13,11/1/2004 0:00,Shipped,4,11,2004,Planes,157,S18_1662,giftsbymail.co.uk,(198) 555-8888,Garden House Crowther Way,-0.8329182279170227,0.23076923076923078
569,570,570,10327,25.0,100.0,6,2804.75,11/10/2004 0:00,Resolved,4,11,2004,Planes,157,S18_1662,Danish Wholesale Imports,31 12 3555,Vinb'ltet 34,-1.0383990600860795,0.2087912087912088
570,571,571,10338,41.0,100.0,1,5624.79,11/22/2004 0:00,Shipped,4,11,2004,Planes,157,S18_1662,Royale Belge,(071) 23 67 2555,"Boulevard Tirou, 255",0.6054475972663739,0.38461538461538464
571,572,572,10351,39.0,99.52,1,3881.28,12/3/2004 0:00,Shipped,4,12,2004,Planes,157,S18_1662,"Stylish Desk Decors, Co.",(171) 555-0297,35 King George,0.3999667650973172,0.3626373626373626
572,573,573,10373,28.0,57.55,4,1611.4,1/31/2005 0:00,Shipped,1,1,2005,Planes,157,S18_1662,"Oulu Toy Supplies, Inc.",981-443655,Torikatu 38,-0.7301778118324944,0.24175824175824176
573,574,574,10386,25.0,54.57,7,1364.25,3/1/2005 0:00,Resolved,1,3,2005,Planes,157,S18_1662,Euro Shopping Channel,(91) 555 94 44,"C/ Moralzarzal, 86",-1.0383990600860795,0.2087912087912088
574,575,575,10398,33.0,100.0,11,4215.09,3/30/2005 0:00,Shipped,1,3,2005,Planes,157,S18_1662,Reims Collectables,26.47.1555,59 rue de l'Abbaye,-0.21647573140985277,0.2967032967032967
575,576,576,10400,34.0,100.0,1,6433.82,4/1/2005 0:00,Shipped,2,4,2005,Planes,157,S18_1662,The Sharp Gifts Warehouse,4085553659,3086 Ingle Ln.,-0.11373531532532445,0.3076923076923077
576,577,577,10416,24.0,100.0,14,4352.16,5/10/2005 0:00,Shipped,2,5,2005,Planes,157,S18_1662,L'ordine Souveniers,0522-556555,Strada Provinciale 124,-1.1411394761706077,0.1978021978021978
577,578,578,10100,30.0,100.0,3,5151.0,1/6/2003 0:00,Shipped,1,1,2003,Vintage Cars,170,S18_1749,Online Diecast Creations Co.,6035558647,2304 Long Airport Avenue,-0.5246969796634378,0.26373626373626374
578,579,579,10110,42.0,100.0,7,6069.0,3/18/2003 0:00,Shipped,1,3,2003,Vintage Cars,170,S18_1749,"AV Stores, Co.",(171) 555-1555,Fauntleroy Circus,0.7081880133509022,0.3956043956043956
579,580,580,10124,21.0,100.0,6,2856.0,5/21/2003 0:00,Shipped,2,5,2003,Vintage Cars,170,S18_1749,Signal Gift Stores,7025551838,8489 Strong St.,-1.4493607244241928,0.16483516483516483
580,581,581,10149,34.0,100.0,11,5375.4,9/12/2003 0:00,Shipped,3,9,2003,Vintage Cars,170,S18_1749,Signal Collectibles Ltd.,4155554312,2793 Furth Circle,-0.11373531532532445,0.3076923076923077
581,582,582,10162,29.0,100.0,9,5176.5,10/18/2003 0:00,Shipped,4,10,2003,Vintage Cars,170,S18_1749,Corporate Gift Ideas Co.,6505551386,7734 Strong St.,-0.6274373957479661,0.25274725274725274
582,583,583,10173,24.0,100.0,13,3508.8,11/5/2003 0:00,Shipped,4,11,2003,Vintage Cars,170,S18_1749,Rovelli Gifts,035-640555,Via Ludovico il Moro 22,-1.1411394761706077,0.1978021978021978
583,584,584,10182,44.0,100.0,10,7554.8,11/12/2003 0:00,Shipped,4,11,2003,Vintage Cars,170,S18_1749,Mini Gifts Distributors Ltd.,4155551450,5677 Strong St.,0.9136688455199589,0.4175824175824176
584,585,585,10193,21.0,100.0,14,3141.6,11/21/2003 0:00,Shipped,4,11,2003,Vintage Cars,170,S18_1749,"Australian Collectables, Ltd",61-9-3844-6555,7 Allen Street,-1.4493607244241928,0.16483516483516483
585,586,586,10204,33.0,100.0,4,5890.5,12/2/2003 0:00,Shipped,4,12,2003,Vintage Cars,170,S18_1749,Muscle Machine Inc,2125557413,4092 Furth Circle,-0.21647573140985277,0.2967032967032967
586,587,587,10214,30.0,100.0,7,5967.0,1/26/2004 0:00,Shipped,1,1,2004,Vintage Cars,170,S18_1749,"Corrida Auto Replicas, Ltd",(91) 555 22 82,"C/ Araquil, 67",-0.5246969796634378,0.26373626373626374
587,588,588,10227,26.0,100.0,10,3712.8,3/2/2004 0:00,Shipped,1,3,2004,Vintage Cars,170,S18_1749,"Saveley & Henriot, Co.",78.32.5555,"2, rue du Commerce",-0.9356586440015511,0.21978021978021978
588,589,589,10241,41.0,100.0,2,7597.3,4/13/2004 0:00,Shipped,2,4,2004,Vintage Cars,170,S18_1749,Mini Caravy,88.60.1555,"24, place Kluber",0.6054475972663739,0.38461538461538464
589,590,590,10280,26.0,100.0,16,3668.6,8/17/2004 0:00,Shipped,3,8,2004,Vintage Cars,170,S18_1749,Amica Models & Co.,011-4988555,Via Monte Bianco 34,-0.9356586440015511,0.21978021978021978
590,591,591,10288,32.0,100.0,5,5875.2,9/1/2004 0:00,Shipped,3,9,2004,Vintage Cars,170,S18_1749,Handji Gifts& Co,+65 224 1555,Village Close - 106 Linden Road Sandown,-0.3192161474943811,0.2857142857142857
591,592,592,10302,43.0,100.0,1,7310.0,10/6/2003 0:00,Shipped,4,10,2003,Vintage Cars,170,S18_1749,"UK Collectables, Ltd.",(171) 555-2282,Berkeley Gardens 12  Brewery,0.8109284294354305,0.4065934065934066
592,593,593,10312,48.0,100.0,17,8078.4,10/21/2004 0:00,Shipped,4,10,2004,Vintage Cars,170,S18_1749,Mini Gifts Distributors Ltd.,4155551450,5677 Strong St.,1.3246305098580722,0.46153846153846156
593,594,594,10331,44.0,74.04,7,3257.76,11/17/2004 0:00,Shipped,4,11,2004,Vintage Cars,170,S18_1749,Motor Mint Distributors Inc.,2155559857,11328 Douglas Av.,0.9136688455199589,0.4175824175824176
594,595,595,10344,45.0,100.0,1,7650.0,11/25/2004 0:00,Shipped,4,11,2004,Vintage Cars,170,S18_1749,Marseille Mini Autos,91.24.4555,"12, rue des Bouchers",1.016409261604487,0.42857142857142855
595,596,596,10367,37.0,100.0,3,4703.81,1/12/2005 0:00,Resolved,1,1,2005,Vintage Cars,170,S18_1749,Toys4GrownUps.com,6265557265,78934 Hillside Dr.,0.19448593292826055,0.34065934065934067
596,597,597,10379,39.0,100.0,2,5399.55,2/10/2005 0:00,Shipped,1,2,2005,Vintage Cars,170,S18_1749,Euro Shopping Channel,(91) 555 94 44,"C/ Moralzarzal, 86",0.3999667650973172,0.3626373626373626
597,598,598,10407,76.0,100.0,2,14082.8,4/22/2005 0:00,On Hold,2,4,2005,Vintage Cars,170,S18_1749,The Sharp Gifts Warehouse,4085553659,3086 Ingle Ln.,4.201362160224866,0.7692307692307693
598,599,599,10420,37.0,100.0,5,5283.6,5/29/2005 0:00,In Process,2,5,2005,Vintage Cars,170,S18_1749,Souveniers And Things Co.,+61 2 9495 8555,"Monitor Money Building, 815 Pacific Hwy",0.19448593292826055,0.34065934065934067
599,600,600,10108,38.0,82.39,2,3130.82,3/3/2003 0:00,Shipped,1,3,2003,Classic Cars,77,S18_1889,Cruz & Sons Co.,+63 2 555 3587,15 McCallum Street - NatWest Center #13-03,0.2972263490127889,0.3516483516483517
600,601,601,10122,43.0,72.38,6,3112.34,5/8/2003 0:00,Shipped,2,5,2003,Classic Cars,77,S18_1889,Marseille Mini Autos,91.24.4555,"12, rue des Bouchers",0.8109284294354305,0.4065934065934066
601,602,602,10135,48.0,79.31,3,3806.88,7/2/2003 0:00,Shipped,3,7,2003,Classic Cars,77,S18_1889,Mini Gifts Distributors Ltd.,4155551450,5677 Strong St.,1.3246305098580722,0.46153846153846156
602,603,603,10147,26.0,82.39,3,2142.14,9/5/2003 0:00,Shipped,3,9,2003,Classic Cars,77,S18_1889,Collectables For Less Inc.,6175558555,7825 Douglas Av.,-0.9356586440015511,0.21978021978021978
603,604,604,10160,38.0,88.55,4,3364.9,10/11/2003 0:00,Shipped,4,10,2003,Classic Cars,77,S18_1889,"Men 'R' US Retailers, Ltd.",2155554369,6047 Douglas Av.,0.2972263490127889,0.3516483516483517
604,605,605,10170,20.0,63.14,2,1262.8,11/4/2003 0:00,Shipped,4,11,2003,Classic Cars,77,S18_1889,Mini Auto Werke,7675-3555,Kirchgasse 6,-1.552101140508721,0.15384615384615385
605,606,606,10181,22.0,73.92,10,1626.24,11/12/2003 0:00,Shipped,4,11,2003,Classic Cars,77,S18_1889,Herkku Gifts,+47 2267 3215,"Drammen 121, PR 744 Sentrum",-1.3466203083396644,0.17582417582417584
606,607,607,10192,45.0,90.86,15,4088.7,11/20/2003 0:00,Shipped,4,11,2003,Classic Cars,77,S18_1889,Online Diecast Creations Co.,6035558647,2304 Long Airport Avenue,1.016409261604487,0.42857142857142855
607,608,608,10203,45.0,85.47,4,3846.15,12/2/2003 0:00,Shipped,4,12,2003,Classic Cars,77,S18_1889,Euro Shopping Channel,(91) 555 94 44,"C/ Moralzarzal, 86",1.016409261604487,0.42857142857142855
608,609,609,10212,20.0,66.99,14,1339.8,1/16/2004 0:00,Shipped,1,1,2004,Classic Cars,77,S18_1889,Euro Shopping Channel,(91) 555 94 44,"C/ Moralzarzal, 86",-1.552101140508721,0.15384615384615385
609,610,610,10225,47.0,64.68,5,3039.96,2/22/2004 0:00,Shipped,1,2,2004,Classic Cars,77,S18_1889,"Vida Sport, Ltd",0897-034555,Grenzacherweg 237,1.2218900937735437,0.45054945054945056
610,611,611,10239,46.0,73.92,4,3400.32,4/12/2004 0:00,Shipped,2,4,2004,Classic Cars,77,S18_1889,"Oulu Toy Supplies, Inc.",981-443655,Torikatu 38,1.1191496776890155,0.43956043956043955
611,612,612,10253,23.0,83.93,9,1930.39,6/1/2004 0:00,Cancelled,2,6,2004,Classic Cars,77,S18_1889,"UK Collectables, Ltd.",(171) 555-2282,Berkeley Gardens 12  Brewery,-1.2438798922551362,0.18681318681318682
612,613,613,10266,33.0,74.69,10,2464.77,7/6/2004 0:00,Shipped,3,7,2004,Classic Cars,77,S18_1889,L'ordine Souveniers,0522-556555,Strada Provinciale 124,-0.21647573140985277,0.2967032967032967
613,614,614,10278,29.0,90.86,10,2634.94,8/6/2004 0:00,Shipped,3,8,2004,Classic Cars,77,S18_1889,Signal Gift Stores,7025551838,8489 Strong St.,-0.6274373957479661,0.25274725274725274
614,615,615,10287,44.0,82.39,8,3625.16,8/30/2004 0:00,Shipped,3,8,2004,Classic Cars,77,S18_1889,"Vida Sport, Ltd",0897-034555,Grenzacherweg 237,0.9136688455199589,0.4175824175824176
615,616,616,10300,41.0,92.4,1,3788.4,10/4/2003 0:00,Shipped,4,10,2003,Classic Cars,77,S18_1889,"Blauer See Auto, Co.",+49 69 66 90 2555,Lyonerstr. 34,0.6054475972663739,0.38461538461538464
616,617,617,10310,20.0,91.63,6,1832.6,10/16/2004 0:00,Shipped,4,10,2004,Classic Cars,77,S18_1889,"Toms Spezialitten, Ltd",0221-5554327,Mehrheimerstr. 369,-1.552101140508721,0.15384615384615385
617,618,618,10321,37.0,78.54,14,2905.98,11/4/2004 0:00,Shipped,4,11,2004,Classic Cars,77,S18_1889,FunGiftIdeas.com,5085552555,1785 First Street,0.19448593292826055,0.34065934065934067
618,619,619,10329,29.0,100.0,9,2954.81,11/15/2004 0:00,Shipped,4,11,2004,Classic Cars,77,S18_1889,Land of Toys Inc.,2125557818,897 Long Airport Avenue,-0.6274373957479661,0.25274725274725274
619,620,620,10342,55.0,65.45,1,3599.75,11/24/2004 0:00,Shipped,4,11,2004,Classic Cars,77,S18_1889,"Australian Collectors, Co.",03 9520 4555,636 St Kilda Road,2.0438134224497704,0.5384615384615384
620,621,621,10363,22.0,100.0,7,3686.54,1/6/2005 0:00,Shipped,1,1,2005,Classic Cars,77,S18_1889,Suominen Souveniers,+358 9 8045 555,"Software Engineering Center, SEC Oy",-1.3466203083396644,0.17582417582417584
621,622,622,10377,31.0,67.76,4,2100.56,2/9/2005 0:00,Shipped,1,2,2005,Classic Cars,77,S18_1889,"Toys of Finland, Co.",90-224 8555,Keskuskatu 45,-0.4219565635789094,0.27472527472527475
622,623,623,10389,49.0,79.22,3,3881.78,3/3/2005 0:00,Shipped,1,3,2005,Classic Cars,77,S18_1889,Scandinavian Gift Ideas,0695-34 6555,?kergatan 24,1.4273709259426004,0.4725274725274725
623,624,624,10405,61.0,73.92,4,4509.12,4/14/2005 0:00,Shipped,2,4,2005,Classic Cars,77,S18_1889,Mini Caravy,88.60.1555,"24, place Kluber",2.6602559189569406,0.6043956043956044
624,625,625,10419,39.0,83.93,9,3273.27,5/17/2005 0:00,Shipped,2,5,2005,Classic Cars,77,S18_1889,Salzburg Collectables,6562-9555,Geislweg 14,0.3999667650973172,0.3626373626373626
625,626,626,10109,38.0,100.0,3,4432.7,3/10/2003 0:00,Shipped,1,3,2003,Classic Cars,142,S18_1984,Motor Mint Distributors Inc.,2155559857,11328 Douglas Av.,0.2972263490127889,0.3516483516483517
626,627,627,10122,31.0,100.0,1,4100.99,5/8/2003 0:00,Shipped,2,5,2003,Classic Cars,142,S18_1984,Marseille Mini Autos,91.24.4555,"12, rue des Bouchers",-0.4219565635789094,0.27472527472527475
627,628,628,10136,36.0,100.0,1,5274.72,7/4/2003 0:00,Shipped,3,7,2003,Classic Cars,142,S18_1984,Alpha Cognac,61.77.6555,1 rue Alsace-Lorraine,0.09174551684373221,0.32967032967032966
628,629,629,10148,25.0,100.0,12,4232.0,9/11/2003 0:00,Shipped,3,9,2003,Classic Cars,142,S18_1984,"Anna's Decorations, Ltd",02 9936 8555,201 Miller Street,-1.0383990600860795,0.2087912087912088
629,630,630,10161,48.0,100.0,11,6145.44,10/17/2003 0:00,Shipped,4,10,2003,Classic Cars,142,S18_1984,Heintze Collectables,86 21 3555,Smagsloget 45,1.3246305098580722,0.46153846153846156
630,631,631,10171,35.0,100.0,1,4680.2,11/5/2003 0:00,Shipped,4,11,2003,Classic Cars,142,S18_1984,Quebec Home Shopping Network,(514) 555-8054,43 rue St. Laurent,-0.010994899240796116,0.31868131868131866
631,632,632,10181,21.0,100.0,5,3286.08,11/12/2003 0:00,Shipped,4,11,2003,Classic Cars,142,S18_1984,Herkku Gifts,+47 2267 3215,"Drammen 121, PR 744 Sentrum",-1.4493607244241928,0.16483516483516483
632,633,633,10192,47.0,100.0,10,7421.3,11/20/2003 0:00,Shipped,4,11,2003,Classic Cars,142,S18_1984,Online Diecast Creations Co.,6035558647,2304 Long Airport Avenue,1.2218900937735437,0.45054945054945056
633,634,634,10204,38.0,100.0,16,6432.64,12/2/2003 0:00,Shipped,4,12,2003,Classic Cars,142,S18_1984,Muscle Machine Inc,2125557413,4092 Furth Circle,0.2972263490127889,0.3516483516483517
634,635,635,10212,41.0,100.0,9,4840.87,1/16/2004 0:00,Shipped,1,1,2004,Classic Cars,142,S18_1984,Euro Shopping Channel,(91) 555 94 44,"C/ Moralzarzal, 86",0.6054475972663739,0.38461538461538464
635,636,636,10226,24.0,100.0,7,3892.08,2/26/2004 0:00,Shipped,1,2,2004,Classic Cars,142,S18_1984,Collectable Mini Designs Co.,7605558146,361 Furth Circle,-1.1411394761706077,0.1978021978021978
636,637,637,10240,37.0,100.0,2,5526.32,4/13/2004 0:00,Shipped,2,4,2004,Classic Cars,142,S18_1984,Osaka Souveniers Co.,+81 06 6342 5555,"Dojima Avanza 4F, 1-6-20 Dojima, Kita-ku",0.19448593292826055,0.34065934065934067
637,638,638,10253,33.0,100.0,4,4459.62,6/1/2004 0:00,Cancelled,2,6,2004,Classic Cars,142,S18_1984,"UK Collectables, Ltd.",(171) 555-2282,Berkeley Gardens 12  Brewery,-0.21647573140985277,0.2967032967032967
638,639,639,10266,49.0,100.0,5,6203.4,7/6/2004 0:00,Shipped,3,7,2004,Classic Cars,142,S18_1984,L'ordine Souveniers,0522-556555,Strada Provinciale 124,1.4273709259426004,0.4725274725274725
639,640,640,10278,29.0,100.0,5,3754.05,8/6/2004 0:00,Shipped,3,8,2004,Classic Cars,142,S18_1984,Signal Gift Stores,7025551838,8489 Strong St.,-0.6274373957479661,0.25274725274725274
640,641,641,10287,24.0,100.0,3,3516.48,8/30/2004 0:00,Shipped,3,8,2004,Classic Cars,142,S18_1984,"Vida Sport, Ltd",0897-034555,Grenzacherweg 237,-1.1411394761706077,0.1978021978021978
641,642,642,10301,47.0,100.0,7,7488.04,10/5/2003 0:00,Shipped,4,10,2003,Classic Cars,142,S18_1984,"Norway Gifts By Mail, Co.",+47 2212 1555,"Drammensveien 126 A, PB 744 Sentrum",1.2218900937735437,0.45054945054945056
642,643,643,10310,24.0,100.0,1,3448.08,10/16/2004 0:00,Shipped,4,10,2004,Classic Cars,142,S18_1984,"Toms Spezialitten, Ltd",0221-5554327,Mehrheimerstr. 369,-1.1411394761706077,0.1978021978021978
643,644,644,10321,25.0,100.0,9,3734.0,11/4/2004 0:00,Shipped,4,11,2004,Classic Cars,142,S18_1984,FunGiftIdeas.com,5085552555,1785 First Street,-1.0383990600860795,0.2087912087912088
644,645,645,10331,30.0,32.47,8,974.1,11/17/2004 0:00,Shipped,4,11,2004,Classic Cars,142,S18_1984,Motor Mint Distributors Inc.,2155559857,11328 Douglas Av.,-0.5246969796634378,0.26373626373626374
645,646,646,10342,22.0,100.0,3,3160.74,11/24/2004 0:00,Shipped,4,11,2004,Classic Cars,142,S18_1984,"Australian Collectors, Co.",03 9520 4555,636 St Kilda Road,-1.3466203083396644,0.17582417582417584
646,647,647,10356,27.0,64.69,2,1746.63,12/9/2004 0:00,Shipped,4,12,2004,Classic Cars,142,S18_1984,Lyon Souveniers,+33 1 46 62 7555,27 rue du Colonel Pierre Avia,-0.8329182279170227,0.23076923076923078
647,648,648,10366,34.0,100.0,3,4207.84,1/10/2005 0:00,Shipped,1,1,2005,Classic Cars,142,S18_1984,Royale Belge,(071) 23 67 2555,"Boulevard Tirou, 255",-0.11373531532532445,0.3076923076923077
648,649,649,10377,36.0,100.0,6,4352.76,2/9/2005 0:00,Shipped,1,2,2005,Classic Cars,142,S18_1984,"Toys of Finland, Co.",90-224 8555,Keskuskatu 45,0.09174551684373221,0.32967032967032966
649,650,650,10390,34.0,43.05,15,1463.7,3/4/2005 0:00,Shipped,1,3,2005,Classic Cars,142,S18_1984,Mini Gifts Distributors Ltd.,4155551450,5677 Strong St.,-0.11373531532532445,0.3076923076923077
650,651,651,10406,48.0,100.0,2,7169.28,4/15/2005 0:00,Disputed,2,4,2005,Classic Cars,142,S18_1984,Danish Wholesale Imports,31 12 3555,Vinb'ltet 34,1.3246305098580722,0.46153846153846156
651,652,652,10419,34.0,100.0,4,4594.76,5/17/2005 0:00,Shipped,2,5,2005,Classic Cars,142,S18_1984,Salzburg Collectables,6562-9555,Geislweg 14,-0.11373531532532445,0.3076923076923077
652,653,653,10104,24.0,100.0,8,3457.92,1/31/2003 0:00,Shipped,1,1,2003,Classic Cars,163,S18_2238,Euro Shopping Channel,(91) 555 94 44,"C/ Moralzarzal, 86",-1.1411394761706077,0.1978021978021978
653,654,654,10115,46.0,100.0,4,7381.16,4/4/2003 0:00,Shipped,2,4,2003,Classic Cars,163,S18_2238,Classic Legends Inc.,2125558493,5905 Pompton St.,1.1191496776890155,0.43956043956043955
654,655,655,10127,45.0,100.0,10,7146.9,6/3/2003 0:00,Shipped,2,6,2003,Classic Cars,163,S18_2238,Muscle Machine Inc,2125557413,4092 Furth Circle,1.016409261604487,0.42857142857142855
655,656,656,10141,39.0,100.0,4,5938.53,8/1/2003 0:00,Shipped,3,8,2003,Classic Cars,163,S18_2238,Suominen Souveniers,+358 9 8045 555,"Software Engineering Center, SEC Oy",0.3999667650973172,0.3626373626373626
656,657,657,10151,43.0,100.0,2,7110.91,9/21/2003 0:00,Shipped,3,9,2003,Classic Cars,163,S18_2238,"Oulu Toy Supplies, Inc.",981-443655,Torikatu 38,0.8109284294354305,0.4065934065934066
657,658,658,10165,29.0,100.0,11,5032.95,10/22/2003 0:00,Shipped,4,10,2003,Classic Cars,163,S18_2238,"Dragon Souveniers, Ltd.",+65 221 7555,"Bronz Sok., Bronz Apt. 3/6 Tesvikiye",-0.6274373957479661,0.25274725274725274
658,659,659,10176,20.0,100.0,10,3667.6,11/6/2003 0:00,Shipped,4,11,2003,Classic Cars,163,S18_2238,L'ordine Souveniers,0522-556555,Strada Provinciale 124,-1.552101140508721,0.15384615384615385
659,660,660,10184,46.0,100.0,5,7381.16,11/14/2003 0:00,Shipped,4,11,2003,Classic Cars,163,S18_2238,"Iberia Gift Imports, Corp.",(95) 555 82 82,"C/ Romero, 33",1.1191496776890155,0.43956043956043955
660,661,661,10195,27.0,100.0,5,5128.11,11/25/2003 0:00,Shipped,4,11,2003,Classic Cars,163,S18_2238,Mini Classics,9145554562,3758 North Pendale Street,-0.8329182279170227,0.23076923076923078
661,662,662,10207,44.0,100.0,6,7060.24,12/9/2003 0:00,Shipped,4,12,2003,Classic Cars,163,S18_2238,Diecast Collectables,6175552555,6251 Ingle Ln.,0.9136688455199589,0.4175824175824176
662,663,663,10219,43.0,100.0,1,8448.64,2/10/2004 0:00,Shipped,1,2,2004,Classic Cars,163,S18_2238,Signal Collectibles Ltd.,4155554312,2793 Furth Circle,0.8109284294354305,0.4065934065934066
663,664,664,10230,49.0,100.0,8,7300.51,3/15/2004 0:00,Shipped,1,3,2004,Classic Cars,163,S18_2238,"Blauer See Auto, Co.",+49 69 66 90 2555,Lyonerstr. 34,1.4273709259426004,0.4725274725274725
664,665,665,10246,40.0,100.0,4,6549.2,5/5/2004 0:00,Shipped,2,5,2004,Classic Cars,163,S18_2238,Euro Shopping Channel,(91) 555 94 44,"C/ Moralzarzal, 86",0.5027071811818455,0.37362637362637363
665,666,666,10259,30.0,100.0,3,5697.9,6/15/2004 0:00,Shipped,2,6,2004,Classic Cars,163,S18_2238,Handji Gifts& Co,+65 224 1555,Village Close - 106 Linden Road Sandown,-0.5246969796634378,0.26373626373626374
666,667,667,10271,50.0,100.0,4,9169.0,7/20/2004 0:00,Shipped,3,7,2004,Classic Cars,163,S18_2238,Mini Gifts Distributors Ltd.,4155551450,5677 Strong St.,1.5301113420271288,0.4835164835164835
667,668,668,10282,23.0,100.0,13,3238.63,8/20/2004 0:00,Shipped,3,8,2004,Classic Cars,163,S18_2238,Mini Gifts Distributors Ltd.,4155551450,5677 Strong St.,-1.2438798922551362,0.18681318681318682
668,669,669,10292,26.0,100.0,7,4554.94,9/8/2004 0:00,Shipped,3,9,2004,Classic Cars,163,S18_2238,Land of Toys Inc.,2125557818,897 Long Airport Avenue,-0.9356586440015511,0.21978021978021978
669,670,670,10305,27.0,100.0,4,3934.44,10/13/2004 0:00,Shipped,4,10,2004,Classic Cars,163,S18_2238,Marta's Replicas Co.,6175558555,39323 Spinnaker Dr.,-0.8329182279170227,0.23076923076923078
670,671,671,10314,42.0,100.0,13,5776.26,10/22/2004 0:00,Shipped,4,10,2004,Classic Cars,163,S18_2238,Heintze Collectables,86 21 3555,Smagsloget 45,0.7081880133509022,0.3956043956043956
671,672,672,10324,47.0,100.0,8,7207.45,11/5/2004 0:00,Shipped,4,11,2004,Classic Cars,163,S18_2238,Vitachrome Inc.,2125551500,2678 Kingston Rd.,1.2218900937735437,0.45054945054945056
672,673,673,10336,49.0,100.0,6,7460.74,11/20/2004 0:00,Shipped,4,11,2004,Classic Cars,163,S18_2238,"La Corne D'abondance, Co.",(1) 42.34.2555,"265, boulevard Charonne",1.4273709259426004,0.4725274725274725
673,674,674,10349,38.0,100.0,8,6719.54,12/1/2004 0:00,Shipped,4,12,2004,Classic Cars,163,S18_2238,Muscle Machine Inc,2125557413,4092 Furth Circle,0.2972263490127889,0.3516483516483517
674,675,675,10358,20.0,100.0,10,2428.0,12/10/2004 0:00,Shipped,4,12,2004,Classic Cars,163,S18_2238,Euro Shopping Channel,(91) 555 94 44,"C/ Moralzarzal, 86",-1.552101140508721,0.15384615384615385
675,676,676,10371,25.0,100.0,7,2602.25,1/23/2005 0:00,Shipped,1,1,2005,Classic Cars,163,S18_2238,Mini Gifts Distributors Ltd.,4155551450,5677 Strong St.,-1.0383990600860795,0.2087912087912088
676,677,677,10382,25.0,88.0,5,2200.0,2/17/2005 0:00,Shipped,1,2,2005,Classic Cars,163,S18_2238,Mini Gifts Distributors Ltd.,4155551450,5677 Strong St.,-1.0383990600860795,0.2087912087912088
677,678,678,10412,41.0,100.0,4,6712.93,5/3/2005 0:00,Shipped,2,5,2005,Classic Cars,163,S18_2238,Euro Shopping Channel,(91) 555 94 44,"C/ Moralzarzal, 86",0.6054475972663739,0.38461538461538464
678,679,679,10425,28.0,100.0,3,5318.04,5/31/2005 0:00,In Process,2,5,2005,Classic Cars,163,S18_2238,La Rochelle Gifts,40.67.8555,"67, rue des Cinquante Otages",-0.7301778118324944,0.24175824175824176
679,680,680,10100,50.0,67.8,2,3390.0,1/6/2003 0:00,Shipped,1,1,2003,Vintage Cars,60,S18_2248,Online Diecast Creations Co.,6035558647,2304 Long Airport Avenue,1.5301113420271288,0.4835164835164835
680,681,681,10110,32.0,50.25,6,1608.0,3/18/2003 0:00,Shipped,1,3,2003,Vintage Cars,60,S18_2248,"AV Stores, Co.",(171) 555-1555,Fauntleroy Circus,-0.3192161474943811,0.2857142857142857
681,682,682,10124,42.0,53.88,5,2262.96,5/21/2003 0:00,Shipped,2,5,2003,Vintage Cars,60,S18_2248,Signal Gift Stores,7025551838,8489 Strong St.,0.7081880133509022,0.3956043956043956
682,683,683,10149,24.0,62.36,10,1496.64,9/12/2003 0:00,Shipped,3,9,2003,Vintage Cars,60,S18_2248,Signal Collectibles Ltd.,4155554312,2793 Furth Circle,-1.1411394761706077,0.1978021978021978
683,684,684,10162,27.0,69.62,8,1879.74,10/18/2003 0:00,Shipped,4,10,2003,Vintage Cars,60,S18_2248,Corporate Gift Ideas Co.,6505551386,7734 Strong St.,-0.8329182279170227,0.23076923076923078
684,685,685,10173,26.0,57.51,12,1495.26,11/5/2003 0:00,Shipped,4,11,2003,Vintage Cars,60,S18_2248,Rovelli Gifts,035-640555,Via Ludovico il Moro 22,-0.9356586440015511,0.21978021978021978
685,686,686,10182,38.0,61.15,9,2323.7,11/12/2003 0:00,Shipped,4,11,2003,Vintage Cars,60,S18_2248,Mini Gifts Distributors Ltd.,4155551450,5677 Strong St.,0.2972263490127889,0.3516483516483517
686,687,687,10193,42.0,59.33,13,2491.86,11/21/2003 0:00,Shipped,4,11,2003,Vintage Cars,60,S18_2248,"Australian Collectables, Ltd",61-9-3844-6555,7 Allen Street,0.7081880133509022,0.3956043956043956
687,688,688,10204,23.0,71.44,3,1643.12,12/2/2003 0:00,Shipped,4,12,2003,Vintage Cars,60,S18_2248,Muscle Machine Inc,2125557413,4092 Furth Circle,-1.2438798922551362,0.18681318681318682
688,689,689,10214,21.0,62.96,6,1322.16,1/26/2004 0:00,Shipped,1,1,2004,Vintage Cars,60,S18_2248,"Corrida Auto Replicas, Ltd",(91) 555 22 82,"C/ Araquil, 67",-1.4493607244241928,0.16483516483516483
689,690,690,10227,28.0,50.85,9,1423.8,3/2/2004 0:00,Shipped,1,3,2004,Vintage Cars,60,S18_2248,"Saveley & Henriot, Co.",78.32.5555,"2, rue du Commerce",-0.7301778118324944,0.24175824175824176
690,691,691,10241,33.0,72.65,1,2397.45,4/13/2004 0:00,Shipped,2,4,2004,Vintage Cars,60,S18_2248,Mini Caravy,88.60.1555,"24, place Kluber",-0.21647573140985277,0.2967032967032967
691,692,692,10280,25.0,62.96,15,1574.0,8/17/2004 0:00,Shipped,3,8,2004,Vintage Cars,60,S18_2248,Amica Models & Co.,011-4988555,Via Monte Bianco 34,-1.0383990600860795,0.2087912087912088
692,693,693,10288,28.0,61.75,4,1729.0,9/1/2004 0:00,Shipped,3,9,2004,Vintage Cars,60,S18_2248,Handji Gifts& Co,+65 224 1555,Village Close - 106 Linden Road Sandown,-0.7301778118324944,0.24175824175824176
693,694,694,10303,46.0,49.04,2,2255.84,10/6/2004 0:00,Shipped,4,10,2004,Vintage Cars,60,S18_2248,"Iberia Gift Imports, Corp.",(95) 555 82 82,"C/ Romero, 33",1.1191496776890155,0.43956043956043955
694,695,695,10312,30.0,61.15,16,1834.5,10/21/2004 0:00,Shipped,4,10,2004,Vintage Cars,60,S18_2248,Mini Gifts Distributors Ltd.,4155551450,5677 Strong St.,-0.5246969796634378,0.26373626373626374
695,696,696,10332,38.0,84.25,9,3201.5,11/17/2004 0:00,Shipped,4,11,2004,Vintage Cars,60,S18_2248,"AV Stores, Co.",(171) 555-1555,Fauntleroy Circus,0.2972263490127889,0.3516483516483517
696,697,697,10344,40.0,56.91,2,2276.4,11/25/2004 0:00,Shipped,4,11,2004,Vintage Cars,60,S18_2248,Marseille Mini Autos,91.24.4555,"12, rue des Bouchers",0.5027071811818455,0.37362637362637363
697,698,698,10367,45.0,100.0,4,8884.8,1/12/2005 0:00,Resolved,1,1,2005,Vintage Cars,60,S18_2248,Toys4GrownUps.com,6265557265,78934 Hillside Dr.,1.016409261604487,0.42857142857142855
698,699,699,10379,27.0,49.3,1,1331.1,2/10/2005 0:00,Shipped,1,2,2005,Vintage Cars,60,S18_2248,Euro Shopping Channel,(91) 555 94 44,"C/ Moralzarzal, 86",-0.8329182279170227,0.23076923076923078
699,700,700,10407,42.0,72.65,1,3051.3,4/22/2005 0:00,On Hold,2,4,2005,Vintage Cars,60,S18_2248,The Sharp Gifts Warehouse,4085553659,3086 Ingle Ln.,0.7081880133509022,0.3956043956043956
700,701,701,10420,36.0,63.57,4,2288.52,5/29/2005 0:00,In Process,2,5,2005,Vintage Cars,60,S18_2248,Souveniers And Things Co.,+61 2 9495 8555,"Monitor Money Building, 815 Pacific Hwy",0.09174551684373221,0.32967032967032966
701,702,702,10104,29.0,100.0,12,3772.61,1/31/2003 0:00,Shipped,1,1,2003,Trucks and Buses,122,S18_2319,Euro Shopping Channel,(91) 555 94 44,"C/ Moralzarzal, 86",-0.6274373957479661,0.25274725274725274
702,703,703,10114,39.0,100.0,3,4164.42,4/1/2003 0:00,Shipped,2,4,2003,Trucks and Buses,122,S18_2319,"La Corne D'abondance, Co.",(1) 42.34.2555,"265, boulevard Charonne",0.3999667650973172,0.3626373626373626
703,704,704,10127,45.0,100.0,14,6295.95,6/3/2003 0:00,Shipped,2,6,2003,Trucks and Buses,122,S18_2319,Muscle Machine Inc,2125557413,4092 Furth Circle,1.016409261604487,0.42857142857142855
704,705,705,10141,47.0,100.0,8,6287.66,8/1/2003 0:00,Shipped,3,8,2003,Trucks and Buses,122,S18_2319,Suominen Souveniers,+358 9 8045 555,"Software Engineering Center, SEC Oy",1.2218900937735437,0.45054945054945056
705,706,706,10151,49.0,100.0,6,5412.54,9/21/2003 0:00,Shipped,3,9,2003,Trucks and Buses,122,S18_2319,"Oulu Toy Supplies, Inc.",981-443655,Torikatu 38,1.4273709259426004,0.4725274725274725
706,707,707,10165,46.0,100.0,15,5984.14,10/22/2003 0:00,Shipped,4,10,2003,Trucks and Buses,122,S18_2319,"Dragon Souveniers, Ltd.",+65 221 7555,"Bronz Sok., Bronz Apt. 3/6 Tesvikiye",1.1191496776890155,0.43956043956043955
707,708,708,10175,48.0,100.0,4,5891.04,11/6/2003 0:00,Shipped,4,11,2003,Trucks and Buses,122,S18_2319,"Stylish Desk Decors, Co.",(171) 555-0297,35 King George,1.3246305098580722,0.46153846153846156
708,709,709,10184,46.0,100.0,9,5984.14,11/14/2003 0:00,Shipped,4,11,2003,Trucks and Buses,122,S18_2319,"Iberia Gift Imports, Corp.",(95) 555 82 82,"C/ Romero, 33",1.1191496776890155,0.43956043956043955
709,710,710,10195,35.0,100.0,9,3608.15,11/25/2003 0:00,Shipped,4,11,2003,Trucks and Buses,122,S18_2319,Mini Classics,9145554562,3758 North Pendale Street,-0.010994899240796116,0.31868131868131866
710,711,711,10207,43.0,100.0,10,5752.54,12/9/2003 0:00,Shipped,4,12,2003,Trucks and Buses,122,S18_2319,Diecast Collectables,6175552555,6251 Ingle Ln.,0.8109284294354305,0.4065934065934066
711,712,712,10229,26.0,100.0,4,3765.32,3/11/2004 0:00,Shipped,1,3,2004,Trucks and Buses,122,S18_2319,Mini Gifts Distributors Ltd.,4155551450,5677 Strong St.,-0.9356586440015511,0.21978021978021978
712,713,713,10246,22.0,98.18,8,2159.96,5/5/2004 0:00,Shipped,2,5,2004,Trucks and Buses,122,S18_2319,Euro Shopping Channel,(91) 555 94 44,"C/ Moralzarzal, 86",-1.3466203083396644,0.17582417582417584
713,714,714,10259,34.0,99.41,7,3379.94,6/15/2004 0:00,Shipped,2,6,2004,Trucks and Buses,122,S18_2319,Handji Gifts& Co,+65 224 1555,Village Close - 106 Linden Road Sandown,-0.11373531532532445,0.3076923076923077
714,715,715,10271,50.0,100.0,8,5093.5,7/20/2004 0:00,Shipped,3,7,2004,Trucks and Buses,122,S18_2319,Mini Gifts Distributors Ltd.,4155551450,5677 Strong St.,1.5301113420271288,0.4835164835164835
715,716,716,10281,48.0,100.0,4,5773.44,8/19/2004 0:00,Shipped,3,8,2004,Trucks and Buses,122,S18_2319,Diecast Classics Inc.,2155551555,7586 Pompton St.,1.3246305098580722,0.46153846153846156
716,717,717,10292,41.0,100.0,11,4528.86,9/8/2004 0:00,Shipped,3,9,2004,Trucks and Buses,122,S18_2319,Land of Toys Inc.,2125557818,897 Long Airport Avenue,0.6054475972663739,0.38461538461538464
717,718,718,10305,36.0,100.0,8,4816.08,10/13/2004 0:00,Shipped,4,10,2004,Trucks and Buses,122,S18_2319,Marta's Replicas Co.,6175558555,39323 Spinnaker Dr.,0.09174551684373221,0.32967032967032966
718,719,719,10313,29.0,100.0,2,3416.78,10/22/2004 0:00,Shipped,4,10,2004,Trucks and Buses,122,S18_2319,Canadian Gift Exchange Network,(604) 555-3392,1900 Oak St.,-0.6274373957479661,0.25274725274725274
719,720,720,10324,33.0,37.48,10,1236.84,11/5/2004 0:00,Shipped,4,11,2004,Trucks and Buses,122,S18_2319,Vitachrome Inc.,2125551500,2678 Kingston Rd.,-0.21647573140985277,0.2967032967032967
720,721,721,10334,46.0,100.0,6,5814.86,11/19/2004 0:00,On Hold,4,11,2004,Trucks and Buses,122,S18_2319,"Volvo Model Replicas, Co",0921-12 3555,Berguvsvgen  8,1.1191496776890155,0.43956043956043955
721,722,722,10349,38.0,100.0,7,5223.48,12/1/2004 0:00,Shipped,4,12,2004,Trucks and Buses,122,S18_2319,Muscle Machine Inc,2125557413,4092 Furth Circle,0.2972263490127889,0.3516483516483517
722,723,723,10358,20.0,36.42,11,728.4,12/10/2004 0:00,Shipped,4,12,2004,Trucks and Buses,122,S18_2319,Euro Shopping Channel,(91) 555 94 44,"C/ Moralzarzal, 86",-1.552101140508721,0.15384615384615385
723,724,724,10370,22.0,100.0,5,3949.0,1/20/2005 0:00,Shipped,1,1,2005,Trucks and Buses,122,S18_2319,"Anna's Decorations, Ltd",02 9936 8555,201 Miller Street,-1.3466203083396644,0.17582417582417584
724,725,725,10383,27.0,100.0,11,3843.99,2/22/2005 0:00,Shipped,1,2,2005,Trucks and Buses,122,S18_2319,Euro Shopping Channel,(91) 555 94 44,"C/ Moralzarzal, 86",-0.8329182279170227,0.23076923076923078
725,726,726,10412,56.0,98.18,8,5498.08,5/3/2005 0:00,Shipped,2,5,2005,Trucks and Buses,122,S18_2319,Euro Shopping Channel,(91) 555 94 44,"C/ Moralzarzal, 86",2.146553838534299,0.5494505494505495
726,727,727,10425,38.0,99.41,7,3777.58,5/31/2005 0:00,In Process,2,5,2005,Trucks and Buses,122,S18_2319,La Rochelle Gifts,40.67.8555,"67, rue des Cinquante Otages",0.2972263490127889,0.3516483516483517
727,728,728,10101,25.0,100.0,4,3782.0,1/9/2003 0:00,Shipped,1,1,2003,Vintage Cars,127,S18_2325,"Blauer See Auto, Co.",+49 69 66 90 2555,Lyonerstr. 34,-1.0383990600860795,0.2087912087912088
728,729,729,10110,33.0,100.0,4,3859.68,3/18/2003 0:00,Shipped,1,3,2003,Vintage Cars,127,S18_2325,"AV Stores, Co.",(171) 555-1555,Fauntleroy Circus,-0.21647573140985277,0.2967032967032967
729,730,730,10124,42.0,100.0,3,4431.84,5/21/2003 0:00,Shipped,2,5,2003,Vintage Cars,127,S18_2325,Signal Gift Stores,7025551838,8489 Strong St.,0.7081880133509022,0.3956043956043956
730,731,731,10149,33.0,100.0,8,4950.33,9/12/2003 0:00,Shipped,3,9,2003,Vintage Cars,127,S18_2325,Signal Collectibles Ltd.,4155554312,2793 Furth Circle,-0.21647573140985277,0.2967032967032967
731,732,732,10162,38.0,100.0,6,4299.7,10/18/2003 0:00,Shipped,4,10,2003,Vintage Cars,127,S18_2325,Corporate Gift Ideas Co.,6505551386,7734 Strong St.,0.2972263490127889,0.3516483516483517
732,733,733,10173,31.0,100.0,10,4492.83,11/5/2003 0:00,Shipped,4,11,2003,Vintage Cars,127,S18_2325,Rovelli Gifts,035-640555,Via Ludovico il Moro 22,-0.4219565635789094,0.27472527472527475
733,734,734,10182,20.0,100.0,7,2212.0,11/12/2003 0:00,Shipped,4,11,2003,Vintage Cars,127,S18_2325,Mini Gifts Distributors Ltd.,4155551450,5677 Strong St.,-1.552101140508721,0.15384615384615385
734,735,735,10193,44.0,100.0,11,4642.88,11/21/2003 0:00,Shipped,4,11,2003,Vintage Cars,127,S18_2325,"Australian Collectables, Ltd",61-9-3844-6555,7 Allen Street,0.9136688455199589,0.4175824175824176
735,736,736,10204,26.0,100.0,1,3206.32,12/2/2003 0:00,Shipped,4,12,2003,Vintage Cars,127,S18_2325,Muscle Machine Inc,2125557413,4092 Furth Circle,-0.9356586440015511,0.21978021978021978
736,737,737,10214,27.0,100.0,4,3604.23,1/26/2004 0:00,Shipped,1,1,2004,Vintage Cars,127,S18_2325,"Corrida Auto Replicas, Ltd",(91) 555 22 82,"C/ Araquil, 67",-0.8329182279170227,0.23076923076923078
737,738,738,10227,46.0,100.0,7,7017.76,3/2/2004 0:00,Shipped,1,3,2004,Vintage Cars,127,S18_2325,"Saveley & Henriot, Co.",78.32.5555,"2, rue du Commerce",1.1191496776890155,0.43956043956043955
738,739,739,10243,47.0,100.0,2,6154.18,4/26/2004 0:00,Shipped,2,4,2004,Vintage Cars,127,S18_2325,Diecast Collectables,6175552555,6251 Ingle Ln.,1.2218900937735437,0.45054945054945056
739,740,740,10280,37.0,100.0,13,4750.8,8/17/2004 0:00,Shipped,3,8,2004,Vintage Cars,127,S18_2325,Amica Models & Co.,011-4988555,Via Monte Bianco 34,0.19448593292826055,0.34065934065934067
740,741,741,10288,31.0,100.0,2,3822.92,9/1/2004 0:00,Shipped,3,9,2004,Vintage Cars,127,S18_2325,Handji Gifts& Co,+65 224 1555,Village Close - 106 Linden Road Sandown,-0.4219565635789094,0.27472527472527475
741,742,742,10304,24.0,100.0,17,2440.8,10/11/2004 0:00,Shipped,4,10,2004,Vintage Cars,127,S18_2325,Auto Assoc. & Cie.,30.59.8555,"67, avenue de l'Europe",-1.1411394761706077,0.1978021978021978
742,743,743,10312,31.0,100.0,14,4729.36,10/21/2004 0:00,Shipped,4,10,2004,Vintage Cars,127,S18_2325,Mini Gifts Distributors Ltd.,4155551450,5677 Strong St.,-0.4219565635789094,0.27472527472527475
743,744,744,10322,50.0,100.0,6,12536.5,11/4/2004 0:00,Shipped,4,11,2004,Vintage Cars,127,S18_2325,Online Diecast Creations Co.,6035558647,2304 Long Airport Avenue,1.5301113420271288,0.4835164835164835
744,745,745,10332,35.0,64.69,8,2264.15,11/17/2004 0:00,Shipped,4,11,2004,Vintage Cars,127,S18_2325,"AV Stores, Co.",(171) 555-1555,Fauntleroy Circus,-0.010994899240796116,0.31868131868131866
745,746,746,10344,30.0,100.0,3,3928.2,11/25/2004 0:00,Shipped,4,11,2004,Vintage Cars,127,S18_2325,Marseille Mini Autos,91.24.4555,"12, rue des Bouchers",-0.5246969796634378,0.26373626373626374
746,747,747,10356,29.0,100.0,3,3630.22,12/9/2004 0:00,Shipped,4,12,2004,Vintage Cars,127,S18_2325,Lyon Souveniers,+33 1 46 62 7555,27 rue du Colonel Pierre Avia,-0.6274373957479661,0.25274725274725274
747,748,748,10367,27.0,100.0,5,4196.07,1/12/2005 0:00,Resolved,1,1,2005,Vintage Cars,127,S18_2325,Toys4GrownUps.com,6265557265,78934 Hillside Dr.,-0.8329182279170227,0.23076923076923078
748,749,749,10380,40.0,100.0,10,4931.6,2/16/2005 0:00,Shipped,1,2,2005,Vintage Cars,127,S18_2325,Euro Shopping Channel,(91) 555 94 44,"C/ Moralzarzal, 86",0.5027071811818455,0.37362637362637363
749,750,750,10390,31.0,98.99,16,3068.69,3/4/2005 0:00,Shipped,1,3,2005,Vintage Cars,127,S18_2325,Mini Gifts Distributors Ltd.,4155551450,5677 Strong St.,-0.4219565635789094,0.27472527472527475
750,751,751,10409,6.0,100.0,2,785.64,4/23/2005 0:00,Shipped,2,4,2005,Vintage Cars,127,S18_2325,Handji Gifts& Co,+65 224 1555,Village Close - 106 Linden Road Sandown,-2.990466965692118,0.0
751,752,752,10420,45.0,100.0,2,4977.0,5/29/2005 0:00,In Process,2,5,2005,Vintage Cars,127,S18_2325,Souveniers And Things Co.,+61 2 9495 8555,"Monitor Money Building, 815 Pacific Hwy",1.016409261604487,0.42857142857142855
752,753,753,10103,22.0,54.09,2,1189.98,1/29/2003 0:00,Shipped,1,1,2003,Trucks and Buses,60,S18_2432,Baane Mini Imports,07-98 9555,Erling Skakkes gate 78,-1.3466203083396644,0.17582417582417584
753,754,754,10114,45.0,68.67,6,3090.15,4/1/2003 0:00,Shipped,2,4,2003,Trucks and Buses,60,S18_2432,"La Corne D'abondance, Co.",(1) 42.34.2555,"265, boulevard Charonne",1.016409261604487,0.42857142857142855
754,755,755,10126,43.0,65.02,2,2795.86,5/28/2003 0:00,Shipped,2,5,2003,Trucks and Buses,60,S18_2432,"Corrida Auto Replicas, Ltd",(91) 555 22 82,"C/ Araquil, 67",0.8109284294354305,0.4065934065934066
755,756,756,10140,46.0,61.99,2,2851.54,7/24/2003 0:00,Shipped,3,7,2003,Trucks and Buses,60,S18_2432,Technics Stores Inc.,6505556809,9408 Furth Circle,1.1191496776890155,0.43956043956043955
756,757,757,10151,39.0,69.28,9,2701.92,9/21/2003 0:00,Shipped,3,9,2003,Trucks and Buses,60,S18_2432,"Oulu Toy Supplies, Inc.",981-443655,Torikatu 38,0.3999667650973172,0.3626373626373626
757,758,758,10165,31.0,71.1,18,2204.1,10/22/2003 0:00,Shipped,4,10,2003,Trucks and Buses,60,S18_2432,"Dragon Souveniers, Ltd.",+65 221 7555,"Bronz Sok., Bronz Apt. 3/6 Tesvikiye",-0.4219565635789094,0.27472527472527475
758,759,759,10175,41.0,69.28,7,2840.48,11/6/2003 0:00,Shipped,4,11,2003,Trucks and Buses,60,S18_2432,"Stylish Desk Decors, Co.",(171) 555-0297,35 King George,0.6054475972663739,0.38461538461538464
759,760,760,10184,44.0,60.16,12,2647.04,11/14/2003 0:00,Shipped,4,11,2003,Trucks and Buses,60,S18_2432,"Iberia Gift Imports, Corp.",(95) 555 82 82,"C/ Romero, 33",0.9136688455199589,0.4175824175824176
760,761,761,10194,45.0,70.49,2,3172.05,11/25/2003 0:00,Shipped,4,11,2003,Trucks and Buses,60,S18_2432,"Saveley & Henriot, Co.",78.32.5555,"2, rue du Commerce",1.016409261604487,0.42857142857142855
761,762,762,10207,37.0,69.89,13,2585.93,12/9/2003 0:00,Shipped,4,12,2003,Trucks and Buses,60,S18_2432,Diecast Collectables,6175552555,6251 Ingle Ln.,0.19448593292826055,0.34065934065934067
762,763,763,10217,35.0,61.38,2,2148.3,2/4/2004 0:00,Shipped,1,2,2004,Trucks and Buses,60,S18_2432,Handji Gifts& Co,+65 224 1555,Village Close - 106 Linden Road Sandown,-0.010994899240796116,0.31868131868131866
763,764,764,10229,28.0,59.55,7,1667.4,3/11/2004 0:00,Shipped,1,3,2004,Trucks and Buses,60,S18_2432,Mini Gifts Distributors Ltd.,4155551450,5677 Strong St.,-0.7301778118324944,0.24175824175824176
764,765,765,10246,30.0,61.99,11,1859.7,5/5/2004 0:00,Shipped,2,5,2004,Trucks and Buses,60,S18_2432,Euro Shopping Channel,(91) 555 94 44,"C/ Moralzarzal, 86",-0.5246969796634378,0.26373626373626374
765,766,766,10259,30.0,49.22,10,1476.6,6/15/2004 0:00,Shipped,2,6,2004,Trucks and Buses,60,S18_2432,Handji Gifts& Co,+65 224 1555,Village Close - 106 Linden Road Sandown,-0.5246969796634378,0.26373626373626374
766,767,767,10271,25.0,69.28,11,1732.0,7/20/2004 0:00,Shipped,3,7,2004,Trucks and Buses,60,S18_2432,Mini Gifts Distributors Ltd.,4155551450,5677 Strong St.,-1.0383990600860795,0.2087912087912088
767,768,768,10281,29.0,57.73,7,1674.17,8/19/2004 0:00,Shipped,3,8,2004,Trucks and Buses,60,S18_2432,Diecast Classics Inc.,2155551555,7586 Pompton St.,-0.6274373957479661,0.25274725274725274
768,769,769,10291,26.0,57.73,2,1500.98,9/8/2004 0:00,Shipped,3,9,2004,Trucks and Buses,60,S18_2432,Scandinavian Gift Ideas,0695-34 6555,?kergatan 24,-0.9356586440015511,0.21978021978021978
769,770,770,10305,41.0,53.48,11,2192.68,10/13/2004 0:00,Shipped,4,10,2004,Trucks and Buses,60,S18_2432,Marta's Replicas Co.,6175558555,39323 Spinnaker Dr.,0.6054475972663739,0.38461538461538464
770,771,771,10313,34.0,52.87,5,1797.58,10/22/2004 0:00,Shipped,4,10,2004,Trucks and Buses,60,S18_2432,Canadian Gift Exchange Network,(604) 555-3392,1900 Oak St.,-0.11373531532532445,0.3076923076923077
771,772,772,10322,35.0,61.21,11,2142.35,11/4/2004 0:00,Shipped,4,11,2004,Trucks and Buses,60,S18_2432,Online Diecast Creations Co.,6035558647,2304 Long Airport Avenue,-0.010994899240796116,0.31868131868131866
772,773,773,10334,34.0,61.38,1,2086.92,11/19/2004 0:00,On Hold,4,11,2004,Trucks and Buses,60,S18_2432,"Volvo Model Replicas, Co",0921-12 3555,Berguvsvgen  8,-0.11373531532532445,0.3076923076923077
773,774,774,10347,50.0,100.0,8,6834.5,11/29/2004 0:00,Shipped,4,11,2004,Trucks and Buses,60,S18_2432,"Australian Collectors, Co.",03 9520 4555,636 St Kilda Road,1.5301113420271288,0.4835164835164835
774,775,775,10357,41.0,61.99,7,2541.59,12/10/2004 0:00,Shipped,4,12,2004,Trucks and Buses,60,S18_2432,Mini Gifts Distributors Ltd.,4155551450,5677 Strong St.,0.6054475972663739,0.38461538461538464
775,776,776,10370,22.0,96.86,7,2130.92,1/20/2005 0:00,Shipped,1,1,2005,Trucks and Buses,60,S18_2432,"Anna's Decorations, Ltd",02 9936 8555,201 Miller Street,-1.3466203083396644,0.17582417582417584
776,777,777,10381,35.0,48.62,7,1701.7,2/17/2005 0:00,Shipped,1,2,2005,Trucks and Buses,60,S18_2432,Corporate Gift Ideas Co.,6505551386,7734 Strong St.,-0.010994899240796116,0.31868131868131866
777,778,778,10391,44.0,38.5,5,1694.0,3/9/2005 0:00,Shipped,1,3,2005,Trucks and Buses,60,S18_2432,"Anna's Decorations, Ltd",02 9936 8555,201 Miller Street,0.9136688455199589,0.4175824175824176
778,779,779,10412,47.0,61.99,11,2913.53,5/3/2005 0:00,Shipped,2,5,2005,Trucks and Buses,60,S18_2432,Euro Shopping Channel,(91) 555 94 44,"C/ Moralzarzal, 86",1.2218900937735437,0.45054945054945056
779,780,780,10425,19.0,49.22,10,935.18,5/31/2005 0:00,In Process,2,5,2005,Trucks and Buses,60,S18_2432,La Rochelle Gifts,40.67.8555,"67, rue des Cinquante Otages",-1.6548415565932495,0.14285714285714285
780,781,781,10106,34.0,90.39,2,3073.26,2/17/2003 0:00,Shipped,1,2,2003,Planes,84,S18_2581,Rovelli Gifts,035-640555,Via Ludovico il Moro 22,-0.11373531532532445,0.3076923076923077
781,782,782,10120,29.0,71.81,8,2082.49,4/29/2003 0:00,Shipped,2,4,2003,Planes,84,S18_2581,"Australian Collectors, Co.",03 9520 4555,636 St Kilda Road,-0.6274373957479661,0.25274725274725274
782,783,783,10133,49.0,69.27,3,3394.23,6/27/2003 0:00,Shipped,2,6,2003,Planes,84,S18_2581,Euro Shopping Channel,(91) 555 94 44,"C/ Moralzarzal, 86",1.4273709259426004,0.4725274725274725
783,784,784,10145,30.0,85.32,14,2559.6,8/25/2003 0:00,Shipped,3,8,2003,Planes,84,S18_2581,Toys4GrownUps.com,6265557265,78934 Hillside Dr.,-0.5246969796634378,0.26373626373626374
784,785,785,10168,21.0,70.96,9,1490.16,10/28/2003 0:00,Shipped,4,10,2003,Planes,84,S18_2581,Technics Stores Inc.,6505556809,9408 Furth Circle,-1.4493607244241928,0.16483516483516483
785,786,786,10210,50.0,76.88,7,3844.0,1/12/2004 0:00,Shipped,1,1,2004,Planes,84,S18_2581,Osaka Souveniers Co.,+81 06 6342 5555,"Dojima Avanza 4F, 1-6-20 Dojima, Kita-ku",1.5301113420271288,0.4835164835164835
786,787,787,10223,47.0,100.0,9,4724.91,2/20/2004 0:00,Shipped,1,2,2004,Planes,84,S18_2581,"Australian Collectors, Co.",03 9520 4555,636 St Kilda Road,1.2218900937735437,0.45054945054945056
787,788,788,10235,24.0,76.03,3,1824.72,4/2/2004 0:00,Shipped,2,4,2004,Planes,84,S18_2581,"Royal Canadian Collectables, Ltd.",(604) 555-4555,23 Tsawassen Blvd.,-1.1411394761706077,0.1978021978021978
788,789,789,10250,27.0,98.84,4,2668.68,5/11/2004 0:00,Shipped,2,5,2004,Planes,84,S18_2581,The Sharp Gifts Warehouse,4085553659,3086 Ingle Ln.,-0.8329182279170227,0.23076923076923078
789,790,790,10263,33.0,86.17,10,2843.61,6/28/2004 0:00,Shipped,2,6,2004,Planes,84,S18_2581,Gift Depot Inc.,2035552570,25593 South Bay Ln.,-0.21647573140985277,0.2967032967032967
790,791,791,10275,35.0,90.39,9,3163.65,7/23/2004 0:00,Shipped,3,7,2004,Planes,84,S18_2581,La Rochelle Gifts,40.67.8555,"67, rue des Cinquante Otages",-0.010994899240796116,0.31868131868131866
791,792,792,10284,31.0,71.81,1,2226.11,8/21/2004 0:00,Shipped,3,8,2004,Planes,84,S18_2581,"Norway Gifts By Mail, Co.",+47 2212 1555,"Drammensveien 126 A, PB 744 Sentrum",-0.4219565635789094,0.27472527472527475
792,793,793,10297,25.0,82.79,4,2069.75,9/16/2004 0:00,Shipped,3,9,2004,Planes,84,S18_2581,"Clover Collections, Co.",+353 1862 1555,25 Maiden Lane,-1.0383990600860795,0.2087912087912088
793,794,794,10308,27.0,82.79,7,2235.33,10/15/2004 0:00,Shipped,4,10,2004,Planes,84,S18_2581,Mini Classics,9145554562,3758 North Pendale Street,-0.8329182279170227,0.23076923076923078
794,795,795,10318,31.0,100.0,9,3116.43,11/2/2004 0:00,Shipped,4,11,2004,Planes,84,S18_2581,Diecast Classics Inc.,2155551555,7586 Pompton St.,-0.4219565635789094,0.27472527472527475
795,796,796,10327,45.0,100.0,8,4781.7,11/10/2004 0:00,Resolved,4,11,2004,Planes,84,S18_2581,Danish Wholesale Imports,31 12 3555,Vinb'ltet 34,1.016409261604487,0.42857142857142855
796,797,797,10339,27.0,100.0,2,2810.7,11/23/2004 0:00,Shipped,4,11,2004,Planes,84,S18_2581,"Tokyo Collectables, Ltd",+81 3 3584 0555,2-2-8 Roppongi,-0.8329182279170227,0.23076923076923078
797,798,798,10353,27.0,100.0,1,3515.67,12/4/2004 0:00,Shipped,4,12,2004,Planes,84,S18_2581,Gift Ideas Corp.,2035554407,2440 Pompton St.,-0.8329182279170227,0.23076923076923078
798,799,799,10374,42.0,69.27,2,2909.34,2/2/2005 0:00,Shipped,1,2,2005,Planes,84,S18_2581,"Australian Gift Network, Co",61-7-3844-6555,31 Duncan St. West End,0.7081880133509022,0.3956043956043956
799,800,800,10386,21.0,74.77,18,1570.17,3/1/2005 0:00,Resolved,1,3,2005,Planes,84,S18_2581,Euro Shopping Channel,(91) 555 94 44,"C/ Moralzarzal, 86",-1.4493607244241928,0.16483516483516483
800,801,801,10398,34.0,76.88,15,2613.92,3/30/2005 0:00,Shipped,1,3,2005,Planes,84,S18_2581,Reims Collectables,26.47.1555,59 rue de l'Abbaye,-0.11373531532532445,0.3076923076923077
801,802,802,10401,42.0,76.03,3,3193.26,4/3/2005 0:00,On Hold,2,4,2005,Planes,84,S18_2581,Tekni Collectables Inc.,2015559350,7476 Moss Rd.,0.7081880133509022,0.3956043956043956
802,803,803,10416,15.0,98.84,4,1482.6,5/10/2005 0:00,Shipped,2,5,2005,Planes,84,S18_2581,L'ordine Souveniers,0522-556555,Strada Provinciale 124,-2.065803220931363,0.0989010989010989
803,804,804,10107,29.0,70.87,6,2055.23,2/24/2003 0:00,Shipped,1,2,2003,Motorcycles,60,S18_2625,Land of Toys Inc.,2125557818,897 Long Airport Avenue,-0.6274373957479661,0.25274725274725274
804,805,805,10120,46.0,58.15,4,2674.9,4/29/2003 0:00,Shipped,2,4,2003,Motorcycles,60,S18_2625,"Australian Collectors, Co.",03 9520 4555,636 St Kilda Road,1.1191496776890155,0.43956043956043955
805,806,806,10134,30.0,61.78,6,1853.4,7/1/2003 0:00,Shipped,3,7,2003,Motorcycles,60,S18_2625,Lyon Souveniers,+33 1 46 62 7555,27 rue du Colonel Pierre Avia,-0.5246969796634378,0.26373626373626374
806,807,807,10145,30.0,49.67,10,1490.1,8/25/2003 0:00,Shipped,3,8,2003,Motorcycles,60,S18_2625,Toys4GrownUps.com,6265557265,78934 Hillside Dr.,-0.5246969796634378,0.26373626373626374
807,808,808,10159,42.0,51.48,18,2162.16,10/10/2003 0:00,Shipped,4,10,2003,Motorcycles,60,S18_2625,Corporate Gift Ideas Co.,6505551386,7734 Strong St.,0.7081880133509022,0.3956043956043956
808,809,809,10168,46.0,61.18,5,2814.28,10/28/2003 0:00,Shipped,4,10,2003,Motorcycles,60,S18_2625,Technics Stores Inc.,6505556809,9408 Furth Circle,1.1191496776890155,0.43956043956043955
809,810,810,10180,25.0,64.2,13,1605.0,11/11/2003 0:00,Shipped,4,11,2003,Motorcycles,60,S18_2625,Daedalus Designs Imports,20.16.1555,"184, chausse de Tournai",-1.0383990600860795,0.2087912087912088
810,811,811,10188,32.0,65.42,5,2093.44,11/18/2003 0:00,Shipped,4,11,2003,Motorcycles,60,S18_2625,Herkku Gifts,+47 2267 3215,"Drammen 121, PR 744 Sentrum",-0.3192161474943811,0.2857142857142857
811,812,812,10201,30.0,64.81,6,1944.3,12/1/2003 0:00,Shipped,4,12,2003,Motorcycles,60,S18_2625,Mini Wheels Co.,6505555787,5557 North Pendale Street,-0.5246969796634378,0.26373626373626374
812,813,813,10210,40.0,49.67,3,1986.8,1/12/2004 0:00,Shipped,1,1,2004,Motorcycles,60,S18_2625,Osaka Souveniers Co.,+81 06 6342 5555,"Dojima Avanza 4F, 1-6-20 Dojima, Kita-ku",0.5027071811818455,0.37362637362637363
813,814,814,10223,28.0,60.57,5,1695.96,2/20/2004 0:00,Shipped,1,2,2004,Motorcycles,60,S18_2625,"Australian Collectors, Co.",03 9520 4555,636 St Kilda Road,-0.7301778118324944,0.24175824175824176
814,815,815,10236,23.0,55.72,2,1281.56,4/3/2004 0:00,Shipped,2,4,2004,Motorcycles,60,S18_2625,Motor Mint Distributors Inc.,2155559857,11328 Douglas Av.,-1.2438798922551362,0.18681318681318682
815,816,816,10251,29.0,61.18,6,1774.22,5/18/2004 0:00,Shipped,2,5,2004,Motorcycles,60,S18_2625,Tekni Collectables Inc.,2015559350,7476 Moss Rd.,-0.6274373957479661,0.25274725274725274
816,817,817,10263,34.0,58.75,6,1997.5,6/28/2004 0:00,Shipped,2,6,2004,Motorcycles,60,S18_2625,Gift Depot Inc.,2035552570,25593 South Bay Ln.,-0.11373531532532445,0.3076923076923077
817,818,818,10275,37.0,63.6,5,2353.2,7/23/2004 0:00,Shipped,3,7,2004,Motorcycles,60,S18_2625,La Rochelle Gifts,40.67.8555,"67, rue des Cinquante Otages",0.19448593292826055,0.34065934065934067
818,819,819,10285,20.0,49.06,10,981.2,8/27/2004 0:00,Shipped,3,8,2004,Motorcycles,60,S18_2625,Marta's Replicas Co.,6175558555,39323 Spinnaker Dr.,-1.552101140508721,0.15384615384615385
819,820,820,10298,32.0,48.46,2,1550.72,9/27/2004 0:00,Shipped,3,9,2004,Motorcycles,60,S18_2625,Atelier graphique,40.32.2555,"54, rue Royale",-0.3192161474943811,0.2857142857142857
820,821,821,10308,34.0,52.09,3,1771.06,10/15/2004 0:00,Shipped,4,10,2004,Motorcycles,60,S18_2625,Mini Classics,9145554562,3758 North Pendale Street,-0.11373531532532445,0.3076923076923077
821,822,822,10318,42.0,52.7,5,2213.4,11/2/2004 0:00,Shipped,4,11,2004,Motorcycles,60,S18_2625,Diecast Classics Inc.,2155551555,7586 Pompton St.,0.7081880133509022,0.3956043956043956
822,823,823,10329,38.0,100.0,12,5266.04,11/15/2004 0:00,Shipped,4,11,2004,Motorcycles,60,S18_2625,Land of Toys Inc.,2125557818,897 Long Airport Avenue,0.2972263490127889,0.3516483516483517
823,824,824,10339,30.0,62.16,1,1864.8,11/23/2004 0:00,Shipped,4,11,2004,Motorcycles,60,S18_2625,"Tokyo Collectables, Ltd",+81 3 3584 0555,2-2-8 Roppongi,-0.5246969796634378,0.26373626373626374
824,825,825,10362,23.0,49.67,3,1142.41,1/5/2005 0:00,Shipped,1,1,2005,Motorcycles,60,S18_2625,Technics Stores Inc.,6505556809,9408 Furth Circle,-1.2438798922551362,0.18681318681318682
825,826,826,10374,22.0,53.3,4,1172.6,2/2/2005 0:00,Shipped,1,2,2005,Motorcycles,60,S18_2625,"Australian Gift Network, Co",61-7-3844-6555,31 Duncan St. West End,-1.3466203083396644,0.17582417582417584
826,827,827,10389,39.0,100.0,5,6981.0,3/3/2005 0:00,Shipped,1,3,2005,Motorcycles,60,S18_2625,Scandinavian Gift Ideas,0695-34 6555,?kergatan 24,0.3999667650973172,0.3626373626373626
827,828,828,10402,55.0,55.72,2,3064.6,4/7/2005 0:00,Shipped,2,4,2005,Motorcycles,60,S18_2625,Auto Canal Petit,(1) 47.55.6555,"25, rue Lauriston",2.0438134224497704,0.5384615384615384
828,829,829,10417,36.0,61.18,6,2202.48,5/13/2005 0:00,Disputed,2,5,2005,Motorcycles,60,S18_2625,Euro Shopping Channel,(91) 555 94 44,"C/ Moralzarzal, 86",0.09174551684373221,0.32967032967032966
829,830,830,10101,26.0,100.0,1,3773.38,1/9/2003 0:00,Shipped,1,1,2003,Vintage Cars,168,S18_2795,"Blauer See Auto, Co.",+49 69 66 90 2555,Lyonerstr. 34,-0.9356586440015511,0.21978021978021978
830,831,831,10110,31.0,100.0,1,5074.39,3/18/2003 0:00,Shipped,1,3,2003,Vintage Cars,168,S18_2795,"AV Stores, Co.",(171) 555-1555,Fauntleroy Circus,-0.4219565635789094,0.27472527472527475
831,832,832,10125,34.0,100.0,2,6483.46,5/21/2003 0:00,Shipped,2,5,2003,Vintage Cars,168,S18_2795,"Australian Collectors, Co.",03 9520 4555,636 St Kilda Road,-0.11373531532532445,0.3076923076923077
832,833,833,10139,41.0,100.0,8,7956.46,7/16/2003 0:00,Shipped,3,7,2003,Vintage Cars,168,S18_2795,Souveniers And Things Co.,+61 2 9495 8555,"Monitor Money Building, 815 Pacific Hwy",0.6054475972663739,0.38461538461538464
833,834,834,10149,23.0,100.0,5,4230.62,9/12/2003 0:00,Shipped,3,9,2003,Vintage Cars,168,S18_2795,Signal Collectibles Ltd.,4155554312,2793 Furth Circle,-1.2438798922551362,0.18681318681318682
834,835,835,10162,48.0,100.0,3,7209.12,10/18/2003 0:00,Shipped,4,10,2003,Vintage Cars,168,S18_2795,Corporate Gift Ideas Co.,6505551386,7734 Strong St.,1.3246305098580722,0.46153846153846156
835,836,836,10173,22.0,100.0,7,3452.68,11/5/2003 0:00,Shipped,4,11,2003,Vintage Cars,168,S18_2795,Rovelli Gifts,035-640555,Via Ludovico il Moro 22,-1.3466203083396644,0.17582417582417584
836,837,837,10182,21.0,100.0,4,3047.73,11/12/2003 0:00,Shipped,4,11,2003,Vintage Cars,168,S18_2795,Mini Gifts Distributors Ltd.,4155551450,5677 Strong St.,-1.4493607244241928,0.16483516483516483
837,838,838,10193,22.0,100.0,8,3675.32,11/21/2003 0:00,Shipped,4,11,2003,Vintage Cars,168,S18_2795,"Australian Collectables, Ltd",61-9-3844-6555,7 Allen Street,-1.3466203083396644,0.17582417582417584
838,839,839,10205,40.0,100.0,3,7492.4,12/3/2003 0:00,Shipped,4,12,2003,Vintage Cars,168,S18_2795,Euro Shopping Channel,(91) 555 94 44,"C/ Moralzarzal, 86",0.5027071811818455,0.37362637362637363
839,840,840,10214,50.0,100.0,1,9534.5,1/26/2004 0:00,Shipped,1,1,2004,Vintage Cars,168,S18_2795,"Corrida Auto Replicas, Ltd",(91) 555 22 82,"C/ Araquil, 67",1.5301113420271288,0.4835164835164835
840,841,841,10227,29.0,100.0,4,5579.02,3/2/2004 0:00,Shipped,1,3,2004,Vintage Cars,168,S18_2795,"Saveley & Henriot, Co.",78.32.5555,"2, rue du Commerce",-0.6274373957479661,0.25274725274725274
841,842,842,10244,43.0,100.0,8,5950.34,4/29/2004 0:00,Shipped,2,4,2004,Vintage Cars,168,S18_2795,Euro Shopping Channel,(91) 555 94 44,"C/ Moralzarzal, 86",0.8109284294354305,0.4065934065934066
842,843,843,10255,24.0,100.0,1,3726.0,6/4/2004 0:00,Shipped,2,6,2004,Vintage Cars,168,S18_2795,Mini Caravy,88.60.1555,"24, place Kluber",-1.1411394761706077,0.1978021978021978
843,844,844,10280,22.0,100.0,10,4455.0,8/17/2004 0:00,Shipped,3,8,2004,Vintage Cars,168,S18_2795,Amica Models & Co.,011-4988555,Via Monte Bianco 34,-1.3466203083396644,0.17582417582417584
844,845,845,10289,43.0,100.0,3,8272.34,9/3/2004 0:00,Shipped,3,9,2004,Vintage Cars,168,S18_2795,Herkku Gifts,+47 2267 3215,"Drammen 121, PR 744 Sentrum",0.8109284294354305,0.4065934065934066
845,846,846,10304,20.0,100.0,14,3577.6,10/11/2004 0:00,Shipped,4,10,2004,Vintage Cars,168,S18_2795,Auto Assoc. & Cie.,30.59.8555,"67, avenue de l'Europe",-1.552101140508721,0.15384615384615385
846,847,847,10312,25.0,100.0,11,3881.25,10/21/2004 0:00,Shipped,4,10,2004,Vintage Cars,168,S18_2795,Mini Gifts Distributors Ltd.,4155551450,5677 Strong St.,-1.0383990600860795,0.2087912087912088
847,848,848,10322,36.0,100.0,2,5797.44,11/4/2004 0:00,Shipped,4,11,2004,Vintage Cars,168,S18_2795,Online Diecast Creations Co.,6035558647,2304 Long Airport Avenue,0.09174551684373221,0.32967032967032966
848,849,849,10332,24.0,52.67,1,1264.08,11/17/2004 0:00,Shipped,4,11,2004,Vintage Cars,168,S18_2795,"AV Stores, Co.",(171) 555-1555,Fauntleroy Circus,-1.1411394761706077,0.1978021978021978
849,850,850,10347,21.0,100.0,6,4815.3,11/29/2004 0:00,Shipped,4,11,2004,Vintage Cars,168,S18_2795,"Australian Collectors, Co.",03 9520 4555,636 St Kilda Road,-1.4493607244241928,0.16483516483516483
850,851,851,10356,30.0,100.0,1,4462.2,12/9/2004 0:00,Shipped,4,12,2004,Vintage Cars,168,S18_2795,Lyon Souveniers,+33 1 46 62 7555,27 rue du Colonel Pierre Avia,-0.5246969796634378,0.26373626373626374
851,852,852,10367,32.0,94.79,7,3033.28,1/12/2005 0:00,Resolved,1,1,2005,Vintage Cars,168,S18_2795,Toys4GrownUps.com,6265557265,78934 Hillside Dr.,-0.3192161474943811,0.2857142857142857
852,853,853,10380,21.0,47.18,8,990.78,2/16/2005 0:00,Shipped,1,2,2005,Vintage Cars,168,S18_2795,Euro Shopping Channel,(91) 555 94 44,"C/ Moralzarzal, 86",-1.4493607244241928,0.16483516483516483
853,854,854,10390,26.0,78.11,7,2030.86,3/4/2005 0:00,Shipped,1,3,2005,Vintage Cars,168,S18_2795,Mini Gifts Distributors Ltd.,4155551450,5677 Strong St.,-0.9356586440015511,0.21978021978021978
854,855,855,10421,35.0,100.0,1,5433.75,5/29/2005 0:00,In Process,2,5,2005,Vintage Cars,168,S18_2795,Mini Gifts Distributors Ltd.,4155551450,5677 Strong St.,-0.010994899240796116,0.31868131868131866
855,856,856,10109,26.0,100.0,1,3157.44,3/10/2003 0:00,Shipped,1,3,2003,Classic Cars,132,S18_2870,Motor Mint Distributors Inc.,2155559857,11328 Douglas Av.,-0.9356586440015511,0.21978021978021978
856,857,857,10123,46.0,100.0,3,5161.2,5/20/2003 0:00,Shipped,2,5,2003,Classic Cars,132,S18_2870,Atelier graphique,40.32.2555,"54, rue Royale",1.1191496776890155,0.43956043956043955
857,858,858,10137,37.0,100.0,3,4346.76,7/10/2003 0:00,Shipped,3,7,2003,Classic Cars,132,S18_2870,Reims Collectables,26.47.1555,59 rue de l'Abbaye,0.19448593292826055,0.34065934065934067
858,859,859,10148,27.0,100.0,10,3528.36,9/11/2003 0:00,Shipped,3,9,2003,Classic Cars,132,S18_2870,"Anna's Decorations, Ltd",02 9936 8555,201 Miller Street,-0.8329182279170227,0.23076923076923078
859,860,860,10161,23.0,100.0,9,3187.8,10/17/2003 0:00,Shipped,4,10,2003,Classic Cars,132,S18_2870,Heintze Collectables,86 21 3555,Smagsloget 45,-1.2438798922551362,0.18681318681318682
860,861,861,10172,39.0,100.0,7,6023.16,11/5/2003 0:00,Shipped,4,11,2003,Classic Cars,132,S18_2870,Gift Depot Inc.,2035552570,25593 South Bay Ln.,0.3999667650973172,0.3626373626373626
861,862,862,10181,27.0,100.0,3,3884.76,11/12/2003 0:00,Shipped,4,11,2003,Classic Cars,132,S18_2870,Herkku Gifts,+47 2267 3215,"Drammen 121, PR 744 Sentrum",-0.8329182279170227,0.23076923076923078
862,863,863,10192,38.0,100.0,8,4965.84,11/20/2003 0:00,Shipped,4,11,2003,Classic Cars,132,S18_2870,Online Diecast Creations Co.,6035558647,2304 Long Airport Avenue,0.2972263490127889,0.3516483516483517
863,864,864,10204,27.0,100.0,14,4169.88,12/2/2003 0:00,Shipped,4,12,2003,Classic Cars,132,S18_2870,Muscle Machine Inc,2125557413,4092 Furth Circle,-0.8329182279170227,0.23076923076923078
864,865,865,10212,40.0,100.0,7,4910.4,1/16/2004 0:00,Shipped,1,1,2004,Classic Cars,132,S18_2870,Euro Shopping Channel,(91) 555 94 44,"C/ Moralzarzal, 86",0.5027071811818455,0.37362637362637363
865,866,866,10226,24.0,100.0,5,3231.36,2/26/2004 0:00,Shipped,1,2,2004,Classic Cars,132,S18_2870,Collectable Mini Designs Co.,7605558146,361 Furth Circle,-1.1411394761706077,0.1978021978021978
866,867,867,10241,44.0,100.0,12,6853.44,4/13/2004 0:00,Shipped,2,4,2004,Classic Cars,132,S18_2870,Mini Caravy,88.60.1555,"24, place Kluber",0.9136688455199589,0.4175824175824176
867,868,868,10253,37.0,100.0,2,5177.04,6/1/2004 0:00,Cancelled,2,6,2004,Classic Cars,132,S18_2870,"UK Collectables, Ltd.",(171) 555-2282,Berkeley Gardens 12  Brewery,0.19448593292826055,0.34065934065934067
868,869,869,10266,20.0,100.0,3,2824.8,7/6/2004 0:00,Shipped,3,7,2004,Classic Cars,132,S18_2870,L'ordine Souveniers,0522-556555,Strada Provinciale 124,-1.552101140508721,0.15384615384615385
869,870,870,10278,39.0,100.0,3,4324.32,8/6/2004 0:00,Shipped,3,8,2004,Classic Cars,132,S18_2870,Signal Gift Stores,7025551838,8489 Strong St.,0.3999667650973172,0.3626373626373626
870,871,871,10287,44.0,100.0,1,5052.96,8/30/2004 0:00,Shipped,3,8,2004,Classic Cars,132,S18_2870,"Vida Sport, Ltd",0897-034555,Grenzacherweg 237,0.9136688455199589,0.4175824175824176
871,872,872,10301,22.0,100.0,5,3223.44,10/5/2003 0:00,Shipped,4,10,2003,Classic Cars,132,S18_2870,"Norway Gifts By Mail, Co.",+47 2212 1555,"Drammensveien 126 A, PB 744 Sentrum",-1.3466203083396644,0.17582417582417584
872,873,873,10311,43.0,100.0,10,5278.68,10/16/2004 0:00,Shipped,4,10,2004,Classic Cars,132,S18_2870,Euro Shopping Channel,(91) 555 94 44,"C/ Moralzarzal, 86",0.8109284294354305,0.4065934065934066
873,874,874,10321,27.0,100.0,7,2851.2,11/4/2004 0:00,Shipped,4,11,2004,Classic Cars,132,S18_2870,FunGiftIdeas.com,5085552555,1785 First Street,-0.8329182279170227,0.23076923076923078
874,875,875,10331,26.0,64.9,10,1687.4,11/17/2004 0:00,Shipped,4,11,2004,Classic Cars,132,S18_2870,Motor Mint Distributors Inc.,2155559857,11328 Douglas Av.,-0.9356586440015511,0.21978021978021978
875,876,876,10343,25.0,52.32,3,1308.0,11/24/2004 0:00,Shipped,4,11,2004,Classic Cars,132,S18_2870,Reims Collectables,26.47.1555,59 rue de l'Abbaye,-1.0383990600860795,0.2087912087912088
876,877,877,10366,49.0,100.0,2,6144.6,1/10/2005 0:00,Shipped,1,1,2005,Classic Cars,132,S18_2870,Royale Belge,(071) 23 67 2555,"Boulevard Tirou, 255",1.4273709259426004,0.4725274725274725
877,878,878,10379,29.0,100.0,5,5127.2,2/10/2005 0:00,Shipped,1,2,2005,Classic Cars,132,S18_2870,Euro Shopping Channel,(91) 555 94 44,"C/ Moralzarzal, 86",-0.6274373957479661,0.25274725274725274
878,879,879,10407,41.0,100.0,12,6386.16,4/22/2005 0:00,On Hold,2,4,2005,Classic Cars,132,S18_2870,The Sharp Gifts Warehouse,4085553659,3086 Ingle Ln.,0.6054475972663739,0.38461538461538464
879,880,880,10419,55.0,100.0,2,7695.6,5/17/2005 0:00,Shipped,2,5,2005,Classic Cars,132,S18_2870,Salzburg Collectables,6562-9555,Geislweg 14,2.0438134224497704,0.5384615384615384
880,881,881,10103,27.0,83.07,12,2242.89,1/29/2003 0:00,Shipped,1,1,2003,Vintage Cars,101,S18_2949,Baane Mini Imports,07-98 9555,Erling Skakkes gate 78,-0.8329182279170227,0.23076923076923078
881,882,882,10112,23.0,100.0,2,2539.89,3/24/2003 0:00,Shipped,1,3,2003,Vintage Cars,101,S18_2949,"Volvo Model Replicas, Co",0921-12 3555,Berguvsvgen  8,-1.2438798922551362,0.18681318681318682
882,883,883,10126,31.0,90.17,12,2795.27,5/28/2003 0:00,Shipped,2,5,2003,Vintage Cars,101,S18_2949,"Corrida Auto Replicas, Ltd",(91) 555 22 82,"C/ Araquil, 67",-0.4219565635789094,0.27472527472527475
883,884,884,10139,46.0,100.0,1,5545.76,7/16/2003 0:00,Shipped,3,7,2003,Vintage Cars,101,S18_2949,Souveniers And Things Co.,+61 2 9495 8555,"Monitor Money Building, 815 Pacific Hwy",1.1191496776890155,0.43956043956043955
884,885,885,10150,47.0,91.18,9,4285.46,9/19/2003 0:00,Shipped,3,9,2003,Vintage Cars,101,S18_2949,"Dragon Souveniers, Ltd.",+65 221 7555,"Bronz Sok., Bronz Apt. 3/6 Tesvikiye",1.2218900937735437,0.45054945054945056
885,886,886,10163,31.0,100.0,2,3329.09,10/20/2003 0:00,Shipped,4,10,2003,Vintage Cars,101,S18_2949,Classic Legends Inc.,2125558493,5905 Pompton St.,-0.4219565635789094,0.27472527472527475
886,887,887,10174,46.0,100.0,5,5592.22,11/6/2003 0:00,Shipped,4,11,2003,Vintage Cars,101,S18_2949,"Australian Gift Network, Co",61-7-3844-6555,31 Duncan St. West End,1.1191496776890155,0.43956043956043955
887,888,888,10183,37.0,89.15,9,3298.55,11/13/2003 0:00,Shipped,4,11,2003,Vintage Cars,101,S18_2949,"Classic Gift Ideas, Inc",2155554695,782 First Street,0.19448593292826055,0.34065934065934067
888,889,889,10193,28.0,93.21,1,2609.88,11/21/2003 0:00,Shipped,4,11,2003,Vintage Cars,101,S18_2949,"Australian Collectables, Ltd",61-9-3844-6555,7 Allen Street,-0.7301778118324944,0.24175824175824176
889,890,890,10206,37.0,90.17,7,3336.29,12/5/2003 0:00,Shipped,4,12,2003,Vintage Cars,101,S18_2949,Canadian Gift Exchange Network,(604) 555-3392,1900 Oak St.,0.19448593292826055,0.34065934065934067
890,891,891,10215,49.0,100.0,4,5510.05,1/29/2004 0:00,Shipped,1,1,2004,Vintage Cars,101,S18_2949,West Coast Collectables Co.,3105553722,3675 Furth Circle,1.4273709259426004,0.4725274725274725
891,892,892,10228,24.0,100.0,3,2504.4,3/10/2004 0:00,Shipped,1,3,2004,Vintage Cars,101,S18_2949,Cambridge Collectables Co.,6175555555,4658 Baden Av.,-1.1411394761706077,0.1978021978021978
892,893,893,10244,30.0,100.0,1,3525.6,4/29/2004 0:00,Shipped,2,4,2004,Vintage Cars,101,S18_2949,Euro Shopping Channel,(91) 555 94 44,"C/ Moralzarzal, 86",-0.5246969796634378,0.26373626373626374
893,894,894,10257,50.0,88.14,1,4407.0,6/14/2004 0:00,Shipped,2,6,2004,Vintage Cars,101,S18_2949,The Sharp Gifts Warehouse,4085553659,3086 Ingle Ln.,1.5301113420271288,0.4835164835164835
894,895,895,10270,31.0,96.24,10,2983.44,7/19/2004 0:00,Shipped,3,7,2004,Vintage Cars,101,S18_2949,Souveniers And Things Co.,+61 2 9495 8555,"Monitor Money Building, 815 Pacific Hwy",-0.4219565635789094,0.27472527472527475
895,896,896,10280,46.0,100.0,3,5126.24,8/17/2004 0:00,Shipped,3,8,2004,Vintage Cars,101,S18_2949,Amica Models & Co.,011-4988555,Via Monte Bianco 34,1.1191496776890155,0.43956043956043955
896,897,897,10291,47.0,100.0,12,5713.79,9/8/2004 0:00,Shipped,3,9,2004,Vintage Cars,101,S18_2949,Scandinavian Gift Ideas,0695-34 6555,?kergatan 24,1.2218900937735437,0.45054945054945056
897,898,898,10304,46.0,100.0,7,4613.8,10/11/2004 0:00,Shipped,4,10,2004,Vintage Cars,101,S18_2949,Auto Assoc. & Cie.,30.59.8555,"67, avenue de l'Europe",1.1191496776890155,0.43956043956043955
898,899,899,10312,37.0,100.0,4,3711.1,10/21/2004 0:00,Shipped,4,10,2004,Vintage Cars,101,S18_2949,Mini Gifts Distributors Ltd.,4155551450,5677 Strong St.,0.19448593292826055,0.34065934065934067
899,900,900,10322,33.0,100.0,12,3524.73,11/4/2004 0:00,Shipped,4,11,2004,Vintage Cars,101,S18_2949,Online Diecast Creations Co.,6035558647,2304 Long Airport Avenue,-0.21647573140985277,0.2967032967032967
900,901,901,10333,31.0,90.17,5,2795.27,11/18/2004 0:00,Shipped,4,11,2004,Vintage Cars,101,S18_2949,Mini Wheels Co.,6505555787,5557 North Pendale Street,-0.4219565635789094,0.27472527472527475
901,902,902,10347,48.0,100.0,9,4814.4,11/29/2004 0:00,Shipped,4,11,2004,Vintage Cars,101,S18_2949,"Australian Collectors, Co.",03 9520 4555,636 St Kilda Road,1.3246305098580722,0.46153846153846156
902,903,903,10357,41.0,87.13,6,3572.33,12/10/2004 0:00,Shipped,4,12,2004,Vintage Cars,101,S18_2949,Mini Gifts Distributors Ltd.,4155551450,5677 Strong St.,0.6054475972663739,0.38461538461538464
903,904,904,10369,42.0,100.0,1,4581.36,1/20/2005 0:00,Shipped,1,1,2005,Vintage Cars,101,S18_2949,Collectables For Less Inc.,6175558555,7825 Douglas Av.,0.7081880133509022,0.3956043956043956
904,905,905,10381,41.0,100.0,8,4319.76,2/17/2005 0:00,Shipped,1,2,2005,Vintage Cars,101,S18_2949,Corporate Gift Ideas Co.,6505551386,7734 Strong St.,0.6054475972663739,0.38461538461538464
905,906,906,10391,32.0,45.25,6,1448.0,3/9/2005 0:00,Shipped,1,3,2005,Vintage Cars,101,S18_2949,"Anna's Decorations, Ltd",02 9936 8555,201 Miller Street,-0.3192161474943811,0.2857142857142857
906,907,907,10423,10.0,88.14,1,881.4,5/30/2005 0:00,In Process,2,5,2005,Vintage Cars,101,S18_2949,Petit Auto,(02) 5554 67,Rue Joseph-Bens 532,-2.5795053013540046,0.04395604395604396
907,908,908,10103,35.0,57.46,14,2011.1,1/29/2003 0:00,Shipped,1,1,2003,Vintage Cars,62,S18_2957,Baane Mini Imports,07-98 9555,Erling Skakkes gate 78,-0.010994899240796116,0.31868131868131866
908,909,909,10111,28.0,64.33,2,1801.24,3/25/2003 0:00,Shipped,1,3,2003,Vintage Cars,62,S18_2957,Mini Wheels Co.,6505555787,5557 North Pendale Street,-0.7301778118324944,0.24175824175824176
909,910,910,10126,46.0,73.7,14,3390.2,5/28/2003 0:00,Shipped,2,5,2003,Vintage Cars,62,S18_2957,"Corrida Auto Replicas, Ltd",(91) 555 22 82,"C/ Araquil, 67",1.1191496776890155,0.43956043956043955
910,911,911,10139,20.0,71.2,3,1424.0,7/16/2003 0:00,Shipped,3,7,2003,Vintage Cars,62,S18_2957,Souveniers And Things Co.,+61 2 9495 8555,"Monitor Money Building, 815 Pacific Hwy",-1.552101140508721,0.15384615384615385
911,912,912,10150,30.0,49.97,11,1499.1,9/19/2003 0:00,Shipped,3,9,2003,Vintage Cars,62,S18_2957,"Dragon Souveniers, Ltd.",+65 221 7555,"Bronz Sok., Bronz Apt. 3/6 Tesvikiye",-0.5246969796634378,0.26373626373626374
912,913,913,10163,48.0,69.96,4,3358.08,10/20/2003 0:00,Shipped,4,10,2003,Vintage Cars,62,S18_2957,Classic Legends Inc.,2125558493,5905 Pompton St.,1.3246305098580722,0.46153846153846156
913,914,914,10173,28.0,53.72,2,1504.16,11/5/2003 0:00,Shipped,4,11,2003,Vintage Cars,62,S18_2957,Rovelli Gifts,035-640555,Via Ludovico il Moro 22,-0.7301778118324944,0.24175824175824176
914,915,915,10183,39.0,68.08,11,2655.12,11/13/2003 0:00,Shipped,4,11,2003,Vintage Cars,62,S18_2957,"Classic Gift Ideas, Inc",2155554695,782 First Street,0.3999667650973172,0.3626373626373626
915,916,916,10193,24.0,51.84,3,1244.16,11/21/2003 0:00,Shipped,4,11,2003,Vintage Cars,62,S18_2957,"Australian Collectables, Ltd",61-9-3844-6555,7 Allen Street,-1.1411394761706077,0.1978021978021978
916,917,917,10206,28.0,67.46,9,1888.88,12/5/2003 0:00,Shipped,4,12,2003,Vintage Cars,62,S18_2957,Canadian Gift Exchange Network,(604) 555-3392,1900 Oak St.,-0.7301778118324944,0.24175824175824176
917,918,918,10215,31.0,58.71,6,1820.01,1/29/2004 0:00,Shipped,1,1,2004,Vintage Cars,62,S18_2957,West Coast Collectables Co.,3105553722,3675 Furth Circle,-0.4219565635789094,0.27472527472527475
918,919,919,10228,45.0,63.71,5,2866.95,3/10/2004 0:00,Shipped,1,3,2004,Vintage Cars,62,S18_2957,Cambridge Collectables Co.,6175555555,4658 Baden Av.,1.016409261604487,0.42857142857142855
919,920,920,10244,24.0,58.09,3,1394.16,4/29/2004 0:00,Shipped,2,4,2004,Vintage Cars,62,S18_2957,Euro Shopping Channel,(91) 555 94 44,"C/ Moralzarzal, 86",-1.1411394761706077,0.1978021978021978
920,921,921,10257,49.0,53.72,3,2632.28,6/14/2004 0:00,Shipped,2,6,2004,Vintage Cars,62,S18_2957,The Sharp Gifts Warehouse,4085553659,3086 Ingle Ln.,1.4273709259426004,0.4725274725274725
921,922,922,10269,32.0,63.08,1,2018.56,7/16/2004 0:00,Shipped,3,7,2004,Vintage Cars,62,S18_2957,Salzburg Collectables,6562-9555,Geislweg 14,-0.3192161474943811,0.2857142857142857
922,923,923,10280,43.0,68.71,5,2954.53,8/17/2004 0:00,Shipped,3,8,2004,Vintage Cars,62,S18_2957,Amica Models & Co.,011-4988555,Via Monte Bianco 34,0.8109284294354305,0.4065934065934066
923,924,924,10291,37.0,50.59,14,1871.83,9/8/2004 0:00,Shipped,3,9,2004,Vintage Cars,62,S18_2957,Scandinavian Gift Ideas,0695-34 6555,?kergatan 24,0.19448593292826055,0.34065934065934067
924,925,925,10304,24.0,64.96,9,1559.04,10/11/2004 0:00,Shipped,4,10,2004,Vintage Cars,62,S18_2957,Auto Assoc. & Cie.,30.59.8555,"67, avenue de l'Europe",-1.1411394761706077,0.1978021978021978
925,926,926,10312,35.0,53.72,6,1880.2,10/21/2004 0:00,Shipped,4,10,2004,Vintage Cars,62,S18_2957,Mini Gifts Distributors Ltd.,4155551450,5677 Strong St.,-0.010994899240796116,0.31868131868131866
926,927,927,10322,41.0,29.87,13,1224.67,11/4/2004 0:00,Shipped,4,11,2004,Vintage Cars,62,S18_2957,Online Diecast Creations Co.,6035558647,2304 Long Airport Avenue,0.6054475972663739,0.38461538461538464
927,928,928,10332,26.0,100.0,17,2979.08,11/17/2004 0:00,Shipped,4,11,2004,Vintage Cars,62,S18_2957,"AV Stores, Co.",(171) 555-1555,Fauntleroy Circus,-0.9356586440015511,0.21978021978021978
928,929,929,10347,34.0,64.96,10,2208.64,11/29/2004 0:00,Shipped,4,11,2004,Vintage Cars,62,S18_2957,"Australian Collectors, Co.",03 9520 4555,636 St Kilda Road,-0.11373531532532445,0.3076923076923077
929,930,930,10357,49.0,70.58,5,3458.42,12/10/2004 0:00,Shipped,4,12,2004,Vintage Cars,62,S18_2957,Mini Gifts Distributors Ltd.,4155551450,5677 Strong St.,1.4273709259426004,0.4725274725274725
930,931,931,10369,28.0,44.21,6,1237.88,1/20/2005 0:00,Shipped,1,1,2005,Vintage Cars,62,S18_2957,Collectables For Less Inc.,6175558555,7825 Douglas Av.,-0.7301778118324944,0.24175824175824176
931,932,932,10381,40.0,68.08,4,2723.2,2/17/2005 0:00,Shipped,1,2,2005,Vintage Cars,62,S18_2957,Corporate Gift Ideas Co.,6505551386,7734 Strong St.,0.5027071811818455,0.37362637362637363
932,933,933,10392,37.0,59.96,3,2218.52,3/10/2005 0:00,Shipped,1,3,2005,Vintage Cars,62,S18_2957,Mini Auto Werke,7675-3555,Kirchgasse 6,0.19448593292826055,0.34065934065934067
933,934,934,10423,31.0,53.72,3,1665.32,5/30/2005 0:00,In Process,2,5,2005,Vintage Cars,62,S18_2957,Petit Auto,(02) 5554 67,Rue Joseph-Bens 532,-0.4219565635789094,0.27472527472527475
934,935,935,10106,41.0,83.44,18,3421.04,2/17/2003 0:00,Shipped,1,2,2003,Ships,86,S18_3029,Rovelli Gifts,035-640555,Via Ludovico il Moro 22,0.6054475972663739,0.38461538461538464
935,936,936,10119,21.0,89.46,9,1878.66,4/28/2003 0:00,Shipped,2,4,2003,Ships,86,S18_3029,Salzburg Collectables,6562-9555,Geislweg 14,-1.4493607244241928,0.16483516483516483
936,937,937,10130,40.0,96.34,2,3853.6,6/16/2003 0:00,Shipped,2,6,2003,Ships,86,S18_3029,Auto-Moto Classics Inc.,6175558428,16780 Pompton St.,0.5027071811818455,0.37362637362637363
937,938,938,10143,46.0,74.84,13,3442.64,8/10/2003 0:00,Shipped,3,8,2003,Ships,86,S18_3029,Mini Creations Ltd.,5085559555,4575 Hillside Dr.,1.1191496776890155,0.43956043956043955
938,939,939,10155,44.0,79.14,11,3482.16,10/6/2003 0:00,Shipped,4,10,2003,Ships,86,S18_3029,"Toys of Finland, Co.",90-224 8555,Keskuskatu 45,0.9136688455199589,0.4175824175824176
939,940,940,10167,46.0,73.12,7,3363.52,10/23/2003 0:00,Cancelled,4,10,2003,Ships,86,S18_3029,Scandinavian Gift Ideas,0695-34 6555,?kergatan 24,1.1191496776890155,0.43956043956043955
940,941,941,10178,41.0,81.72,10,3350.52,11/8/2003 0:00,Shipped,4,11,2003,Ships,86,S18_3029,Alpha Cognac,61.77.6555,1 rue Alsace-Lorraine,0.6054475972663739,0.38461538461538464
941,942,942,10186,32.0,89.46,7,2862.72,11/14/2003 0:00,Shipped,4,11,2003,Ships,86,S18_3029,"Double Decker Gift Stores, Ltd",(171) 555-7555,120 Hanover Sq.,-0.3192161474943811,0.2857142857142857
942,943,943,10197,46.0,87.74,4,4036.04,11/26/2003 0:00,Shipped,4,11,2003,Ships,86,S18_3029,Enaco Distributors,(93) 203 4555,"Rambla de Catalu¤a, 23",1.1191496776890155,0.43956043956043955
943,944,944,10209,28.0,100.0,6,2817.92,1/9/2004 0:00,Shipped,1,1,2004,Ships,86,S18_3029,"Men 'R' US Retailers, Ltd.",2155554369,6047 Douglas Av.,-0.7301778118324944,0.24175824175824176
944,945,945,10222,49.0,94.62,10,4636.38,2/19/2004 0:00,Shipped,1,2,2004,Ships,86,S18_3029,Collectable Mini Designs Co.,7605558146,361 Furth Circle,1.4273709259426004,0.4725274725274725
945,946,946,10248,21.0,73.98,1,1553.58,5/7/2004 0:00,Cancelled,2,5,2004,Ships,86,S18_3029,Land of Toys Inc.,2125557818,897 Long Airport Avenue,-1.4493607244241928,0.16483516483516483
946,947,947,10262,32.0,84.3,15,2697.6,6/24/2004 0:00,Cancelled,2,6,2004,Ships,86,S18_3029,Euro Shopping Channel,(91) 555 94 44,"C/ Moralzarzal, 86",-0.3192161474943811,0.2857142857142857
947,948,948,10273,34.0,98.06,2,3334.04,7/21/2004 0:00,Shipped,3,7,2004,Ships,86,S18_3029,Petit Auto,(02) 5554 67,Rue Joseph-Bens 532,-0.11373531532532445,0.3076923076923077
948,949,949,10283,21.0,98.06,4,2059.26,8/20/2004 0:00,Shipped,3,8,2004,Ships,86,S18_3029,"Royal Canadian Collectables, Ltd.",(604) 555-4555,23 Tsawassen Blvd.,-1.4493607244241928,0.16483516483516483
949,950,950,10296,21.0,96.34,13,2023.14,9/15/2004 0:00,Shipped,3,9,2004,Ships,86,S18_3029,"Bavarian Collectables Imports, Co.",+49 89 61 08 9555,Hansastr. 15,-1.4493607244241928,0.16483516483516483
950,951,951,10307,31.0,83.44,7,2586.64,10/14/2004 0:00,Shipped,4,10,2004,Ships,86,S18_3029,"Classic Gift Ideas, Inc",2155554695,782 First Street,-0.4219565635789094,0.27472527472527475
951,952,952,10316,21.0,94.62,15,1987.02,11/1/2004 0:00,Shipped,4,11,2004,Ships,86,S18_3029,giftsbymail.co.uk,(198) 555-8888,Garden House Crowther Way,-1.4493607244241928,0.16483516483516483
952,953,953,10327,25.0,45.86,5,1146.5,11/10/2004 0:00,Resolved,4,11,2004,Ships,86,S18_3029,Danish Wholesale Imports,31 12 3555,Vinb'ltet 34,-1.0383990600860795,0.2087912087912088
953,954,954,10338,28.0,82.58,3,2312.24,11/22/2004 0:00,Shipped,4,11,2004,Ships,86,S18_3029,Royale Belge,(071) 23 67 2555,"Boulevard Tirou, 255",-0.7301778118324944,0.24175824175824176
954,955,955,10350,43.0,64.97,6,2793.71,12/2/2004 0:00,Shipped,4,12,2004,Ships,86,S18_3029,Euro Shopping Channel,(91) 555 94 44,"C/ Moralzarzal, 86",0.8109284294354305,0.4065934065934066
955,956,956,10373,22.0,86.74,5,1908.28,1/31/2005 0:00,Shipped,1,1,2005,Ships,86,S18_3029,"Oulu Toy Supplies, Inc.",981-443655,Torikatu 38,-1.3466203083396644,0.17582417582417584
956,957,957,10386,37.0,93.01,5,3441.37,3/1/2005 0:00,Resolved,1,3,2005,Ships,86,S18_3029,Euro Shopping Channel,(91) 555 94 44,"C/ Moralzarzal, 86",0.19448593292826055,0.34065934065934067
957,958,958,10398,28.0,72.26,18,2023.28,3/30/2005 0:00,Shipped,1,3,2005,Ships,86,S18_3029,Reims Collectables,26.47.1555,59 rue de l'Abbaye,-0.7301778118324944,0.24175824175824176
958,959,959,10400,30.0,74.84,7,2245.2,4/1/2005 0:00,Shipped,2,4,2005,Ships,86,S18_3029,The Sharp Gifts Warehouse,4085553659,3086 Ingle Ln.,-0.5246969796634378,0.26373626373626374
959,960,960,10414,44.0,73.98,1,3255.12,5/6/2005 0:00,On Hold,2,5,2005,Ships,86,S18_3029,Gifts4AllAges.com,6175559555,8616 Spinnaker Dr.,0.9136688455199589,0.4175824175824176
960,961,961,10103,25.0,100.0,13,2539.5,1/29/2003 0:00,Shipped,1,1,2003,Vintage Cars,104,S18_3136,Baane Mini Imports,07-98 9555,Erling Skakkes gate 78,-1.0383990600860795,0.2087912087912088
961,962,962,10111,43.0,100.0,1,4818.15,3/25/2003 0:00,Shipped,1,3,2003,Vintage Cars,104,S18_3136,Mini Wheels Co.,6505555787,5557 North Pendale Street,0.8109284294354305,0.4065934065934066
962,963,963,10126,30.0,97.39,13,2921.7,5/28/2003 0:00,Shipped,2,5,2003,Vintage Cars,104,S18_3136,"Corrida Auto Replicas, Ltd",(91) 555 22 82,"C/ Araquil, 67",-0.5246969796634378,0.26373626373626374
963,964,964,10139,20.0,90.06,2,1801.2,7/16/2003 0:00,Shipped,3,7,2003,Vintage Cars,104,S18_3136,Souveniers And Things Co.,+61 2 9495 8555,"Monitor Money Building, 815 Pacific Hwy",-1.552101140508721,0.15384615384615385
964,965,965,10150,26.0,100.0,10,2804.36,9/19/2003 0:00,Shipped,3,9,2003,Vintage Cars,104,S18_3136,"Dragon Souveniers, Ltd.",+65 221 7555,"Bronz Sok., Bronz Apt. 3/6 Tesvikiye",-0.9356586440015511,0.21978021978021978
965,966,966,10163,40.0,100.0,3,4900.8,10/20/2003 0:00,Shipped,4,10,2003,Vintage Cars,104,S18_3136,Classic Legends Inc.,2125558493,5905 Pompton St.,0.5027071811818455,0.37362637362637363
966,967,967,10173,31.0,89.01,1,2759.31,11/5/2003 0:00,Shipped,4,11,2003,Vintage Cars,104,S18_3136,Rovelli Gifts,035-640555,Via Ludovico il Moro 22,-0.4219565635789094,0.27472527472527475
967,968,968,10183,22.0,100.0,10,2488.2,11/13/2003 0:00,Shipped,4,11,2003,Vintage Cars,104,S18_3136,"Classic Gift Ideas, Inc",2155554695,782 First Street,-1.3466203083396644,0.17582417582417584
968,969,969,10193,23.0,100.0,2,2769.89,11/21/2003 0:00,Shipped,4,11,2003,Vintage Cars,104,S18_3136,"Australian Collectables, Ltd",61-9-3844-6555,7 Allen Street,-1.2438798922551362,0.18681318681318682
969,970,970,10206,30.0,100.0,8,3581.4,12/5/2003 0:00,Shipped,4,12,2003,Vintage Cars,104,S18_3136,Canadian Gift Exchange Network,(604) 555-3392,1900 Oak St.,-0.5246969796634378,0.26373626373626374
970,971,971,10215,49.0,100.0,5,5285.14,1/29/2004 0:00,Shipped,1,1,2004,Vintage Cars,104,S18_3136,West Coast Collectables Co.,3105553722,3675 Furth Circle,1.4273709259426004,0.4725274725274725
971,972,972,10228,31.0,100.0,4,3181.53,3/10/2004 0:00,Shipped,1,3,2004,Vintage Cars,104,S18_3136,Cambridge Collectables Co.,6175555555,4658 Baden Av.,-0.4219565635789094,0.27472527472527475
972,973,973,10244,29.0,100.0,2,3340.51,4/29/2004 0:00,Shipped,2,4,2004,Vintage Cars,104,S18_3136,Euro Shopping Channel,(91) 555 94 44,"C/ Moralzarzal, 86",-0.6274373957479661,0.25274725274725274
973,974,974,10257,37.0,84.82,2,3138.34,6/14/2004 0:00,Shipped,2,6,2004,Vintage Cars,104,S18_3136,The Sharp Gifts Warehouse,4085553659,3086 Ingle Ln.,0.19448593292826055,0.34065934065934067
974,975,975,10270,38.0,100.0,11,4775.08,7/19/2004 0:00,Shipped,3,7,2004,Vintage Cars,104,S18_3136,Souveniers And Things Co.,+61 2 9495 8555,"Monitor Money Building, 815 Pacific Hwy",0.2972263490127889,0.3516483516483517
975,976,976,10280,29.0,100.0,4,3006.43,8/17/2004 0:00,Shipped,3,8,2004,Vintage Cars,104,S18_3136,Amica Models & Co.,011-4988555,Via Monte Bianco 34,-0.6274373957479661,0.25274725274725274
976,977,977,10291,23.0,100.0,13,2866.26,9/8/2004 0:00,Shipped,3,9,2004,Vintage Cars,104,S18_3136,Scandinavian Gift Ideas,0695-34 6555,?kergatan 24,-1.2438798922551362,0.18681318681318682
977,978,978,10304,26.0,85.87,8,2232.62,10/11/2004 0:00,Shipped,4,10,2004,Vintage Cars,104,S18_3136,Auto Assoc. & Cie.,30.59.8555,"67, avenue de l'Europe",-0.9356586440015511,0.21978021978021978
978,979,979,10312,38.0,100.0,5,4457.02,10/21/2004 0:00,Shipped,4,10,2004,Vintage Cars,104,S18_3136,Mini Gifts Distributors Ltd.,4155551450,5677 Strong St.,0.2972263490127889,0.3516483516483517
979,980,980,10322,48.0,47.04,7,2257.92,11/4/2004 0:00,Shipped,4,11,2004,Vintage Cars,104,S18_3136,Online Diecast Creations Co.,6035558647,2304 Long Airport Avenue,1.3246305098580722,0.46153846153846156
980,981,981,10332,40.0,39.8,18,1592.0,11/17/2004 0:00,Shipped,4,11,2004,Vintage Cars,104,S18_3136,"AV Stores, Co.",(171) 555-1555,Fauntleroy Circus,0.5027071811818455,0.37362637362637363
981,982,982,10347,45.0,100.0,11,4948.2,11/29/2004 0:00,Shipped,4,11,2004,Vintage Cars,104,S18_3136,"Australian Collectors, Co.",03 9520 4555,636 St Kilda Road,1.016409261604487,0.42857142857142855
982,983,983,10357,44.0,100.0,4,5160.76,12/10/2004 0:00,Shipped,4,12,2004,Vintage Cars,104,S18_3136,Mini Gifts Distributors Ltd.,4155551450,5677 Strong St.,0.9136688455199589,0.4175824175824176
983,984,984,10369,21.0,94.22,5,1978.62,1/20/2005 0:00,Shipped,1,1,2005,Vintage Cars,104,S18_3136,Collectables For Less Inc.,6175558555,7825 Douglas Av.,-1.4493607244241928,0.16483516483516483
984,985,985,10381,35.0,100.0,5,4288.2,2/17/2005 0:00,Shipped,1,2,2005,Vintage Cars,104,S18_3136,Corporate Gift Ideas Co.,6505551386,7734 Strong St.,-0.010994899240796116,0.31868131868131866
985,986,986,10392,29.0,86.92,2,2520.68,3/10/2005 0:00,Shipped,1,3,2005,Vintage Cars,104,S18_3136,Mini Auto Werke,7675-3555,Kirchgasse 6,-0.6274373957479661,0.25274725274725274
986,987,987,10423,21.0,84.82,2,1781.22,5/30/2005 0:00,In Process,2,5,2005,Vintage Cars,104,S18_3136,Petit Auto,(02) 5554 67,Rue Joseph-Bens 532,-1.4493607244241928,0.16483516483516483
987,988,988,10105,22.0,100.0,11,3065.04,2/11/2003 0:00,Shipped,1,2,2003,Vintage Cars,136,S18_3140,Danish Wholesale Imports,31 12 3555,Vinb'ltet 34,-1.3466203083396644,0.17582417582417584
988,989,989,10117,26.0,100.0,5,3551.34,4/16/2003 0:00,Shipped,2,4,2003,Vintage Cars,136,S18_3140,"Dragon Souveniers, Ltd.",+65 221 7555,"Bronz Sok., Bronz Apt. 3/6 Tesvikiye",-0.9356586440015511,0.21978021978021978
989,990,990,10128,41.0,100.0,2,5544.02,6/6/2003 0:00,Shipped,2,6,2003,Vintage Cars,136,S18_3140,Euro Shopping Channel,(91) 555 94 44,"C/ Moralzarzal, 86",0.6054475972663739,0.38461538461538464
990,991,991,10142,47.0,100.0,8,6034.33,8/8/2003 0:00,Shipped,3,8,2003,Vintage Cars,136,S18_3140,Mini Gifts Distributors Ltd.,4155551450,5677 Strong St.,1.2218900937735437,0.45054945054945056
991,992,992,10153,31.0,100.0,7,3641.57,9/28/2003 0:00,Shipped,3,9,2003,Vintage Cars,136,S18_3140,Euro Shopping Channel,(91) 555 94 44,"C/ Moralzarzal, 86",-0.4219565635789094,0.27472527472527475
992,993,993,10166,43.0,100.0,2,6930.74,10/21/2003 0:00,Shipped,4,10,2003,Vintage Cars,136,S18_3140,FunGiftIdeas.com,5085552555,1785 First Street,0.8109284294354305,0.4065934065934066
993,994,994,10177,23.0,100.0,9,3675.63,11/7/2003 0:00,Shipped,4,11,2003,Vintage Cars,136,S18_3140,CAF Imports,+34 913 728 555,"Merchants House, 27-30 Merchant's Quay",-1.2438798922551362,0.18681318681318682
994,995,995,10185,28.0,100.0,9,3442.04,11/14/2003 0:00,Shipped,4,11,2003,Vintage Cars,136,S18_3140,Mini Creations Ltd.,5085559555,4575 Hillside Dr.,-0.7301778118324944,0.24175824175824176
995,996,996,10196,49.0,100.0,1,6893.81,11/26/2003 0:00,Shipped,4,11,2003,Vintage Cars,136,S18_3140,Super Scale Inc.,2035559545,567 North Pendale Street,1.4273709259426004,0.4725274725274725
996,997,997,10208,24.0,100.0,9,2622.48,1/2/2004 0:00,Shipped,1,1,2004,Vintage Cars,136,S18_3140,"Saveley & Henriot, Co.",78.32.5555,"2, rue du Commerce",-1.1411394761706077,0.1978021978021978
997,998,998,10221,33.0,100.0,3,4417.38,2/18/2004 0:00,Shipped,1,2,2004,Vintage Cars,136,S18_3140,Petit Auto,(02) 5554 67,Rue Joseph-Bens 532,-0.21647573140985277,0.2967032967032967
998,999,999,10232,22.0,100.0,6,3606.02,3/20/2004 0:00,Shipped,1,3,2004,Vintage Cars,136,S18_3140,giftsbymail.co.uk,(198) 555-8888,Garden House Crowther Way,-1.3466203083396644,0.17582417582417584
999,1000,1000,10248,32.0,100.0,12,3802.56,5/7/2004 0:00,Cancelled,2,5,2004,Vintage Cars,136,S18_3140,Land of Toys Inc.,2125557818,897 Long Airport Avenue,-0.3192161474943811,0.2857142857142857
1000,1001,1001,10273,40.0,100.0,13,5026.4,7/21/2004 0:00,Shipped,3,7,2004,Vintage Cars,136,S18_3140,Petit Auto,(02) 5554 67,Rue Joseph-Bens 532,0.5027071811818455,0.37362637362637363
1001,1002,1002,10282,43.0,100.0,1,6695.53,8/20/2004 0:00,Shipped,3,8,2004,Vintage Cars,136,S18_3140,Mini Gifts Distributors Ltd.,4155551450,5677 Strong St.,0.8109284294354305,0.4065934065934066
1002,1003,1003,10293,24.0,100.0,4,2819.28,9/9/2004 0:00,Shipped,3,9,2004,Vintage Cars,136,S18_3140,Amica Models & Co.,011-4988555,Via Monte Bianco 34,-1.1411394761706077,0.1978021978021978
1003,1004,1004,10306,32.0,100.0,9,3759.04,10/14/2004 0:00,Shipped,4,10,2004,Vintage Cars,136,S18_3140,"AV Stores, Co.",(171) 555-1555,Fauntleroy Circus,-0.3192161474943811,0.2857142857142857
1004,1005,1005,10314,20.0,100.0,1,2731.8,10/22/2004 0:00,Shipped,4,10,2004,Vintage Cars,136,S18_3140,Heintze Collectables,86 21 3555,Smagsloget 45,-1.552101140508721,0.15384615384615385
1005,1006,1006,10325,24.0,69.12,9,1658.88,11/5/2004 0:00,Shipped,4,11,2004,Vintage Cars,136,S18_3140,Baane Mini Imports,07-98 9555,Erling Skakkes gate 78,-1.1411394761706077,0.1978021978021978
1006,1007,1007,10336,48.0,100.0,12,5778.24,11/20/2004 0:00,Shipped,4,11,2004,Vintage Cars,136,S18_3140,"La Corne D'abondance, Co.",(1) 42.34.2555,"265, boulevard Charonne",1.3246305098580722,0.46153846153846156
1007,1008,1008,10350,44.0,100.0,1,5191.12,12/2/2004 0:00,Shipped,4,12,2004,Vintage Cars,136,S18_3140,Euro Shopping Channel,(91) 555 94 44,"C/ Moralzarzal, 86",0.9136688455199589,0.4175824175824176
1008,1009,1009,10372,28.0,100.0,3,3862.88,1/26/2005 0:00,Shipped,1,1,2005,Vintage Cars,136,S18_3140,"Tokyo Collectables, Ltd",+81 3 3584 0555,2-2-8 Roppongi,-0.7301778118324944,0.24175824175824176
1009,1010,1010,10383,24.0,61.52,9,1476.48,2/22/2005 0:00,Shipped,1,2,2005,Vintage Cars,136,S18_3140,Euro Shopping Channel,(91) 555 94 44,"C/ Moralzarzal, 86",-1.1411394761706077,0.1978021978021978
1010,1011,1011,10396,33.0,100.0,2,5273.73,3/23/2005 0:00,Shipped,1,3,2005,Vintage Cars,136,S18_3140,Mini Gifts Distributors Ltd.,4155551450,5677 Strong St.,-0.21647573140985277,0.2967032967032967
1011,1012,1012,10414,41.0,100.0,12,4872.03,5/6/2005 0:00,On Hold,2,5,2005,Vintage Cars,136,S18_3140,Gifts4AllAges.com,6175559555,8616 Spinnaker Dr.,0.6054475972663739,0.38461538461538464
1012,1013,1013,10104,23.0,100.0,13,4556.99,1/31/2003 0:00,Shipped,1,1,2003,Classic Cars,169,S18_3232,Euro Shopping Channel,(91) 555 94 44,"C/ Moralzarzal, 86",-1.2438798922551362,0.18681318681318682
1013,1014,1014,10109,46.0,100.0,5,8257.0,3/10/2003 0:00,Shipped,1,3,2003,Classic Cars,169,S18_3232,Motor Mint Distributors Inc.,2155559857,11328 Douglas Av.,1.1191496776890155,0.43956043956043955
1014,1015,1015,10114,48.0,100.0,4,8209.44,4/1/2003 0:00,Shipped,2,4,2003,Classic Cars,169,S18_3232,"La Corne D'abondance, Co.",(1) 42.34.2555,"265, boulevard Charonne",1.3246305098580722,0.46153846153846156
1015,1016,1016,10122,25.0,100.0,3,3598.5,5/8/2003 0:00,Shipped,2,5,2003,Classic Cars,169,S18_3232,Marseille Mini Autos,91.24.4555,"12, rue des Bouchers",-1.0383990600860795,0.2087912087912088
1016,1017,1017,10127,22.0,100.0,15,3837.24,6/3/2003 0:00,Shipped,2,6,2003,Classic Cars,169,S18_3232,Muscle Machine Inc,2125557413,4092 Furth Circle,-1.3466203083396644,0.17582417582417584
1017,1018,1018,10136,41.0,100.0,3,8331.61,7/4/2003 0:00,Shipped,3,7,2003,Classic Cars,169,S18_3232,Alpha Cognac,61.77.6555,1 rue Alsace-Lorraine,0.6054475972663739,0.38461538461538464
1018,1019,1019,10141,34.0,100.0,9,4836.5,8/1/2003 0:00,Shipped,3,8,2003,Classic Cars,169,S18_3232,Suominen Souveniers,+358 9 8045 555,"Software Engineering Center, SEC Oy",-0.11373531532532445,0.3076923076923077
1019,1020,1020,10148,32.0,100.0,14,5418.88,9/11/2003 0:00,Shipped,3,9,2003,Classic Cars,169,S18_3232,"Anna's Decorations, Ltd",02 9936 8555,201 Miller Street,-0.3192161474943811,0.2857142857142857
1020,1021,1021,10151,21.0,100.0,7,3734.01,9/21/2003 0:00,Shipped,3,9,2003,Classic Cars,169,S18_3232,"Oulu Toy Supplies, Inc.",981-443655,Torikatu 38,-1.4493607244241928,0.16483516483516483
1021,1022,1022,10160,20.0,100.0,1,3996.4,10/11/2003 0:00,Shipped,4,10,2003,Classic Cars,169,S18_3232,"Men 'R' US Retailers, Ltd.",2155554369,6047 Douglas Av.,-1.552101140508721,0.15384615384615385
1022,1023,1023,10165,47.0,100.0,16,8754.69,10/22/2003 0:00,Shipped,4,10,2003,Classic Cars,169,S18_3232,"Dragon Souveniers, Ltd.",+65 221 7555,"Bronz Sok., Bronz Apt. 3/6 Tesvikiye",1.2218900937735437,0.45054945054945056
1023,1024,1024,10171,39.0,100.0,3,5481.45,11/5/2003 0:00,Shipped,4,11,2003,Classic Cars,169,S18_3232,Quebec Home Shopping Network,(514) 555-8054,43 rue St. Laurent,0.3999667650973172,0.3626373626373626
1024,1025,1025,10175,29.0,100.0,5,4419.89,11/6/2003 0:00,Shipped,4,11,2003,Classic Cars,169,S18_3232,"Stylish Desk Decors, Co.",(171) 555-0297,35 King George,-0.6274373957479661,0.25274725274725274
1025,1026,1026,10181,45.0,100.0,7,6324.75,11/12/2003 0:00,Shipped,4,11,2003,Classic Cars,169,S18_3232,Herkku Gifts,+47 2267 3215,"Drammen 121, PR 744 Sentrum",1.016409261604487,0.42857142857142855
1026,1027,1027,10184,28.0,100.0,10,4409.72,11/14/2003 0:00,Shipped,4,11,2003,Classic Cars,169,S18_3232,"Iberia Gift Imports, Corp.",(95) 555 82 82,"C/ Romero, 33",-0.7301778118324944,0.24175824175824176
1027,1028,1028,10192,26.0,100.0,12,3918.46,11/20/2003 0:00,Shipped,4,11,2003,Classic Cars,169,S18_3232,Online Diecast Creations Co.,6035558647,2304 Long Airport Avenue,-0.9356586440015511,0.21978021978021978
1028,1029,1029,10195,50.0,100.0,10,7620.5,11/25/2003 0:00,Shipped,4,11,2003,Classic Cars,169,S18_3232,Mini Classics,9145554562,3758 North Pendale Street,1.5301113420271288,0.4835164835164835
1029,1030,1030,10203,48.0,100.0,1,8291.04,12/2/2003 0:00,Shipped,4,12,2003,Classic Cars,169,S18_3232,Euro Shopping Channel,(91) 555 94 44,"C/ Moralzarzal, 86",1.3246305098580722,0.46153846153846156
1030,1031,1031,10207,25.0,100.0,11,3937.25,12/9/2003 0:00,Shipped,4,12,2003,Classic Cars,169,S18_3232,Diecast Collectables,6175552555,6251 Ingle Ln.,-1.0383990600860795,0.2087912087912088
1031,1032,1032,10212,40.0,100.0,11,5554.4,1/16/2004 0:00,Shipped,1,1,2004,Classic Cars,169,S18_3232,Euro Shopping Channel,(91) 555 94 44,"C/ Moralzarzal, 86",0.5027071811818455,0.37362637362637363
1032,1033,1033,10225,43.0,100.0,2,6407.86,2/22/2004 0:00,Shipped,1,2,2004,Classic Cars,169,S18_3232,"Vida Sport, Ltd",0897-034555,Grenzacherweg 237,0.8109284294354305,0.4065934065934066
1033,1034,1034,10229,22.0,100.0,5,4172.52,3/11/2004 0:00,Shipped,1,3,2004,Classic Cars,169,S18_3232,Mini Gifts Distributors Ltd.,4155551450,5677 Strong St.,-1.3466203083396644,0.17582417582417584
1034,1035,1035,10239,47.0,100.0,1,7083.37,4/12/2004 0:00,Shipped,2,4,2004,Classic Cars,169,S18_3232,"Oulu Toy Supplies, Inc.",981-443655,Torikatu 38,1.2218900937735437,0.45054945054945056
1035,1036,1036,10246,36.0,100.0,9,7132.68,5/5/2004 0:00,Shipped,2,5,2004,Classic Cars,169,S18_3232,Euro Shopping Channel,(91) 555 94 44,"C/ Moralzarzal, 86",0.09174551684373221,0.32967032967032966
1036,1037,1037,10253,40.0,100.0,6,6773.6,6/1/2004 0:00,Cancelled,2,6,2004,Classic Cars,169,S18_3232,"UK Collectables, Ltd.",(171) 555-2282,Berkeley Gardens 12  Brewery,0.5027071811818455,0.37362637362637363
1037,1038,1038,10259,27.0,100.0,8,3657.69,6/15/2004 0:00,Shipped,2,6,2004,Classic Cars,169,S18_3232,Handji Gifts& Co,+65 224 1555,Village Close - 106 Linden Road Sandown,-0.8329182279170227,0.23076923076923078
1038,1039,1039,10266,29.0,100.0,7,4812.55,7/6/2004 0:00,Shipped,3,7,2004,Classic Cars,169,S18_3232,L'ordine Souveniers,0522-556555,Strada Provinciale 124,-0.6274373957479661,0.25274725274725274
1039,1040,1040,10271,20.0,100.0,9,3928.6,7/20/2004 0:00,Shipped,3,7,2004,Classic Cars,169,S18_3232,Mini Gifts Distributors Ltd.,4155551450,5677 Strong St.,-1.552101140508721,0.15384615384615385
1040,1041,1041,10278,42.0,100.0,7,6401.22,8/6/2004 0:00,Shipped,3,8,2004,Classic Cars,169,S18_3232,Signal Gift Stores,7025551838,8489 Strong St.,0.7081880133509022,0.3956043956043956
1041,1042,1042,10281,25.0,100.0,5,4191.25,8/19/2004 0:00,Shipped,3,8,2004,Classic Cars,169,S18_3232,Diecast Classics Inc.,2155551555,7586 Pompton St.,-1.0383990600860795,0.2087912087912088
1042,1043,1043,10287,36.0,100.0,5,5852.52,8/30/2004 0:00,Shipped,3,8,2004,Classic Cars,169,S18_3232,"Vida Sport, Ltd",0897-034555,Grenzacherweg 237,0.09174551684373221,0.32967032967032966
1043,1044,1044,10292,21.0,100.0,12,2844.87,9/8/2004 0:00,Shipped,3,9,2004,Classic Cars,169,S18_3232,Land of Toys Inc.,2125557818,897 Long Airport Avenue,-1.4493607244241928,0.16483516483516483
1044,1045,1045,10301,23.0,100.0,9,4011.66,10/5/2003 0:00,Shipped,4,10,2003,Classic Cars,169,S18_3232,"Norway Gifts By Mail, Co.",+47 2212 1555,"Drammensveien 126 A, PB 744 Sentrum",-1.2438798922551362,0.18681318681318682
1045,1046,1046,10305,37.0,100.0,9,7455.87,10/13/2004 0:00,Shipped,4,10,2004,Classic Cars,169,S18_3232,Marta's Replicas Co.,6175558555,39323 Spinnaker Dr.,0.19448593292826055,0.34065934065934067
1046,1047,1047,10310,48.0,100.0,3,8940.96,10/16/2004 0:00,Shipped,4,10,2004,Classic Cars,169,S18_3232,"Toms Spezialitten, Ltd",0221-5554327,Mehrheimerstr. 369,1.3246305098580722,0.46153846153846156
1047,1048,1048,10313,25.0,100.0,3,4572.25,10/22/2004 0:00,Shipped,4,10,2004,Classic Cars,169,S18_3232,Canadian Gift Exchange Network,(604) 555-3392,1900 Oak St.,-1.0383990600860795,0.2087912087912088
1048,1049,1049,10321,33.0,100.0,11,5700.09,11/4/2004 0:00,Shipped,4,11,2004,Classic Cars,169,S18_3232,FunGiftIdeas.com,5085552555,1785 First Street,-0.21647573140985277,0.2967032967032967
1049,1050,1050,10324,27.0,100.0,12,3155.49,11/5/2004 0:00,Shipped,4,11,2004,Classic Cars,169,S18_3232,Vitachrome Inc.,2125551500,2678 Kingston Rd.,-0.8329182279170227,0.23076923076923078
1050,1051,1051,10331,27.0,100.0,11,4170.69,11/17/2004 0:00,Shipped,4,11,2004,Classic Cars,169,S18_3232,Motor Mint Distributors Inc.,2155559857,11328 Douglas Av.,-0.8329182279170227,0.23076923076923078
1051,1052,1052,10334,20.0,100.0,3,2878.8,11/19/2004 0:00,On Hold,4,11,2004,Classic Cars,169,S18_3232,"Volvo Model Replicas, Co",0921-12 3555,Berguvsvgen  8,-1.552101140508721,0.15384615384615385
1052,1053,1053,10342,30.0,100.0,4,5029.5,11/24/2004 0:00,Shipped,4,11,2004,Classic Cars,169,S18_3232,"Australian Collectors, Co.",03 9520 4555,636 St Kilda Road,-0.5246969796634378,0.26373626373626374
1053,1054,1054,10349,48.0,100.0,6,7396.8,12/1/2004 0:00,Shipped,4,12,2004,Classic Cars,169,S18_3232,Muscle Machine Inc,2125557413,4092 Furth Circle,1.3246305098580722,0.46153846153846156
1054,1055,1055,10358,32.0,93.49,12,2991.68,12/10/2004 0:00,Shipped,4,12,2004,Classic Cars,169,S18_3232,Euro Shopping Channel,(91) 555 94 44,"C/ Moralzarzal, 86",-0.3192161474943811,0.2857142857142857
1055,1056,1056,10366,34.0,100.0,1,6275.72,1/10/2005 0:00,Shipped,1,1,2005,Classic Cars,169,S18_3232,Royale Belge,(071) 23 67 2555,"Boulevard Tirou, 255",-0.11373531532532445,0.3076923076923077
1056,1057,1057,10370,27.0,56.85,9,1534.95,1/20/2005 0:00,Shipped,1,1,2005,Classic Cars,169,S18_3232,"Anna's Decorations, Ltd",02 9936 8555,201 Miller Street,-0.8329182279170227,0.23076923076923078
1057,1058,1058,10377,39.0,100.0,3,7264.53,2/9/2005 0:00,Shipped,1,2,2005,Classic Cars,169,S18_3232,"Toys of Finland, Co.",90-224 8555,Keskuskatu 45,0.3999667650973172,0.3626373626373626
1058,1059,1059,10383,47.0,100.0,6,6869.05,2/22/2005 0:00,Shipped,1,2,2005,Classic Cars,169,S18_3232,Euro Shopping Channel,(91) 555 94 44,"C/ Moralzarzal, 86",1.2218900937735437,0.45054945054945056
1059,1060,1060,10394,22.0,100.0,5,3353.02,3/15/2005 0:00,Shipped,1,3,2005,Classic Cars,169,S18_3232,Euro Shopping Channel,(91) 555 94 44,"C/ Moralzarzal, 86",-1.3466203083396644,0.17582417582417584
1060,1061,1061,10405,55.0,100.0,1,8289.05,4/14/2005 0:00,Shipped,2,4,2005,Classic Cars,169,S18_3232,Mini Caravy,88.60.1555,"24, place Kluber",2.0438134224497704,0.5384615384615384
1061,1062,1062,10412,60.0,100.0,9,11887.8,5/3/2005 0:00,Shipped,2,5,2005,Classic Cars,169,S18_3232,Euro Shopping Channel,(91) 555 94 44,"C/ Moralzarzal, 86",2.557515502872412,0.5934065934065934
1062,1063,1063,10419,35.0,100.0,6,5926.9,5/17/2005 0:00,Shipped,2,5,2005,Classic Cars,169,S18_3232,Salzburg Collectables,6562-9555,Geislweg 14,-0.010994899240796116,0.31868131868131866
1063,1064,1064,10425,28.0,100.0,8,3793.16,5/31/2005 0:00,In Process,2,5,2005,Classic Cars,169,S18_3232,La Rochelle Gifts,40.67.8555,"67, rue des Cinquante Otages",-0.7301778118324944,0.24175824175824176
1064,1065,1065,10105,38.0,100.0,13,4330.1,2/11/2003 0:00,Shipped,1,2,2003,Trains,100,S18_3259,Danish Wholesale Imports,31 12 3555,Vinb'ltet 34,0.2972263490127889,0.3516483516483517
1065,1066,1066,10117,21.0,95.8,7,2011.8,4/16/2003 0:00,Shipped,2,4,2003,Trains,100,S18_3259,"Dragon Souveniers, Ltd.",+65 221 7555,"Bronz Sok., Bronz Apt. 3/6 Tesvikiye",-1.4493607244241928,0.16483516483516483
1066,1067,1067,10128,41.0,100.0,4,4837.18,6/6/2003 0:00,Shipped,2,6,2003,Trains,100,S18_3259,Euro Shopping Channel,(91) 555 94 44,"C/ Moralzarzal, 86",0.6054475972663739,0.38461538461538464
1067,1068,1068,10142,22.0,97.81,10,2151.82,8/8/2003 0:00,Shipped,3,8,2003,Trains,100,S18_3259,Mini Gifts Distributors Ltd.,4155551450,5677 Strong St.,-1.3466203083396644,0.17582417582417584
1068,1069,1069,10153,29.0,88.74,9,2573.46,9/28/2003 0:00,Shipped,3,9,2003,Trains,100,S18_3259,Euro Shopping Channel,(91) 555 94 44,"C/ Moralzarzal, 86",-0.6274373957479661,0.25274725274725274
1069,1070,1070,10165,50.0,100.0,1,5344.5,10/22/2003 0:00,Shipped,4,10,2003,Trains,100,S18_3259,"Dragon Souveniers, Ltd.",+65 221 7555,"Bronz Sok., Bronz Apt. 3/6 Tesvikiye",1.5301113420271288,0.4835164835164835
1070,1071,1071,10177,29.0,100.0,11,3070.52,11/7/2003 0:00,Shipped,4,11,2003,Trains,100,S18_3259,CAF Imports,+34 913 728 555,"Merchants House, 27-30 Merchant's Quay",-0.6274373957479661,0.25274725274725274
1071,1072,1072,10185,49.0,80.67,11,3952.83,11/14/2003 0:00,Shipped,4,11,2003,Trains,100,S18_3259,Mini Creations Ltd.,5085559555,4575 Hillside Dr.,1.4273709259426004,0.4725274725274725
1072,1073,1073,10196,35.0,100.0,3,3564.75,11/26/2003 0:00,Shipped,4,11,2003,Trains,100,S18_3259,Super Scale Inc.,2035559545,567 North Pendale Street,-0.010994899240796116,0.31868131868131866
1073,1074,1074,10208,48.0,100.0,11,5614.56,1/2/2004 0:00,Shipped,1,1,2004,Trains,100,S18_3259,"Saveley & Henriot, Co.",78.32.5555,"2, rue du Commerce",1.3246305098580722,0.46153846153846156
1074,1075,1075,10221,23.0,80.67,5,1855.41,2/18/2004 0:00,Shipped,1,2,2004,Trains,100,S18_3259,Petit Auto,(02) 5554 67,Rue Joseph-Bens 532,-1.2438798922551362,0.18681318681318682
1075,1076,1076,10232,48.0,95.8,8,4598.4,3/20/2004 0:00,Shipped,1,3,2004,Trains,100,S18_3259,giftsbymail.co.uk,(198) 555-8888,Garden House Crowther Way,1.3246305098580722,0.46153846153846156
1076,1077,1077,10248,42.0,100.0,14,5082.42,5/7/2004 0:00,Cancelled,2,5,2004,Trains,100,S18_3259,Land of Toys Inc.,2125557818,897 Long Airport Avenue,0.7081880133509022,0.3956043956043956
1077,1078,1078,10273,47.0,100.0,15,5450.59,7/21/2004 0:00,Shipped,3,7,2004,Trains,100,S18_3259,Petit Auto,(02) 5554 67,Rue Joseph-Bens 532,1.2218900937735437,0.45054945054945056
1078,1079,1079,10282,36.0,100.0,3,4174.92,8/20/2004 0:00,Shipped,3,8,2004,Trains,100,S18_3259,Mini Gifts Distributors Ltd.,4155551450,5677 Strong St.,0.09174551684373221,0.32967032967032966
1079,1080,1080,10293,22.0,100.0,6,2418.24,9/9/2004 0:00,Shipped,3,9,2004,Trains,100,S18_3259,Amica Models & Co.,011-4988555,Via Monte Bianco 34,-1.3466203083396644,0.17582417582417584
1080,1081,1081,10306,40.0,91.76,11,3670.4,10/14/2004 0:00,Shipped,4,10,2004,Trains,100,S18_3259,"AV Stores, Co.",(171) 555-1555,Fauntleroy Circus,0.5027071811818455,0.37362637362637363
1081,1082,1082,10314,23.0,100.0,3,2481.7,10/22/2004 0:00,Shipped,4,10,2004,Trains,100,S18_3259,Heintze Collectables,86 21 3555,Smagsloget 45,-1.2438798922551362,0.18681318681318682
1082,1083,1083,10326,32.0,100.0,6,3807.68,11/9/2004 0:00,Shipped,4,11,2004,Trains,100,S18_3259,"Volvo Model Replicas, Co",0921-12 3555,Berguvsvgen  8,-0.3192161474943811,0.2857142857142857
1083,1084,1084,10336,21.0,100.0,7,2230.41,11/20/2004 0:00,Shipped,4,11,2004,Trains,100,S18_3259,"La Corne D'abondance, Co.",(1) 42.34.2555,"265, boulevard Charonne",-1.4493607244241928,0.16483516483516483
1084,1085,1085,10350,41.0,93.04,2,3814.64,12/2/2004 0:00,Shipped,4,12,2004,Trains,100,S18_3259,Euro Shopping Channel,(91) 555 94 44,"C/ Moralzarzal, 86",0.6054475972663739,0.38461538461538464
1085,1086,1086,10372,25.0,84.71,5,2117.75,1/26/2005 0:00,Shipped,1,1,2005,Trains,100,S18_3259,"Tokyo Collectables, Ltd",+81 3 3584 0555,2-2-8 Roppongi,-1.0383990600860795,0.2087912087912088
1086,1087,1087,10383,26.0,100.0,12,3340.48,2/22/2005 0:00,Shipped,1,2,2005,Trains,100,S18_3259,Euro Shopping Channel,(91) 555 94 44,"C/ Moralzarzal, 86",-0.9356586440015511,0.21978021978021978
1087,1088,1088,10396,24.0,89.75,4,2154.0,3/23/2005 0:00,Shipped,1,3,2005,Trains,100,S18_3259,Mini Gifts Distributors Ltd.,4155551450,5677 Strong St.,-1.1411394761706077,0.1978021978021978
1088,1089,1089,10414,48.0,100.0,14,5808.48,5/6/2005 0:00,On Hold,2,5,2005,Trains,100,S18_3259,Gifts4AllAges.com,6175559555,8616 Spinnaker Dr.,1.3246305098580722,0.46153846153846156
1089,1090,1090,10108,26.0,68.35,9,1777.1,3/3/2003 0:00,Shipped,1,3,2003,Classic Cars,80,S18_3278,Cruz & Sons Co.,+63 2 555 3587,15 McCallum Street - NatWest Center #13-03,-0.9356586440015511,0.21978021978021978
1090,1091,1091,10122,21.0,73.17,13,1536.57,5/8/2003 0:00,Shipped,2,5,2003,Classic Cars,80,S18_3278,Marseille Mini Autos,91.24.4555,"12, rue des Bouchers",-1.4493607244241928,0.16483516483516483
1091,1092,1092,10135,45.0,78.0,10,3510.0,7/2/2003 0:00,Shipped,3,7,2003,Classic Cars,80,S18_3278,Mini Gifts Distributors Ltd.,4155551450,5677 Strong St.,1.016409261604487,0.42857142857142855
1092,1093,1093,10147,36.0,86.04,10,3097.44,9/5/2003 0:00,Shipped,3,9,2003,Classic Cars,80,S18_3278,Collectables For Less Inc.,6175558555,7825 Douglas Av.,0.09174551684373221,0.32967032967032966
1093,1094,1094,10159,21.0,81.21,5,1705.41,10/10/2003 0:00,Shipped,4,10,2003,Classic Cars,80,S18_3278,Corporate Gift Ideas Co.,6505551386,7734 Strong St.,-1.4493607244241928,0.16483516483516483
1094,1095,1095,10169,32.0,70.76,5,2264.32,11/4/2003 0:00,Shipped,4,11,2003,Classic Cars,80,S18_3278,"Anna's Decorations, Ltd",02 9936 8555,201 Miller Street,-0.3192161474943811,0.2857142857142857
1095,1096,1096,10181,30.0,82.82,17,2484.6,11/12/2003 0:00,Shipped,4,11,2003,Classic Cars,80,S18_3278,Herkku Gifts,+47 2267 3215,"Drammen 121, PR 744 Sentrum",-0.5246969796634378,0.26373626373626374
1096,1097,1097,10191,36.0,94.88,6,3415.68,11/20/2003 0:00,Shipped,4,11,2003,Classic Cars,80,S18_3278,"Toms Spezialitten, Ltd",0221-5554327,Mehrheimerstr. 369,0.09174551684373221,0.32967032967032966
1097,1098,1098,10203,33.0,86.04,11,2839.32,12/2/2003 0:00,Shipped,4,12,2003,Classic Cars,80,S18_3278,Euro Shopping Channel,(91) 555 94 44,"C/ Moralzarzal, 86",-0.21647573140985277,0.2967032967032967
1098,1099,1099,10211,35.0,78.0,5,2730.0,1/15/2004 0:00,Shipped,1,1,2004,Classic Cars,80,S18_3278,Auto Canal Petit,(1) 47.55.6555,"25, rue Lauriston",-0.010994899240796116,0.31868131868131866
1099,1100,1100,10225,37.0,95.69,12,3540.53,2/22/2004 0:00,Shipped,1,2,2004,Classic Cars,80,S18_3278,"Vida Sport, Ltd",0897-034555,Grenzacherweg 237,0.19448593292826055,0.34065934065934067
1100,1101,1101,10238,41.0,73.17,6,2999.97,4/9/2004 0:00,Shipped,2,4,2004,Classic Cars,80,S18_3278,Danish Wholesale Imports,31 12 3555,Vinb'ltet 34,0.6054475972663739,0.38461538461538464
1101,1102,1102,10252,20.0,76.39,2,1527.8,5/26/2004 0:00,Shipped,2,5,2004,Classic Cars,80,S18_3278,Auto Canal Petit,(1) 47.55.6555,"25, rue Lauriston",-1.552101140508721,0.15384615384615385
1102,1103,1103,10265,45.0,86.84,2,3907.8,7/2/2004 0:00,Shipped,3,7,2004,Classic Cars,80,S18_3278,"Australian Collectables, Ltd",61-9-3844-6555,7 Allen Street,1.016409261604487,0.42857142857142855
1103,1104,1104,10276,38.0,69.96,6,2658.48,8/2/2004 0:00,Shipped,3,8,2004,Classic Cars,80,S18_3278,Online Mini Collectables,6175557555,7635 Spinnaker Dr.,0.2972263490127889,0.3516483516483517
1104,1105,1105,10287,43.0,70.76,15,3042.68,8/30/2004 0:00,Shipped,3,8,2004,Classic Cars,80,S18_3278,"Vida Sport, Ltd",0897-034555,Grenzacherweg 237,0.8109284294354305,0.4065934065934066
1105,1106,1106,10300,49.0,78.8,8,3861.2,10/4/2003 0:00,Shipped,4,10,2003,Classic Cars,80,S18_3278,"Blauer See Auto, Co.",+49 69 66 90 2555,Lyonerstr. 34,1.4273709259426004,0.4725274725274725
1106,1107,1107,10310,27.0,80.41,13,2171.07,10/16/2004 0:00,Shipped,4,10,2004,Classic Cars,80,S18_3278,"Toms Spezialitten, Ltd",0221-5554327,Mehrheimerstr. 369,-0.8329182279170227,0.23076923076923078
1107,1108,1108,10319,46.0,73.98,1,3403.08,11/3/2004 0:00,Shipped,4,11,2004,Classic Cars,80,S18_3278,Microscale Inc.,2125551957,5290 North Pendale Street,1.1191496776890155,0.43956043956043955
1108,1109,1109,10329,38.0,59.1,10,2245.8,11/15/2004 0:00,Shipped,4,11,2004,Classic Cars,80,S18_3278,Land of Toys Inc.,2125557818,897 Long Airport Avenue,0.2972263490127889,0.3516483516483517
1109,1110,1110,10342,25.0,66.74,5,1668.5,11/24/2004 0:00,Shipped,4,11,2004,Classic Cars,80,S18_3278,"Australian Collectors, Co.",03 9520 4555,636 St Kilda Road,-1.0383990600860795,0.2087912087912088
1110,1111,1111,10363,46.0,60.3,10,2773.8,1/6/2005 0:00,Shipped,1,1,2005,Classic Cars,80,S18_3278,Suominen Souveniers,+358 9 8045 555,"Software Engineering Center, SEC Oy",1.1191496776890155,0.43956043956043955
1111,1112,1112,10378,22.0,100.0,4,2464.0,2/10/2005 0:00,Shipped,1,2,2005,Classic Cars,80,S18_3278,Euro Shopping Channel,(91) 555 94 44,"C/ Moralzarzal, 86",-1.3466203083396644,0.17582417582417584
1112,1113,1113,10390,40.0,100.0,9,5491.6,3/4/2005 0:00,Shipped,1,3,2005,Classic Cars,80,S18_3278,Mini Gifts Distributors Ltd.,4155551450,5677 Strong St.,0.5027071811818455,0.37362637362637363
1113,1114,1114,10103,46.0,100.0,16,4791.82,1/29/2003 0:00,Shipped,1,1,2003,Vintage Cars,99,S18_3320,Baane Mini Imports,07-98 9555,Erling Skakkes gate 78,1.1191496776890155,0.43956043956043955
1114,1115,1115,10111,39.0,100.0,4,4178.85,3/25/2003 0:00,Shipped,1,3,2003,Vintage Cars,99,S18_3320,Mini Wheels Co.,6505555787,5557 North Pendale Street,0.3999667650973172,0.3626373626373626
1115,1116,1116,10126,38.0,82.34,16,3128.92,5/28/2003 0:00,Shipped,2,5,2003,Vintage Cars,99,S18_3320,"Corrida Auto Replicas, Ltd",(91) 555 22 82,"C/ Araquil, 67",0.2972263490127889,0.3516483516483517
1116,1117,1117,10139,30.0,100.0,5,3095.4,7/16/2003 0:00,Shipped,3,7,2003,Vintage Cars,99,S18_3320,Souveniers And Things Co.,+61 2 9495 8555,"Monitor Money Building, 815 Pacific Hwy",-0.5246969796634378,0.26373626373626374
1117,1118,1118,10149,42.0,94.25,2,3958.5,9/12/2003 0:00,Shipped,3,9,2003,Vintage Cars,99,S18_3320,Signal Collectibles Ltd.,4155554312,2793 Furth Circle,0.7081880133509022,0.3956043956043956
1118,1119,1119,10163,43.0,100.0,6,4991.44,10/20/2003 0:00,Shipped,4,10,2003,Vintage Cars,99,S18_3320,Classic Legends Inc.,2125558493,5905 Pompton St.,0.8109284294354305,0.4065934065934066
1119,1120,1120,10173,29.0,95.24,4,2761.96,11/5/2003 0:00,Shipped,4,11,2003,Vintage Cars,99,S18_3320,Rovelli Gifts,035-640555,Via Ludovico il Moro 22,-0.6274373957479661,0.25274725274725274
1120,1121,1121,10182,33.0,86.31,1,2848.23,11/12/2003 0:00,Shipped,4,11,2003,Vintage Cars,99,S18_3320,Mini Gifts Distributors Ltd.,4155551450,5677 Strong St.,-0.21647573140985277,0.2967032967032967
1121,1122,1122,10193,32.0,79.37,5,2539.84,11/21/2003 0:00,Shipped,4,11,2003,Vintage Cars,99,S18_3320,"Australian Collectables, Ltd",61-9-3844-6555,7 Allen Street,-0.3192161474943811,0.2857142857142857
1122,1123,1123,10206,28.0,87.3,11,2444.4,12/5/2003 0:00,Shipped,4,12,2003,Vintage Cars,99,S18_3320,Canadian Gift Exchange Network,(604) 555-3392,1900 Oak St.,-0.7301778118324944,0.24175824175824176
1123,1124,1124,10215,41.0,100.0,8,4555.92,1/29/2004 0:00,Shipped,1,1,2004,Vintage Cars,99,S18_3320,West Coast Collectables Co.,3105553722,3675 Furth Circle,0.6054475972663739,0.38461538461538464
1124,1125,1125,10227,33.0,100.0,1,3666.96,3/2/2004 0:00,Shipped,1,3,2004,Vintage Cars,99,S18_3320,"Saveley & Henriot, Co.",78.32.5555,"2, rue du Commerce",-0.21647573140985277,0.2967032967032967
1125,1126,1126,10244,36.0,84.33,5,3035.88,4/29/2004 0:00,Shipped,2,4,2004,Vintage Cars,99,S18_3320,Euro Shopping Channel,(91) 555 94 44,"C/ Moralzarzal, 86",0.09174551684373221,0.32967032967032966
1126,1127,1127,10257,26.0,89.29,5,2321.54,6/14/2004 0:00,Shipped,2,6,2004,Vintage Cars,99,S18_3320,The Sharp Gifts Warehouse,4085553659,3086 Ingle Ln.,-0.9356586440015511,0.21978021978021978
1127,1128,1128,10280,34.0,100.0,7,3474.46,8/17/2004 0:00,Shipped,3,8,2004,Vintage Cars,99,S18_3320,Amica Models & Co.,011-4988555,Via Monte Bianco 34,-0.11373531532532445,0.3076923076923077
1128,1129,1129,10290,26.0,96.23,2,2501.98,9/7/2004 0:00,Shipped,3,9,2004,Vintage Cars,99,S18_3320,Auto-Moto Classics Inc.,6175558428,16780 Pompton St.,-0.9356586440015511,0.21978021978021978
1129,1130,1130,10304,38.0,100.0,11,3958.46,10/11/2004 0:00,Shipped,4,10,2004,Vintage Cars,99,S18_3320,Auto Assoc. & Cie.,30.59.8555,"67, avenue de l'Europe",0.2972263490127889,0.3516483516483517
1130,1131,1131,10312,33.0,100.0,8,3535.95,10/21/2004 0:00,Shipped,4,10,2004,Vintage Cars,99,S18_3320,Mini Gifts Distributors Ltd.,4155551450,5677 Strong St.,-0.21647573140985277,0.2967032967032967
1131,1132,1132,10323,33.0,91.27,2,3011.91,11/5/2004 0:00,Shipped,4,11,2004,Vintage Cars,99,S18_3320,"Blauer See Auto, Co.",+49 69 66 90 2555,Lyonerstr. 34,-0.21647573140985277,0.2967032967032967
1132,1133,1133,10333,46.0,100.0,2,11336.7,11/18/2004 0:00,Shipped,4,11,2004,Vintage Cars,99,S18_3320,Mini Wheels Co.,6505555787,5557 North Pendale Street,1.1191496776890155,0.43956043956043955
1133,1134,1134,10347,26.0,100.0,12,2656.94,11/29/2004 0:00,Shipped,4,11,2004,Vintage Cars,99,S18_3320,"Australian Collectors, Co.",03 9520 4555,636 St Kilda Road,-0.9356586440015511,0.21978021978021978
1134,1135,1135,10357,25.0,100.0,3,2604.25,12/10/2004 0:00,Shipped,4,12,2004,Vintage Cars,99,S18_3320,Mini Gifts Distributors Ltd.,4155551450,5677 Strong St.,-1.0383990600860795,0.2087912087912088
1135,1136,1136,10369,45.0,73.08,4,3288.6,1/20/2005 0:00,Shipped,1,1,2005,Vintage Cars,99,S18_3320,Collectables For Less Inc.,6175558555,7825 Douglas Av.,1.016409261604487,0.42857142857142855
1136,1137,1137,10382,50.0,100.0,7,8935.5,2/17/2005 0:00,Shipped,1,2,2005,Vintage Cars,99,S18_3320,Mini Gifts Distributors Ltd.,4155551450,5677 Strong St.,1.5301113420271288,0.4835164835164835
1137,1138,1138,10392,36.0,100.0,1,4035.96,3/10/2005 0:00,Shipped,1,3,2005,Vintage Cars,99,S18_3320,Mini Auto Werke,7675-3555,Kirchgasse 6,0.09174551684373221,0.32967032967032966
1138,1139,1139,10423,21.0,89.29,5,1875.09,5/30/2005 0:00,In Process,2,5,2005,Vintage Cars,99,S18_3320,Petit Auto,(02) 5554 67,Rue Joseph-Bens 532,-1.4493607244241928,0.16483516483516483
1139,1140,1140,10108,29.0,100.0,8,4049.56,3/3/2003 0:00,Shipped,1,3,2003,Classic Cars,146,S18_3482,Cruz & Sons Co.,+63 2 555 3587,15 McCallum Street - NatWest Center #13-03,-0.6274373957479661,0.25274725274725274
1140,1141,1141,10122,21.0,100.0,12,2469.39,5/8/2003 0:00,Shipped,2,5,2003,Classic Cars,146,S18_3482,Marseille Mini Autos,91.24.4555,"12, rue des Bouchers",-1.4493607244241928,0.16483516483516483
1141,1142,1142,10135,42.0,100.0,9,5432.7,7/2/2003 0:00,Shipped,3,7,2003,Classic Cars,146,S18_3482,Mini Gifts Distributors Ltd.,4155551450,5677 Strong St.,0.7081880133509022,0.3956043956043956
1142,1143,1143,10147,37.0,100.0,9,4405.22,9/5/2003 0:00,Shipped,3,9,2003,Classic Cars,146,S18_3482,Collectables For Less Inc.,6175558555,7825 Douglas Av.,0.19448593292826055,0.34065934065934067
1143,1144,1144,10159,25.0,100.0,4,3638.0,10/10/2003 0:00,Shipped,4,10,2003,Classic Cars,146,S18_3482,Corporate Gift Ideas Co.,6505551386,7734 Strong St.,-1.0383990600860795,0.2087912087912088
1144,1145,1145,10169,36.0,100.0,4,4444.92,11/4/2003 0:00,Shipped,4,11,2003,Classic Cars,146,S18_3482,"Anna's Decorations, Ltd",02 9936 8555,201 Miller Street,0.09174551684373221,0.32967032967032966
1145,1146,1146,10181,22.0,100.0,16,3395.48,11/12/2003 0:00,Shipped,4,11,2003,Classic Cars,146,S18_3482,Herkku Gifts,+47 2267 3215,"Drammen 121, PR 744 Sentrum",-1.3466203083396644,0.17582417582417584
1146,1147,1147,10191,23.0,100.0,5,3414.58,11/20/2003 0:00,Shipped,4,11,2003,Classic Cars,146,S18_3482,"Toms Spezialitten, Ltd",0221-5554327,Mehrheimerstr. 369,-1.2438798922551362,0.18681318681318682
1147,1148,1148,10203,32.0,100.0,10,5127.04,12/2/2003 0:00,Shipped,4,12,2003,Classic Cars,146,S18_3482,Euro Shopping Channel,(91) 555 94 44,"C/ Moralzarzal, 86",-0.3192161474943811,0.2857142857142857
1148,1149,1149,10211,28.0,100.0,4,3745.28,1/15/2004 0:00,Shipped,1,1,2004,Classic Cars,146,S18_3482,Auto Canal Petit,(1) 47.55.6555,"25, rue Lauriston",-0.7301778118324944,0.24175824175824176
1149,1150,1150,10225,27.0,100.0,11,4564.08,2/22/2004 0:00,Shipped,1,2,2004,Classic Cars,146,S18_3482,"Vida Sport, Ltd",0897-034555,Grenzacherweg 237,-0.8329182279170227,0.23076923076923078
1150,1151,1151,10238,49.0,100.0,5,6554.24,4/9/2004 0:00,Shipped,2,4,2004,Classic Cars,146,S18_3482,Danish Wholesale Imports,31 12 3555,Vinb'ltet 34,1.4273709259426004,0.4725274725274725
1151,1152,1152,10252,41.0,100.0,1,6749.83,5/26/2004 0:00,Shipped,2,5,2004,Classic Cars,146,S18_3482,Auto Canal Petit,(1) 47.55.6555,"25, rue Lauriston",0.6054475972663739,0.38461538461538464
1152,1153,1153,10265,49.0,100.0,1,8427.02,7/2/2004 0:00,Shipped,3,7,2004,Classic Cars,146,S18_3482,"Australian Collectables, Ltd",61-9-3844-6555,7 Allen Street,1.4273709259426004,0.4725274725274725
1153,1154,1154,10276,30.0,100.0,5,3924.6,8/2/2004 0:00,Shipped,3,8,2004,Classic Cars,146,S18_3482,Online Mini Collectables,6175557555,7635 Spinnaker Dr.,-0.5246969796634378,0.26373626373626374
1154,1155,1155,10287,40.0,100.0,14,6761.6,8/30/2004 0:00,Shipped,3,8,2004,Classic Cars,146,S18_3482,"Vida Sport, Ltd",0897-034555,Grenzacherweg 237,0.5027071811818455,0.37362637362637363
1155,1156,1156,10300,23.0,100.0,7,3786.49,10/4/2003 0:00,Shipped,4,10,2003,Classic Cars,146,S18_3482,"Blauer See Auto, Co.",+49 69 66 90 2555,Lyonerstr. 34,-1.2438798922551362,0.18681318681318682
1156,1157,1157,10310,49.0,100.0,12,6266.12,10/16/2004 0:00,Shipped,4,10,2004,Classic Cars,146,S18_3482,"Toms Spezialitten, Ltd",0221-5554327,Mehrheimerstr. 369,1.4273709259426004,0.4725274725274725
1157,1158,1158,10320,25.0,100.0,5,3491.0,11/3/2004 0:00,Shipped,4,11,2004,Classic Cars,146,S18_3482,"Volvo Model Replicas, Co",0921-12 3555,Berguvsvgen  8,-1.0383990600860795,0.2087912087912088
1158,1159,1159,10330,37.0,100.0,3,4405.22,11/16/2004 0:00,Shipped,4,11,2004,Classic Cars,146,S18_3482,Cruz & Sons Co.,+63 2 555 3587,15 McCallum Street - NatWest Center #13-03,0.19448593292826055,0.34065934065934067
1159,1160,1160,10342,55.0,100.0,7,6548.3,11/24/2004 0:00,Shipped,4,11,2004,Classic Cars,146,S18_3482,"Australian Collectors, Co.",03 9520 4555,636 St Kilda Road,2.0438134224497704,0.5384615384615384
1160,1161,1161,10355,23.0,100.0,7,3177.91,12/7/2004 0:00,Shipped,4,12,2004,Classic Cars,146,S18_3482,Euro Shopping Channel,(91) 555 94 44,"C/ Moralzarzal, 86",-1.2438798922551362,0.18681318681318682
1161,1162,1162,10363,24.0,100.0,11,4142.64,1/6/2005 0:00,Shipped,1,1,2005,Classic Cars,146,S18_3482,Suominen Souveniers,+358 9 8045 555,"Software Engineering Center, SEC Oy",-1.1411394761706077,0.1978021978021978
1162,1163,1163,10378,43.0,96.49,10,4149.07,2/10/2005 0:00,Shipped,1,2,2005,Classic Cars,146,S18_3482,Euro Shopping Channel,(91) 555 94 44,"C/ Moralzarzal, 86",0.8109284294354305,0.4065934065934066
1163,1164,1164,10390,50.0,100.0,1,7397.0,3/4/2005 0:00,Shipped,1,3,2005,Classic Cars,146,S18_3482,Mini Gifts Distributors Ltd.,4155551450,5677 Strong St.,1.5301113420271288,0.4835164835164835
1164,1165,1165,10109,47.0,100.0,2,6241.6,3/10/2003 0:00,Shipped,1,3,2003,Classic Cars,141,S18_3685,Motor Mint Distributors Inc.,2155559857,11328 Douglas Av.,1.2218900937735437,0.45054945054945056
1165,1166,1166,10123,34.0,100.0,4,5331.88,5/20/2003 0:00,Shipped,2,5,2003,Classic Cars,141,S18_3685,Atelier graphique,40.32.2555,"54, rue Royale",-0.11373531532532445,0.3076923076923077
1166,1167,1167,10137,31.0,100.0,4,5124.3,7/10/2003 0:00,Shipped,3,7,2003,Classic Cars,141,S18_3685,Reims Collectables,26.47.1555,59 rue de l'Abbaye,-0.4219565635789094,0.27472527472527475
1167,1168,1168,10148,28.0,100.0,11,3639.44,9/11/2003 0:00,Shipped,3,9,2003,Classic Cars,141,S18_3685,"Anna's Decorations, Ltd",02 9936 8555,201 Miller Street,-0.7301778118324944,0.24175824175824176
1168,1169,1169,10161,36.0,100.0,10,5544.0,10/17/2003 0:00,Shipped,4,10,2003,Classic Cars,141,S18_3685,Heintze Collectables,86 21 3555,Smagsloget 45,0.09174551684373221,0.32967032967032966
1169,1170,1170,10172,48.0,100.0,8,5493.12,11/5/2003 0:00,Shipped,4,11,2003,Classic Cars,141,S18_3685,Gift Depot Inc.,2035552570,25593 South Bay Ln.,1.3246305098580722,0.46153846153846156
1170,1171,1171,10181,39.0,100.0,4,5785.26,11/12/2003 0:00,Shipped,4,11,2003,Classic Cars,141,S18_3685,Herkku Gifts,+47 2267 3215,"Drammen 121, PR 744 Sentrum",0.3999667650973172,0.3626373626373626
1171,1172,1172,10192,45.0,100.0,9,5340.6,11/20/2003 0:00,Shipped,4,11,2003,Classic Cars,141,S18_3685,Online Diecast Creations Co.,6035558647,2304 Long Airport Avenue,1.016409261604487,0.42857142857142855
1172,1173,1173,10204,35.0,100.0,15,5735.8,12/2/2003 0:00,Shipped,4,12,2003,Classic Cars,141,S18_3685,Muscle Machine Inc,2125557413,4092 Furth Circle,-0.010994899240796116,0.31868131868131866
1173,1174,1174,10212,45.0,100.0,8,6357.6,1/16/2004 0:00,Shipped,1,1,2004,Classic Cars,141,S18_3685,Euro Shopping Channel,(91) 555 94 44,"C/ Moralzarzal, 86",1.016409261604487,0.42857142857142855
1174,1175,1175,10226,46.0,100.0,6,7343.9,2/26/2004 0:00,Shipped,1,2,2004,Classic Cars,141,S18_3685,Collectable Mini Designs Co.,7605558146,361 Furth Circle,1.1191496776890155,0.43956043956043955
1175,1176,1176,10240,37.0,100.0,1,5959.22,4/13/2004 0:00,Shipped,2,4,2004,Classic Cars,141,S18_3685,Osaka Souveniers Co.,+81 06 6342 5555,"Dojima Avanza 4F, 1-6-20 Dojima, Kita-ku",0.19448593292826055,0.34065934065934067
1176,1177,1177,10253,31.0,100.0,3,4029.38,6/1/2004 0:00,Cancelled,2,6,2004,Classic Cars,141,S18_3685,"UK Collectables, Ltd.",(171) 555-2282,Berkeley Gardens 12  Brewery,-0.4219565635789094,0.27472527472527475
1177,1178,1178,10266,33.0,100.0,4,5035.14,7/6/2004 0:00,Shipped,3,7,2004,Classic Cars,141,S18_3685,L'ordine Souveniers,0522-556555,Strada Provinciale 124,-0.21647573140985277,0.2967032967032967
1178,1179,1179,10278,31.0,100.0,4,4116.8,8/6/2004 0:00,Shipped,3,8,2004,Classic Cars,141,S18_3685,Signal Gift Stores,7025551838,8489 Strong St.,-0.4219565635789094,0.27472527472527475
1179,1180,1180,10287,27.0,100.0,2,4310.55,8/30/2004 0:00,Shipped,3,8,2004,Classic Cars,141,S18_3685,"Vida Sport, Ltd",0897-034555,Grenzacherweg 237,-0.8329182279170227,0.23076923076923078
1180,1181,1181,10301,39.0,100.0,6,6446.7,10/5/2003 0:00,Shipped,4,10,2003,Classic Cars,141,S18_3685,"Norway Gifts By Mail, Co.",+47 2212 1555,"Drammensveien 126 A, PB 744 Sentrum",0.3999667650973172,0.3626373626373626
1181,1182,1182,10311,32.0,100.0,11,3616.64,10/16/2004 0:00,Shipped,4,10,2004,Classic Cars,141,S18_3685,Euro Shopping Channel,(91) 555 94 44,"C/ Moralzarzal, 86",-0.3192161474943811,0.2857142857142857
1182,1183,1183,10321,28.0,100.0,8,4232.76,11/4/2004 0:00,Shipped,4,11,2004,Classic Cars,141,S18_3685,FunGiftIdeas.com,5085552555,1785 First Street,-0.7301778118324944,0.24175824175824176
1183,1184,1184,10331,26.0,67.91,12,1765.66,11/17/2004 0:00,Shipped,4,11,2004,Classic Cars,141,S18_3685,Motor Mint Distributors Inc.,2155559857,11328 Douglas Av.,-0.9356586440015511,0.21978021978021978
1184,1185,1185,10343,44.0,84.88,2,3734.72,11/24/2004 0:00,Shipped,4,11,2004,Classic Cars,141,S18_3685,Reims Collectables,26.47.1555,59 rue de l'Abbaye,0.9136688455199589,0.4175824175824176
1185,1186,1186,10367,46.0,100.0,6,4808.38,1/12/2005 0:00,Resolved,1,1,2005,Classic Cars,141,S18_3685,Toys4GrownUps.com,6265557265,78934 Hillside Dr.,1.1191496776890155,0.43956043956043955
1186,1187,1187,10379,32.0,70.83,4,2266.56,2/10/2005 0:00,Shipped,1,2,2005,Classic Cars,141,S18_3685,Euro Shopping Channel,(91) 555 94 44,"C/ Moralzarzal, 86",-0.3192161474943811,0.2857142857142857
1187,1188,1188,10406,65.0,100.0,1,10468.9,4/15/2005 0:00,Disputed,2,4,2005,Classic Cars,141,S18_3685,Danish Wholesale Imports,31 12 3555,Vinb'ltet 34,3.071217583295054,0.6483516483516484
1188,1189,1189,10419,43.0,100.0,3,5589.14,5/17/2005 0:00,Shipped,2,5,2005,Classic Cars,141,S18_3685,Salzburg Collectables,6562-9555,Geislweg 14,0.8109284294354305,0.4065934065934066
1189,1190,1190,10108,43.0,67.77,12,2914.11,3/3/2003 0:00,Shipped,1,3,2003,Motorcycles,62,S18_3782,Cruz & Sons Co.,+63 2 555 3587,15 McCallum Street - NatWest Center #13-03,0.8109284294354305,0.4065934065934066
1190,1191,1191,10122,35.0,49.74,16,1740.9,5/8/2003 0:00,Shipped,2,5,2003,Motorcycles,62,S18_3782,Marseille Mini Autos,91.24.4555,"12, rue des Bouchers",-0.010994899240796116,0.31868131868131866
1191,1192,1192,10135,45.0,50.36,13,2266.2,7/2/2003 0:00,Shipped,3,7,2003,Motorcycles,62,S18_3782,Mini Gifts Distributors Ltd.,4155551450,5677 Strong St.,1.016409261604487,0.42857142857142855
1192,1193,1193,10146,47.0,67.14,2,3155.58,9/3/2003 0:00,Shipped,3,9,2003,Motorcycles,62,S18_3782,Gift Ideas Corp.,2035554407,2440 Pompton St.,1.2218900937735437,0.45054945054945056
1193,1194,1194,10159,21.0,64.66,8,1357.86,10/10/2003 0:00,Shipped,4,10,2003,Motorcycles,62,S18_3782,Corporate Gift Ideas Co.,6505551386,7734 Strong St.,-1.4493607244241928,0.16483516483516483
1194,1195,1195,10169,38.0,68.39,8,2598.82,11/4/2003 0:00,Shipped,4,11,2003,Motorcycles,62,S18_3782,"Anna's Decorations, Ltd",02 9936 8555,201 Miller Street,0.2972263490127889,0.3516483516483517
1195,1196,1196,10180,21.0,50.36,3,1057.56,11/11/2003 0:00,Shipped,4,11,2003,Motorcycles,62,S18_3782,Daedalus Designs Imports,20.16.1555,"184, chausse de Tournai",-1.4493607244241928,0.16483516483516483
1196,1197,1197,10191,43.0,72.74,9,3127.82,11/20/2003 0:00,Shipped,4,11,2003,Motorcycles,62,S18_3782,"Toms Spezialitten, Ltd",0221-5554327,Mehrheimerstr. 369,0.8109284294354305,0.4065934065934066
1197,1198,1198,10211,46.0,54.09,8,2488.14,1/15/2004 0:00,Shipped,1,1,2004,Motorcycles,62,S18_3782,Auto Canal Petit,(1) 47.55.6555,"25, rue Lauriston",1.1191496776890155,0.43956043956043955
1198,1199,1199,10224,38.0,58.44,1,2220.72,2/21/2004 0:00,Shipped,1,2,2004,Motorcycles,62,S18_3782,Daedalus Designs Imports,20.16.1555,"184, chausse de Tournai",0.2972263490127889,0.3516483516483517
1199,1200,1200,10237,26.0,52.22,1,1357.72,4/5/2004 0:00,Shipped,2,4,2004,Motorcycles,62,S18_3782,Vitachrome Inc.,2125551500,2678 Kingston Rd.,-0.9356586440015511,0.21978021978021978
1200,1201,1201,10252,31.0,52.84,5,1638.04,5/26/2004 0:00,Shipped,2,5,2004,Motorcycles,62,S18_3782,Auto Canal Petit,(1) 47.55.6555,"25, rue Lauriston",-0.4219565635789094,0.27472527472527475
1201,1202,1202,10264,48.0,54.71,3,2626.08,6/30/2004 0:00,Shipped,2,6,2004,Motorcycles,62,S18_3782,Gifts4AllAges.com,6175559555,8616 Spinnaker Dr.,1.3246305098580722,0.46153846153846156
1202,1203,1203,10276,33.0,50.36,9,1661.88,8/2/2004 0:00,Shipped,3,8,2004,Motorcycles,62,S18_3782,Online Mini Collectables,6175557555,7635 Spinnaker Dr.,-0.21647573140985277,0.2967032967032967
1203,1204,1204,10286,38.0,57.2,1,2173.6,8/28/2004 0:00,Shipped,3,8,2004,Motorcycles,62,S18_3782,"La Corne D'abondance, Co.",(1) 42.34.2555,"265, boulevard Charonne",0.2972263490127889,0.3516483516483517
1204,1205,1205,10299,39.0,55.95,3,2182.05,9/30/2004 0:00,Shipped,3,9,2004,Motorcycles,62,S18_3782,"Toys of Finland, Co.",90-224 8555,Keskuskatu 45,0.3999667650973172,0.3626373626373626
1205,1206,1206,10310,42.0,67.14,16,2819.88,10/16/2004 0:00,Shipped,4,10,2004,Motorcycles,62,S18_3782,"Toms Spezialitten, Ltd",0221-5554327,Mehrheimerstr. 369,0.7081880133509022,0.3956043956043956
1206,1207,1207,10319,44.0,59.06,4,2598.64,11/3/2004 0:00,Shipped,4,11,2004,Motorcycles,62,S18_3782,Microscale Inc.,2125551957,5290 North Pendale Street,0.9136688455199589,0.4175824175824176
1207,1208,1208,10330,29.0,69.63,2,2019.27,11/16/2004 0:00,Shipped,4,11,2004,Motorcycles,62,S18_3782,Cruz & Sons Co.,+63 2 555 3587,15 McCallum Street - NatWest Center #13-03,-0.6274373957479661,0.25274725274725274
1208,1209,1209,10342,26.0,55.95,8,1454.7,11/24/2004 0:00,Shipped,4,11,2004,Motorcycles,62,S18_3782,"Australian Collectors, Co.",03 9520 4555,636 St Kilda Road,-0.9356586440015511,0.21978021978021978
1209,1210,1210,10355,31.0,53.47,1,1657.57,12/7/2004 0:00,Shipped,4,12,2004,Motorcycles,62,S18_3782,Euro Shopping Channel,(91) 555 94 44,"C/ Moralzarzal, 86",-0.4219565635789094,0.27472527472527475
1210,1211,1211,10363,32.0,89.12,12,2851.84,1/6/2005 0:00,Shipped,1,1,2005,Motorcycles,62,S18_3782,Suominen Souveniers,+358 9 8045 555,"Software Engineering Center, SEC Oy",-0.3192161474943811,0.2857142857142857
1211,1212,1212,10378,28.0,100.0,9,4609.64,2/10/2005 0:00,Shipped,1,2,2005,Motorcycles,62,S18_3782,Euro Shopping Channel,(91) 555 94 44,"C/ Moralzarzal, 86",-0.7301778118324944,0.24175824175824176
1212,1213,1213,10390,36.0,100.0,2,5079.96,3/4/2005 0:00,Shipped,1,3,2005,Motorcycles,62,S18_3782,Mini Gifts Distributors Ltd.,4155551450,5677 Strong St.,0.09174551684373221,0.32967032967032966
1213,1214,1214,10403,36.0,52.22,1,1879.92,4/8/2005 0:00,Shipped,2,4,2005,Motorcycles,62,S18_3782,"UK Collectables, Ltd.",(171) 555-2282,Berkeley Gardens 12  Brewery,0.09174551684373221,0.32967032967032966
1214,1215,1215,10106,41.0,100.0,17,4774.86,2/17/2003 0:00,Shipped,1,2,2003,Vintage Cars,105,S18_3856,Rovelli Gifts,035-640555,Via Ludovico il Moro 22,0.6054475972663739,0.38461538461538464
1215,1216,1216,10119,27.0,99.52,8,2687.04,4/28/2003 0:00,Shipped,2,4,2003,Vintage Cars,105,S18_3856,Salzburg Collectables,6562-9555,Geislweg 14,-0.8329182279170227,0.23076923076923078
1216,1217,1217,10130,33.0,100.0,1,3423.75,6/16/2003 0:00,Shipped,2,6,2003,Vintage Cars,105,S18_3856,Auto-Moto Classics Inc.,6175558428,16780 Pompton St.,-0.21647573140985277,0.2967032967032967
1217,1218,1218,10143,34.0,100.0,12,3455.76,8/10/2003 0:00,Shipped,3,8,2003,Vintage Cars,105,S18_3856,Mini Creations Ltd.,5085559555,4575 Hillside Dr.,-0.11373531532532445,0.3076923076923077
1218,1219,1219,10155,29.0,100.0,10,3622.97,10/6/2003 0:00,Shipped,4,10,2003,Vintage Cars,105,S18_3856,"Toys of Finland, Co.",90-224 8555,Keskuskatu 45,-0.6274373957479661,0.25274725274725274
1219,1220,1220,10167,34.0,100.0,6,3599.58,10/23/2003 0:00,Cancelled,4,10,2003,Vintage Cars,105,S18_3856,Scandinavian Gift Ideas,0695-34 6555,?kergatan 24,-0.11373531532532445,0.3076923076923077
1220,1221,1221,10178,48.0,100.0,9,5386.56,11/8/2003 0:00,Shipped,4,11,2003,Vintage Cars,105,S18_3856,Alpha Cognac,61.77.6555,1 rue Alsace-Lorraine,1.3246305098580722,0.46153846153846156
1221,1222,1222,10186,46.0,100.0,6,4918.78,11/14/2003 0:00,Shipped,4,11,2003,Vintage Cars,105,S18_3856,"Double Decker Gift Stores, Ltd",(171) 555-7555,120 Hanover Sq.,1.1191496776890155,0.43956043956043955
1222,1223,1223,10197,22.0,100.0,3,2538.8,11/26/2003 0:00,Shipped,4,11,2003,Vintage Cars,105,S18_3856,Enaco Distributors,(93) 203 4555,"Rambla de Catalu¤a, 23",-1.3466203083396644,0.17582417582417584
1223,1224,1224,10209,20.0,100.0,5,2498.6,1/9/2004 0:00,Shipped,1,1,2004,Vintage Cars,105,S18_3856,"Men 'R' US Retailers, Ltd.",2155554369,6047 Douglas Av.,-1.552101140508721,0.15384615384615385
1224,1225,1225,10222,45.0,85.75,9,3858.75,2/19/2004 0:00,Shipped,1,2,2004,Vintage Cars,105,S18_3856,Collectable Mini Designs Co.,7605558146,361 Furth Circle,1.016409261604487,0.42857142857142855
1225,1226,1226,10249,46.0,100.0,5,5600.5,5/8/2004 0:00,Shipped,2,5,2004,Vintage Cars,105,S18_3856,Cambridge Collectables Co.,6175555555,4658 Baden Av.,1.1191496776890155,0.43956043956043955
1226,1227,1227,10262,34.0,100.0,14,4103.46,6/24/2004 0:00,Cancelled,2,6,2004,Vintage Cars,105,S18_3856,Euro Shopping Channel,(91) 555 94 44,"C/ Moralzarzal, 86",-0.11373531532532445,0.3076923076923077
1227,1228,1228,10273,50.0,85.75,1,4287.5,7/21/2004 0:00,Shipped,3,7,2004,Vintage Cars,105,S18_3856,Petit Auto,(02) 5554 67,Rue Joseph-Bens 532,1.5301113420271288,0.4835164835164835
1228,1229,1229,10283,46.0,100.0,3,5795.54,8/20/2004 0:00,Shipped,3,8,2004,Vintage Cars,105,S18_3856,"Royal Canadian Collectables, Ltd.",(604) 555-4555,23 Tsawassen Blvd.,1.1191496776890155,0.43956043956043955
1229,1230,1230,10296,22.0,84.7,12,1863.4,9/15/2004 0:00,Shipped,3,9,2004,Vintage Cars,105,S18_3856,"Bavarian Collectables Imports, Co.",+49 89 61 08 9555,Hansastr. 15,-1.3466203083396644,0.17582417582417584
1230,1231,1231,10307,48.0,86.81,6,4166.88,10/14/2004 0:00,Shipped,4,10,2004,Vintage Cars,105,S18_3856,"Classic Gift Ideas, Inc",2155554695,782 First Street,1.3246305098580722,0.46153846153846156
1231,1232,1232,10316,47.0,86.81,14,4080.07,11/1/2004 0:00,Shipped,4,11,2004,Vintage Cars,105,S18_3856,giftsbymail.co.uk,(198) 555-8888,Garden House Crowther Way,1.2218900937735437,0.45054945054945056
1232,1233,1233,10328,34.0,100.0,6,3815.48,11/12/2004 0:00,Shipped,4,11,2004,Vintage Cars,105,S18_3856,Rovelli Gifts,035-640555,Via Ludovico il Moro 22,-0.11373531532532445,0.3076923076923077
1233,1234,1234,10338,45.0,100.0,2,5526.45,11/22/2004 0:00,Shipped,4,11,2004,Vintage Cars,105,S18_3856,Royale Belge,(071) 23 67 2555,"Boulevard Tirou, 255",1.016409261604487,0.42857142857142855
1234,1235,1235,10351,20.0,100.0,2,3374.6,12/3/2004 0:00,Shipped,4,12,2004,Vintage Cars,105,S18_3856,"Stylish Desk Decors, Co.",(171) 555-0297,35 King George,-1.552101140508721,0.15384615384615385
1235,1236,1236,10373,50.0,60.49,6,3024.5,1/31/2005 0:00,Shipped,1,1,2005,Vintage Cars,105,S18_3856,"Oulu Toy Supplies, Inc.",981-443655,Torikatu 38,1.5301113420271288,0.4835164835164835
1236,1237,1237,10386,22.0,57.55,6,1266.1,3/1/2005 0:00,Resolved,1,3,2005,Vintage Cars,105,S18_3856,Euro Shopping Channel,(91) 555 94 44,"C/ Moralzarzal, 86",-1.3466203083396644,0.17582417582417584
1237,1238,1238,10398,45.0,100.0,17,4811.85,3/30/2005 0:00,Shipped,1,3,2005,Vintage Cars,105,S18_3856,Reims Collectables,26.47.1555,59 rue de l'Abbaye,1.016409261604487,0.42857142857142855
1238,1239,1239,10400,58.0,100.0,6,7307.42,4/1/2005 0:00,Shipped,2,4,2005,Vintage Cars,105,S18_3856,The Sharp Gifts Warehouse,4085553659,3086 Ingle Ln.,2.3520346707033553,0.5714285714285714
1239,1240,1240,10415,51.0,100.0,5,6209.25,5/9/2005 0:00,Disputed,2,5,2005,Vintage Cars,105,S18_3856,"Australian Collectables, Ltd",61-9-3844-6555,7 Allen Street,1.632851758111657,0.4945054945054945
1240,1241,1241,10104,38.0,100.0,3,5348.5,1/31/2003 0:00,Shipped,1,1,2003,Classic Cars,143,S18_4027,Euro Shopping Channel,(91) 555 94 44,"C/ Moralzarzal, 86",0.2972263490127889,0.3516483516483517
1241,1242,1242,10117,22.0,100.0,12,2780.58,4/16/2003 0:00,Shipped,2,4,2003,Classic Cars,143,S18_4027,"Dragon Souveniers, Ltd.",+65 221 7555,"Bronz Sok., Bronz Apt. 3/6 Tesvikiye",-1.3466203083396644,0.17582417582417584
1242,1243,1243,10127,25.0,100.0,5,3447.0,6/3/2003 0:00,Shipped,2,6,2003,Classic Cars,143,S18_4027,Muscle Machine Inc,2125557413,4092 Furth Circle,-1.0383990600860795,0.2087912087912088
1243,1244,1244,10142,24.0,100.0,15,3791.52,8/8/2003 0:00,Shipped,3,8,2003,Classic Cars,143,S18_4027,Mini Gifts Distributors Ltd.,4155551450,5677 Strong St.,-1.1411394761706077,0.1978021978021978
1244,1245,1245,10152,35.0,100.0,1,4524.1,9/25/2003 0:00,Shipped,3,9,2003,Classic Cars,143,S18_4027,"Australian Gift Network, Co",61-7-3844-6555,31 Duncan St. West End,-0.010994899240796116,0.31868131868131866
1245,1246,1246,10165,28.0,100.0,6,3337.6,10/22/2003 0:00,Shipped,4,10,2003,Classic Cars,143,S18_4027,"Dragon Souveniers, Ltd.",+65 221 7555,"Bronz Sok., Bronz Apt. 3/6 Tesvikiye",-0.7301778118324944,0.24175824175824176
1246,1247,1247,10176,36.0,100.0,5,5532.12,11/6/2003 0:00,Shipped,4,11,2003,Classic Cars,143,S18_4027,L'ordine Souveniers,0522-556555,Strada Provinciale 124,0.09174551684373221,0.32967032967032966
1247,1248,1248,10185,39.0,100.0,16,5096.91,11/14/2003 0:00,Shipped,4,11,2003,Classic Cars,143,S18_4027,Mini Creations Ltd.,5085559555,4575 Hillside Dr.,0.3999667650973172,0.3626373626373626
1248,1249,1249,10196,27.0,100.0,8,4537.08,11/26/2003 0:00,Shipped,4,11,2003,Classic Cars,143,S18_4027,Super Scale Inc.,2035559545,567 North Pendale Street,-0.8329182279170227,0.23076923076923078
1249,1250,1250,10207,40.0,100.0,1,6146.8,12/9/2003 0:00,Shipped,4,12,2003,Classic Cars,143,S18_4027,Diecast Collectables,6175552555,6251 Ingle Ln.,0.5027071811818455,0.37362637362637363
1250,1251,1251,10220,50.0,100.0,5,8258.0,2/12/2004 0:00,Shipped,1,2,2004,Classic Cars,143,S18_4027,"Clover Collections, Co.",+353 1862 1555,25 Maiden Lane,1.5301113420271288,0.4835164835164835
1251,1252,1252,10230,42.0,100.0,3,7238.28,3/15/2004 0:00,Shipped,1,3,2004,Classic Cars,143,S18_4027,"Blauer See Auto, Co.",+49 69 66 90 2555,Lyonerstr. 34,0.7081880133509022,0.3956043956043956
1252,1253,1253,10247,48.0,100.0,5,6756.0,5/5/2004 0:00,Shipped,2,5,2004,Classic Cars,143,S18_4027,Suominen Souveniers,+358 9 8045 555,"Software Engineering Center, SEC Oy",1.3246305098580722,0.46153846153846156
1253,1254,1254,10272,25.0,100.0,5,3734.0,7/20/2004 0:00,Shipped,3,7,2004,Classic Cars,143,S18_4027,Diecast Classics Inc.,2155551555,7586 Pompton St.,-1.0383990600860795,0.2087912087912088
1254,1255,1255,10282,31.0,100.0,8,4674.8,8/20/2004 0:00,Shipped,3,8,2004,Classic Cars,143,S18_4027,Mini Gifts Distributors Ltd.,4155551450,5677 Strong St.,-0.4219565635789094,0.27472527472527475
1255,1256,1256,10292,44.0,100.0,2,7140.76,9/8/2004 0:00,Shipped,3,9,2004,Classic Cars,143,S18_4027,Land of Toys Inc.,2125557818,897 Long Airport Avenue,0.9136688455199589,0.4175824175824176
1256,1257,1257,10306,23.0,100.0,16,3600.65,10/14/2004 0:00,Shipped,4,10,2004,Classic Cars,143,S18_4027,"AV Stores, Co.",(171) 555-1555,Fauntleroy Circus,-1.2438798922551362,0.18681318681318682
1257,1258,1258,10314,29.0,100.0,8,4206.74,10/22/2004 0:00,Shipped,4,10,2004,Classic Cars,143,S18_4027,Heintze Collectables,86 21 3555,Smagsloget 45,-0.6274373957479661,0.25274725274725274
1258,1259,1259,10324,49.0,100.0,13,5379.71,11/5/2004 0:00,Shipped,4,11,2004,Classic Cars,143,S18_4027,Vitachrome Inc.,2125551500,2678 Kingston Rd.,1.4273709259426004,0.4725274725274725
1259,1260,1260,10337,36.0,100.0,3,5679.36,11/21/2004 0:00,Shipped,4,11,2004,Classic Cars,143,S18_4027,Classic Legends Inc.,2125558493,5905 Pompton St.,0.09174551684373221,0.32967032967032966
1260,1261,1261,10349,34.0,100.0,5,4394.84,12/1/2004 0:00,Shipped,4,12,2004,Classic Cars,143,S18_4027,Muscle Machine Inc,2125557413,4092 Furth Circle,-0.11373531532532445,0.3076923076923077
1261,1262,1262,10358,25.0,100.0,13,2528.25,12/10/2004 0:00,Shipped,4,12,2004,Classic Cars,143,S18_4027,Euro Shopping Channel,(91) 555 94 44,"C/ Moralzarzal, 86",-1.0383990600860795,0.2087912087912088
1262,1263,1263,10372,48.0,100.0,6,7031.52,1/26/2005 0:00,Shipped,1,1,2005,Classic Cars,143,S18_4027,"Tokyo Collectables, Ltd",+81 3 3584 0555,2-2-8 Roppongi,1.3246305098580722,0.46153846153846156
1263,1264,1264,10383,38.0,100.0,1,5340.9,2/22/2005 0:00,Shipped,1,2,2005,Classic Cars,143,S18_4027,Euro Shopping Channel,(91) 555 94 44,"C/ Moralzarzal, 86",0.2972263490127889,0.3516483516483517
1264,1265,1265,10394,37.0,100.0,1,6376.58,3/15/2005 0:00,Shipped,1,3,2005,Classic Cars,143,S18_4027,Euro Shopping Channel,(91) 555 94 44,"C/ Moralzarzal, 86",0.19448593292826055,0.34065934065934067
1265,1266,1266,10413,49.0,100.0,5,6896.75,5/5/2005 0:00,Shipped,2,5,2005,Classic Cars,143,S18_4027,Gift Depot Inc.,2035552570,25593 South Bay Ln.,1.4273709259426004,0.4725274725274725
1266,1267,1267,10100,22.0,86.51,4,1903.22,1/6/2003 0:00,Shipped,1,1,2003,Vintage Cars,92,S18_4409,Online Diecast Creations Co.,6035558647,2304 Long Airport Avenue,-1.3466203083396644,0.17582417582417584
1267,1268,1268,10110,28.0,89.27,8,2499.56,3/18/2003 0:00,Shipped,1,3,2003,Vintage Cars,92,S18_4409,"AV Stores, Co.",(171) 555-1555,Fauntleroy Circus,-0.7301778118324944,0.24175824175824176
1268,1269,1269,10124,36.0,85.59,7,3081.24,5/21/2003 0:00,Shipped,2,5,2003,Vintage Cars,92,S18_4409,Signal Gift Stores,7025551838,8489 Strong St.,0.09174551684373221,0.32967032967032966
1269,1270,1270,10148,34.0,100.0,1,3598.22,9/11/2003 0:00,Shipped,3,9,2003,Vintage Cars,92,S18_4409,"Anna's Decorations, Ltd",02 9936 8555,201 Miller Street,-0.11373531532532445,0.3076923076923077
1270,1271,1271,10162,39.0,100.0,10,3912.09,10/18/2003 0:00,Shipped,4,10,2003,Vintage Cars,92,S18_4409,Corporate Gift Ideas Co.,6505551386,7734 Strong St.,0.3999667650973172,0.3626373626373626
1271,1272,1272,10173,21.0,75.46,14,1584.66,11/5/2003 0:00,Shipped,4,11,2003,Vintage Cars,92,S18_4409,Rovelli Gifts,035-640555,Via Ludovico il Moro 22,-1.4493607244241928,0.16483516483516483
1272,1273,1273,10182,36.0,100.0,11,3942.72,11/12/2003 0:00,Shipped,4,11,2003,Vintage Cars,92,S18_4409,Mini Gifts Distributors Ltd.,4155551450,5677 Strong St.,0.09174551684373221,0.32967032967032966
1273,1274,1274,10193,24.0,97.55,15,2341.2,11/21/2003 0:00,Shipped,4,11,2003,Vintage Cars,92,S18_4409,"Australian Collectables, Ltd",61-9-3844-6555,7 Allen Street,-1.1411394761706077,0.1978021978021978
1274,1275,1275,10204,29.0,85.59,5,2482.11,12/2/2003 0:00,Shipped,4,12,2003,Vintage Cars,92,S18_4409,Muscle Machine Inc,2125557413,4092 Furth Circle,-0.6274373957479661,0.25274725274725274
1275,1276,1276,10213,38.0,94.79,1,3602.02,1/22/2004 0:00,Shipped,1,1,2004,Vintage Cars,92,S18_4409,"Double Decker Gift Stores, Ltd",(171) 555-7555,120 Hanover Sq.,0.2972263490127889,0.3516483516483517
1276,1277,1277,10227,34.0,100.0,11,3566.94,3/2/2004 0:00,Shipped,1,3,2004,Vintage Cars,92,S18_4409,"Saveley & Henriot, Co.",78.32.5555,"2, rue du Commerce",-0.11373531532532445,0.3076923076923077
1277,1278,1278,10241,42.0,90.19,3,3787.98,4/13/2004 0:00,Shipped,2,4,2004,Vintage Cars,92,S18_4409,Mini Caravy,88.60.1555,"24, place Kluber",0.7081880133509022,0.3956043956043956
1278,1279,1279,10280,35.0,100.0,17,3704.05,8/17/2004 0:00,Shipped,3,8,2004,Vintage Cars,92,S18_4409,Amica Models & Co.,011-4988555,Via Monte Bianco 34,-0.010994899240796116,0.31868131868131866
1279,1280,1280,10288,35.0,80.99,6,2834.65,9/1/2004 0:00,Shipped,3,9,2004,Vintage Cars,92,S18_4409,Handji Gifts& Co,+65 224 1555,Village Close - 106 Linden Road Sandown,-0.010994899240796116,0.31868131868131866
1280,1281,1281,10302,38.0,89.27,2,3392.26,10/6/2003 0:00,Shipped,4,10,2003,Vintage Cars,92,S18_4409,"UK Collectables, Ltd.",(171) 555-2282,Berkeley Gardens 12  Brewery,0.2972263490127889,0.3516483516483517
1281,1282,1282,10311,41.0,81.91,1,3358.31,10/16/2004 0:00,Shipped,4,10,2004,Vintage Cars,92,S18_4409,Euro Shopping Channel,(91) 555 94 44,"C/ Moralzarzal, 86",0.6054475972663739,0.38461538461538464
1282,1283,1283,10332,50.0,100.0,2,7310.0,11/17/2004 0:00,Shipped,4,11,2004,Vintage Cars,92,S18_4409,"AV Stores, Co.",(171) 555-1555,Fauntleroy Circus,1.5301113420271288,0.4835164835164835
1283,1284,1284,10344,21.0,100.0,4,2203.11,11/25/2004 0:00,Shipped,4,11,2004,Vintage Cars,92,S18_4409,Marseille Mini Autos,91.24.4555,"12, rue des Bouchers",-1.4493607244241928,0.16483516483516483
1284,1285,1285,10367,43.0,62.72,8,2696.96,1/12/2005 0:00,Resolved,1,1,2005,Vintage Cars,92,S18_4409,Toys4GrownUps.com,6265557265,78934 Hillside Dr.,0.8109284294354305,0.4065934065934066
1285,1286,1286,10380,32.0,100.0,1,3376.64,2/16/2005 0:00,Shipped,1,2,2005,Vintage Cars,92,S18_4409,Euro Shopping Channel,(91) 555 94 44,"C/ Moralzarzal, 86",-0.3192161474943811,0.2857142857142857
1286,1287,1287,10407,6.0,90.19,3,541.14,4/22/2005 0:00,On Hold,2,4,2005,Vintage Cars,92,S18_4409,The Sharp Gifts Warehouse,4085553659,3086 Ingle Ln.,-2.990466965692118,0.0
1287,1288,1288,10420,66.0,92.95,6,6134.7,5/29/2005 0:00,In Process,2,5,2005,Vintage Cars,92,S18_4409,Souveniers And Things Co.,+61 2 9495 8555,"Monitor Money Building, 815 Pacific Hwy",3.173957999379582,0.6593406593406593
1288,1289,1289,10105,41.0,82.5,10,3382.5,2/11/2003 0:00,Shipped,1,2,2003,Vintage Cars,87,S18_4522,Danish Wholesale Imports,31 12 3555,Vinb'ltet 34,0.6054475972663739,0.38461538461538464
1289,1290,1290,10117,23.0,97.42,4,2240.66,4/16/2003 0:00,Shipped,2,4,2003,Vintage Cars,87,S18_4522,"Dragon Souveniers, Ltd.",+65 221 7555,"Bronz Sok., Bronz Apt. 3/6 Tesvikiye",-1.2438798922551362,0.18681318681318682
1290,1291,1291,10128,43.0,92.16,1,3962.88,6/6/2003 0:00,Shipped,2,6,2003,Vintage Cars,87,S18_4522,Euro Shopping Channel,(91) 555 94 44,"C/ Moralzarzal, 86",0.8109284294354305,0.4065934065934066
1291,1292,1292,10142,24.0,70.22,7,1685.28,8/8/2003 0:00,Shipped,3,8,2003,Vintage Cars,87,S18_4522,Mini Gifts Distributors Ltd.,4155551450,5677 Strong St.,-1.1411394761706077,0.1978021978021978
1292,1293,1293,10153,22.0,83.38,6,1834.36,9/28/2003 0:00,Shipped,3,9,2003,Vintage Cars,87,S18_4522,Euro Shopping Channel,(91) 555 94 44,"C/ Moralzarzal, 86",-1.3466203083396644,0.17582417582417584
1293,1294,1294,10166,26.0,73.73,1,1916.98,10/21/2003 0:00,Shipped,4,10,2003,Vintage Cars,87,S18_4522,FunGiftIdeas.com,5085552555,1785 First Street,-0.9356586440015511,0.21978021978021978
1294,1295,1295,10177,35.0,74.6,8,2611.0,11/7/2003 0:00,Shipped,4,11,2003,Vintage Cars,87,S18_4522,CAF Imports,+34 913 728 555,"Merchants House, 27-30 Merchant's Quay",-0.010994899240796116,0.31868131868131866
1295,1296,1296,10185,47.0,77.24,8,3630.28,11/14/2003 0:00,Shipped,4,11,2003,Vintage Cars,87,S18_4522,Mini Creations Ltd.,5085559555,4575 Hillside Dr.,1.2218900937735437,0.45054945054945056
1296,1297,1297,10197,50.0,100.0,14,5090.5,11/26/2003 0:00,Shipped,4,11,2003,Vintage Cars,87,S18_4522,Enaco Distributors,(93) 203 4555,"Rambla de Catalu¤a, 23",1.5301113420271288,0.4835164835164835
1297,1298,1298,10208,45.0,87.77,8,3949.65,1/2/2004 0:00,Shipped,1,1,2004,Vintage Cars,87,S18_4522,"Saveley & Henriot, Co.",78.32.5555,"2, rue du Commerce",1.016409261604487,0.42857142857142855
1298,1299,1299,10221,39.0,89.53,2,3491.67,2/18/2004 0:00,Shipped,1,2,2004,Vintage Cars,87,S18_4522,Petit Auto,(02) 5554 67,Rue Joseph-Bens 532,0.3999667650973172,0.3626373626373626
1299,1300,1300,10232,23.0,89.53,5,2059.19,3/20/2004 0:00,Shipped,1,3,2004,Vintage Cars,87,S18_4522,giftsbymail.co.uk,(198) 555-8888,Garden House Crowther Way,-1.2438798922551362,0.18681318681318682
1300,1301,1301,10248,42.0,75.48,11,3170.16,5/7/2004 0:00,Cancelled,2,5,2004,Vintage Cars,87,S18_4522,Land of Toys Inc.,2125557818,897 Long Airport Avenue,0.7081880133509022,0.3956043956043956
1301,1302,1302,10261,20.0,89.53,9,1790.6,6/17/2004 0:00,Shipped,2,6,2004,Vintage Cars,87,S18_4522,Quebec Home Shopping Network,(514) 555-8054,43 rue St. Laurent,-1.552101140508721,0.15384615384615385
1302,1303,1303,10273,33.0,71.09,12,2345.97,7/21/2004 0:00,Shipped,3,7,2004,Vintage Cars,87,S18_4522,Petit Auto,(02) 5554 67,Rue Joseph-Bens 532,-0.21647573140985277,0.2967032967032967
1303,1304,1304,10283,34.0,100.0,14,3580.88,8/20/2004 0:00,Shipped,3,8,2004,Vintage Cars,87,S18_4522,"Royal Canadian Collectables, Ltd.",(604) 555-4555,23 Tsawassen Blvd.,-0.11373531532532445,0.3076923076923077
1304,1305,1305,10293,49.0,100.0,3,4946.06,9/9/2004 0:00,Shipped,3,9,2004,Vintage Cars,87,S18_4522,Amica Models & Co.,011-4988555,Via Monte Bianco 34,1.4273709259426004,0.4725274725274725
1305,1306,1306,10306,39.0,90.4,8,3525.6,10/14/2004 0:00,Shipped,4,10,2004,Vintage Cars,87,S18_4522,"AV Stores, Co.",(171) 555-1555,Fauntleroy Circus,0.3999667650973172,0.3626373626373626
1306,1307,1307,10315,36.0,100.0,7,3602.16,10/29/2004 0:00,Shipped,4,10,2004,Vintage Cars,87,S18_4522,La Rochelle Gifts,40.67.8555,"67, rue des Cinquante Otages",0.09174551684373221,0.32967032967032966
1307,1308,1308,10326,50.0,86.01,5,4300.5,11/9/2004 0:00,Shipped,4,11,2004,Vintage Cars,87,S18_4522,"Volvo Model Replicas, Co",0921-12 3555,Berguvsvgen  8,1.5301113420271288,0.4835164835164835
1308,1309,1309,10337,29.0,100.0,2,4498.19,11/21/2004 0:00,Shipped,4,11,2004,Vintage Cars,87,S18_4522,Classic Legends Inc.,2125558493,5905 Pompton St.,-0.6274373957479661,0.25274725274725274
1309,1310,1310,10350,30.0,100.0,3,3023.1,12/2/2004 0:00,Shipped,4,12,2004,Vintage Cars,87,S18_4522,Euro Shopping Channel,(91) 555 94 44,"C/ Moralzarzal, 86",-0.5246969796634378,0.26373626373626374
1310,1311,1311,10372,41.0,86.89,7,3562.49,1/26/2005 0:00,Shipped,1,1,2005,Vintage Cars,87,S18_4522,"Tokyo Collectables, Ltd",+81 3 3584 0555,2-2-8 Roppongi,0.6054475972663739,0.38461538461538464
1311,1312,1312,10383,28.0,58.58,7,1640.24,2/22/2005 0:00,Shipped,1,2,2005,Vintage Cars,87,S18_4522,Euro Shopping Channel,(91) 555 94 44,"C/ Moralzarzal, 86",-0.7301778118324944,0.24175824175824176
1312,1313,1313,10396,45.0,100.0,5,4739.4,3/23/2005 0:00,Shipped,1,3,2005,Vintage Cars,87,S18_4522,Mini Gifts Distributors Ltd.,4155551450,5677 Strong St.,1.016409261604487,0.42857142857142855
1313,1314,1314,10414,16.0,75.48,11,1207.68,5/6/2005 0:00,On Hold,2,5,2005,Vintage Cars,87,S18_4522,Gifts4AllAges.com,6175559555,8616 Spinnaker Dr.,-1.9630628048468344,0.10989010989010989
1314,1315,1315,10103,36.0,100.0,5,4228.2,1/29/2003 0:00,Shipped,1,1,2003,Trucks and Buses,121,S18_4600,Baane Mini Imports,07-98 9555,Erling Skakkes gate 78,0.09174551684373221,0.32967032967032966
1315,1316,1316,10114,41.0,100.0,9,4815.45,4/1/2003 0:00,Shipped,2,4,2003,Trucks and Buses,121,S18_4600,"La Corne D'abondance, Co.",(1) 42.34.2555,"265, boulevard Charonne",0.6054475972663739,0.38461538461538464
1316,1317,1317,10126,50.0,100.0,5,7083.0,5/28/2003 0:00,Shipped,2,5,2003,Trucks and Buses,121,S18_4600,"Corrida Auto Replicas, Ltd",(91) 555 22 82,"C/ Araquil, 67",1.5301113420271288,0.4835164835164835
1317,1318,1318,10140,40.0,100.0,5,4601.2,7/24/2003 0:00,Shipped,3,7,2003,Trucks and Buses,121,S18_4600,Technics Stores Inc.,6505556809,9408 Furth Circle,0.5027071811818455,0.37362637362637363
1318,1319,1319,10150,49.0,100.0,2,6467.02,9/19/2003 0:00,Shipped,3,9,2003,Trucks and Buses,121,S18_4600,"Dragon Souveniers, Ltd.",+65 221 7555,"Bronz Sok., Bronz Apt. 3/6 Tesvikiye",1.4273709259426004,0.4725274725274725
1319,1320,1320,10164,45.0,100.0,3,5012.55,10/21/2003 0:00,Resolved,4,10,2003,Trucks and Buses,121,S18_4600,Mini Auto Werke,7675-3555,Kirchgasse 6,1.016409261604487,0.42857142857142855
1320,1321,1321,10175,47.0,100.0,10,5121.59,11/6/2003 0:00,Shipped,4,11,2003,Trucks and Buses,121,S18_4600,"Stylish Desk Decors, Co.",(171) 555-0297,35 King George,1.2218900937735437,0.45054945054945056
1321,1322,1322,10183,21.0,100.0,2,2441.04,11/13/2003 0:00,Shipped,4,11,2003,Trucks and Buses,121,S18_4600,"Classic Gift Ideas, Inc",2155554695,782 First Street,-1.4493607244241928,0.16483516483516483
1322,1323,1323,10194,32.0,100.0,5,4262.08,11/25/2003 0:00,Shipped,4,11,2003,Trucks and Buses,121,S18_4600,"Saveley & Henriot, Co.",78.32.5555,"2, rue du Commerce",-0.3192161474943811,0.2857142857142857
1323,1324,1324,10207,47.0,100.0,16,6658.02,12/9/2003 0:00,Shipped,4,12,2003,Trucks and Buses,121,S18_4600,Diecast Collectables,6175552555,6251 Ingle Ln.,1.2218900937735437,0.45054945054945056
1324,1325,1325,10217,38.0,100.0,5,4509.08,2/4/2004 0:00,Shipped,1,2,2004,Trucks and Buses,121,S18_4600,Handji Gifts& Co,+65 224 1555,Village Close - 106 Linden Road Sandown,0.2972263490127889,0.3516483516483517
1325,1326,1326,10229,41.0,100.0,10,4716.23,3/11/2004 0:00,Shipped,1,3,2004,Trucks and Buses,121,S18_4600,Mini Gifts Distributors Ltd.,4155551450,5677 Strong St.,0.6054475972663739,0.38461538461538464
1326,1327,1327,10245,21.0,100.0,3,2390.22,5/4/2004 0:00,Shipped,2,5,2004,Trucks and Buses,121,S18_4600,Super Scale Inc.,2035559545,567 North Pendale Street,-1.4493607244241928,0.16483516483516483
1327,1328,1328,10259,41.0,100.0,13,4666.62,6/15/2004 0:00,Shipped,2,6,2004,Trucks and Buses,121,S18_4600,Handji Gifts& Co,+65 224 1555,Village Close - 106 Linden Road Sandown,0.6054475972663739,0.38461538461538464
1328,1329,1329,10270,38.0,100.0,3,5383.08,7/19/2004 0:00,Shipped,3,7,2004,Trucks and Buses,121,S18_4600,Souveniers And Things Co.,+61 2 9495 8555,"Monitor Money Building, 815 Pacific Hwy",0.2972263490127889,0.3516483516483517
1329,1330,1330,10281,25.0,99.29,10,2482.25,8/19/2004 0:00,Shipped,3,8,2004,Trucks and Buses,121,S18_4600,Diecast Classics Inc.,2155551555,7586 Pompton St.,-1.0383990600860795,0.2087912087912088
1330,1331,1331,10291,48.0,100.0,5,5288.64,9/8/2004 0:00,Shipped,3,9,2004,Trucks and Buses,121,S18_4600,Scandinavian Gift Ideas,0695-34 6555,?kergatan 24,1.3246305098580722,0.46153846153846156
1331,1332,1332,10305,22.0,99.29,14,2184.38,10/13/2004 0:00,Shipped,4,10,2004,Trucks and Buses,121,S18_4600,Marta's Replicas Co.,6175558555,39323 Spinnaker Dr.,-1.3466203083396644,0.17582417582417584
1332,1333,1333,10313,28.0,100.0,8,2881.76,10/22/2004 0:00,Shipped,4,10,2004,Trucks and Buses,121,S18_4600,Canadian Gift Exchange Network,(604) 555-3392,1900 Oak St.,-0.7301778118324944,0.24175824175824176
1333,1334,1334,10323,47.0,100.0,1,6203.06,11/5/2004 0:00,Shipped,4,11,2004,Trucks and Buses,121,S18_4600,"Blauer See Auto, Co.",+49 69 66 90 2555,Lyonerstr. 34,1.2218900937735437,0.45054945054945056
1334,1335,1335,10334,49.0,100.0,4,6763.47,11/19/2004 0:00,On Hold,4,11,2004,Trucks and Buses,121,S18_4600,"Volvo Model Replicas, Co",0921-12 3555,Berguvsvgen  8,1.4273709259426004,0.4725274725274725
1335,1336,1336,10347,45.0,100.0,4,5884.65,11/29/2004 0:00,Shipped,4,11,2004,Trucks and Buses,121,S18_4600,"Australian Collectors, Co.",03 9520 4555,636 St Kilda Road,1.016409261604487,0.42857142857142855
1336,1337,1337,10357,28.0,100.0,2,3559.64,12/10/2004 0:00,Shipped,4,12,2004,Trucks and Buses,121,S18_4600,Mini Gifts Distributors Ltd.,4155551450,5677 Strong St.,-0.7301778118324944,0.24175824175824176
1337,1338,1338,10370,29.0,57.53,6,1668.37,1/20/2005 0:00,Shipped,1,1,2005,Trucks and Buses,121,S18_4600,"Anna's Decorations, Ltd",02 9936 8555,201 Miller Street,-0.6274373957479661,0.25274725274725274
1338,1339,1339,10382,39.0,100.0,1,4890.6,2/17/2005 0:00,Shipped,1,2,2005,Trucks and Buses,121,S18_4600,Mini Gifts Distributors Ltd.,4155551450,5677 Strong St.,0.3999667650973172,0.3626373626373626
1339,1340,1340,10411,46.0,100.0,3,5235.72,5/1/2005 0:00,Shipped,2,5,2005,Trucks and Buses,121,S18_4600,Quebec Home Shopping Network,(514) 555-8054,43 rue St. Laurent,1.1191496776890155,0.43956043956043955
1340,1341,1341,10425,38.0,100.0,13,4325.16,5/31/2005 0:00,In Process,2,5,2005,Trucks and Buses,121,S18_4600,La Rochelle Gifts,40.67.8555,"67, rue des Cinquante Otages",0.2972263490127889,0.3516483516483517
1341,1342,1342,10103,41.0,47.29,9,1938.89,1/29/2003 0:00,Shipped,1,1,2003,Vintage Cars,50,S18_4668,Baane Mini Imports,07-98 9555,Erling Skakkes gate 78,0.6054475972663739,0.38461538461538464
1342,1343,1343,10113,50.0,49.81,3,2490.5,3/26/2003 0:00,Shipped,1,3,2003,Vintage Cars,50,S18_4668,Mini Gifts Distributors Ltd.,4155551450,5677 Strong St.,1.5301113420271288,0.4835164835164835
1343,1344,1344,10126,43.0,53.83,9,2314.69,5/28/2003 0:00,Shipped,2,5,2003,Vintage Cars,50,S18_4668,"Corrida Auto Replicas, Ltd",(91) 555 22 82,"C/ Araquil, 67",0.8109284294354305,0.4065934065934066
1344,1345,1345,10140,29.0,43.27,9,1254.83,7/24/2003 0:00,Shipped,3,7,2003,Vintage Cars,50,S18_4668,Technics Stores Inc.,6505556809,9408 Furth Circle,-0.6274373957479661,0.25274725274725274
1345,1346,1346,10150,30.0,42.76,6,1282.8,9/19/2003 0:00,Shipped,3,9,2003,Vintage Cars,50,S18_4668,"Dragon Souveniers, Ltd.",+65 221 7555,"Bronz Sok., Bronz Apt. 3/6 Tesvikiye",-0.5246969796634378,0.26373626373626374
1346,1347,1347,10164,25.0,53.83,7,1345.75,10/21/2003 0:00,Resolved,4,10,2003,Vintage Cars,50,S18_4668,Mini Auto Werke,7675-3555,Kirchgasse 6,-1.0383990600860795,0.2087912087912088
1347,1348,1348,10174,49.0,44.78,2,2194.22,11/6/2003 0:00,Shipped,4,11,2003,Vintage Cars,50,S18_4668,"Australian Gift Network, Co",61-7-3844-6555,31 Duncan St. West End,1.4273709259426004,0.4725274725274725
1348,1349,1349,10183,40.0,49.3,6,1972.0,11/13/2003 0:00,Shipped,4,11,2003,Vintage Cars,50,S18_4668,"Classic Gift Ideas, Inc",2155554695,782 First Street,0.5027071811818455,0.37362637362637363
1349,1350,1350,10194,41.0,44.78,9,1835.98,11/25/2003 0:00,Shipped,4,11,2003,Vintage Cars,50,S18_4668,"Saveley & Henriot, Co.",78.32.5555,"2, rue du Commerce",0.6054475972663739,0.38461538461538464
1350,1351,1351,10206,21.0,53.33,4,1119.93,12/5/2003 0:00,Shipped,4,12,2003,Vintage Cars,50,S18_4668,Canadian Gift Exchange Network,(604) 555-3392,1900 Oak St.,-1.4493607244241928,0.16483516483516483
1351,1352,1352,10215,46.0,45.28,1,2082.88,1/29/2004 0:00,Shipped,1,1,2004,Vintage Cars,50,S18_4668,West Coast Collectables Co.,3105553722,3675 Furth Circle,1.1191496776890155,0.43956043956043955
1352,1353,1353,10229,39.0,40.25,14,1569.75,3/11/2004 0:00,Shipped,1,3,2004,Vintage Cars,50,S18_4668,Mini Gifts Distributors Ltd.,4155551450,5677 Strong St.,0.3999667650973172,0.3626373626373626
1353,1354,1354,10245,45.0,59.87,7,2694.15,5/4/2004 0:00,Shipped,2,5,2004,Vintage Cars,50,S18_4668,Super Scale Inc.,2035559545,567 North Pendale Street,1.016409261604487,0.42857142857142855
1354,1355,1355,10258,21.0,59.87,4,1257.27,6/15/2004 0:00,Shipped,2,6,2004,Vintage Cars,50,S18_4668,"Tokyo Collectables, Ltd",+81 3 3584 0555,2-2-8 Roppongi,-1.4493607244241928,0.16483516483516483
1355,1356,1356,10270,44.0,58.36,7,2567.84,7/19/2004 0:00,Shipped,3,7,2004,Vintage Cars,50,S18_4668,Souveniers And Things Co.,+61 2 9495 8555,"Monitor Money Building, 815 Pacific Hwy",0.9136688455199589,0.4175824175824176
1356,1357,1357,10281,44.0,59.87,14,2634.28,8/19/2004 0:00,Shipped,3,8,2004,Vintage Cars,50,S18_4668,Diecast Classics Inc.,2155551555,7586 Pompton St.,0.9136688455199589,0.4175824175824176
1357,1358,1358,10291,29.0,51.82,9,1502.78,9/8/2004 0:00,Shipped,3,9,2004,Vintage Cars,50,S18_4668,Scandinavian Gift Ideas,0695-34 6555,?kergatan 24,-0.6274373957479661,0.25274725274725274
1358,1359,1359,10304,34.0,49.3,4,1676.2,10/11/2004 0:00,Shipped,4,10,2004,Vintage Cars,50,S18_4668,Auto Assoc. & Cie.,30.59.8555,"67, avenue de l'Europe",-0.11373531532532445,0.3076923076923077
1359,1360,1360,10312,39.0,56.85,1,2217.15,10/21/2004 0:00,Shipped,4,10,2004,Vintage Cars,50,S18_4668,Mini Gifts Distributors Ltd.,4155551450,5677 Strong St.,0.3999667650973172,0.3626373626373626
1360,1361,1361,10324,38.0,100.0,6,6832.02,11/5/2004 0:00,Shipped,4,11,2004,Vintage Cars,50,S18_4668,Vitachrome Inc.,2125551500,2678 Kingston Rd.,0.2972263490127889,0.3516483516483517
1361,1362,1362,10333,24.0,79.86,8,1916.64,11/18/2004 0:00,Shipped,4,11,2004,Vintage Cars,50,S18_4668,Mini Wheels Co.,6505555787,5557 North Pendale Street,-1.1411394761706077,0.1978021978021978
1362,1363,1363,10348,29.0,100.0,6,7110.8,11/1/2004 0:00,Shipped,4,11,2004,Vintage Cars,50,S18_4668,"Corrida Auto Replicas, Ltd",(91) 555 22 82,"C/ Araquil, 67",-0.6274373957479661,0.25274725274725274
1363,1364,1364,10358,30.0,100.0,8,5302.8,12/10/2004 0:00,Shipped,4,12,2004,Vintage Cars,50,S18_4668,Euro Shopping Channel,(91) 555 94 44,"C/ Moralzarzal, 86",-0.5246969796634378,0.26373626373626374
1364,1365,1365,10370,20.0,100.0,2,2730.0,1/20/2005 0:00,Shipped,1,1,2005,Vintage Cars,50,S18_4668,"Anna's Decorations, Ltd",02 9936 8555,201 Miller Street,-1.552101140508721,0.15384615384615385
1365,1366,1366,10382,39.0,100.0,2,7827.3,2/17/2005 0:00,Shipped,1,2,2005,Vintage Cars,50,S18_4668,Mini Gifts Distributors Ltd.,4155551450,5677 Strong St.,0.3999667650973172,0.3626373626373626
1366,1367,1367,10411,35.0,59.87,7,2095.45,5/1/2005 0:00,Shipped,2,5,2005,Vintage Cars,50,S18_4668,Quebec Home Shopping Network,(514) 555-8054,43 rue St. Laurent,-0.010994899240796116,0.31868131868131866
1367,1368,1368,10424,26.0,59.87,4,1556.62,5/31/2005 0:00,In Process,2,5,2005,Vintage Cars,50,S18_4668,Euro Shopping Channel,(91) 555 94 44,"C/ Moralzarzal, 86",-0.9356586440015511,0.21978021978021978
1368,1369,1369,10108,44.0,100.0,11,5565.12,3/3/2003 0:00,Shipped,1,3,2003,Classic Cars,148,S18_4721,Cruz & Sons Co.,+63 2 555 3587,15 McCallum Street - NatWest Center #13-03,0.9136688455199589,0.4175824175824176
1369,1370,1370,10122,28.0,100.0,15,3583.16,5/8/2003 0:00,Shipped,2,5,2003,Classic Cars,148,S18_4721,Marseille Mini Autos,91.24.4555,"12, rue des Bouchers",-0.7301778118324944,0.24175824175824176
1370,1371,1371,10135,31.0,100.0,12,4705.18,7/2/2003 0:00,Shipped,3,7,2003,Classic Cars,148,S18_4721,Mini Gifts Distributors Ltd.,4155551450,5677 Strong St.,-0.4219565635789094,0.27472527472527475
1371,1372,1372,10146,29.0,100.0,1,4444.54,9/3/2003 0:00,Shipped,3,9,2003,Classic Cars,148,S18_4721,Gift Ideas Corp.,2035554407,2440 Pompton St.,-0.6274373957479661,0.25274725274725274
1372,1373,1373,10159,32.0,100.0,7,4618.88,10/10/2003 0:00,Shipped,4,10,2003,Classic Cars,148,S18_4721,Corporate Gift Ideas Co.,6505551386,7734 Strong St.,-0.3192161474943811,0.2857142857142857
1373,1374,1374,10169,33.0,100.0,7,4910.4,11/4/2003 0:00,Shipped,4,11,2003,Classic Cars,148,S18_4721,"Anna's Decorations, Ltd",02 9936 8555,201 Miller Street,-0.21647573140985277,0.2967032967032967
1374,1375,1375,10180,44.0,100.0,2,5565.12,11/11/2003 0:00,Shipped,4,11,2003,Classic Cars,148,S18_4721,Daedalus Designs Imports,20.16.1555,"184, chausse de Tournai",0.9136688455199589,0.4175824175824176
1375,1376,1376,10191,32.0,100.0,8,4237.76,11/20/2003 0:00,Shipped,4,11,2003,Classic Cars,148,S18_4721,"Toms Spezialitten, Ltd",0221-5554327,Mehrheimerstr. 369,-0.3192161474943811,0.2857142857142857
1376,1377,1377,10211,41.0,100.0,7,5673.58,1/15/2004 0:00,Shipped,1,1,2004,Classic Cars,148,S18_4721,Auto Canal Petit,(1) 47.55.6555,"25, rue Lauriston",0.6054475972663739,0.38461538461538464
1377,1378,1378,10225,35.0,100.0,14,5260.15,2/22/2004 0:00,Shipped,1,2,2004,Classic Cars,148,S18_4721,"Vida Sport, Ltd",0897-034555,Grenzacherweg 237,-0.010994899240796116,0.31868131868131866
1378,1379,1379,10238,44.0,100.0,8,6350.96,4/9/2004 0:00,Shipped,2,4,2004,Classic Cars,148,S18_4721,Danish Wholesale Imports,31 12 3555,Vinb'ltet 34,0.9136688455199589,0.4175824175824176
1379,1380,1380,10252,26.0,100.0,4,3559.4,5/26/2004 0:00,Shipped,2,5,2004,Classic Cars,148,S18_4721,Auto Canal Petit,(1) 47.55.6555,"25, rue Lauriston",-0.9356586440015511,0.21978021978021978
1380,1381,1381,10264,20.0,100.0,2,2410.6,6/30/2004 0:00,Shipped,2,6,2004,Classic Cars,148,S18_4721,Gifts4AllAges.com,6175559555,8616 Spinnaker Dr.,-1.552101140508721,0.15384615384615385
1381,1382,1382,10276,48.0,100.0,8,5713.92,8/2/2004 0:00,Shipped,3,8,2004,Classic Cars,148,S18_4721,Online Mini Collectables,6175557555,7635 Spinnaker Dr.,1.3246305098580722,0.46153846153846156
1382,1383,1383,10287,34.0,100.0,17,4300.32,8/30/2004 0:00,Shipped,3,8,2004,Classic Cars,148,S18_4721,"Vida Sport, Ltd",0897-034555,Grenzacherweg 237,-0.11373531532532445,0.3076923076923077
1383,1384,1384,10299,49.0,100.0,2,7947.31,9/30/2004 0:00,Shipped,3,9,2004,Classic Cars,148,S18_4721,"Toys of Finland, Co.",90-224 8555,Keskuskatu 45,1.4273709259426004,0.4725274725274725
1384,1385,1385,10310,40.0,100.0,15,5356.8,10/16/2004 0:00,Shipped,4,10,2004,Classic Cars,148,S18_4721,"Toms Spezialitten, Ltd",0221-5554327,Mehrheimerstr. 369,0.5027071811818455,0.37362637362637363
1385,1386,1386,10319,45.0,100.0,3,7901.1,11/3/2004 0:00,Shipped,4,11,2004,Classic Cars,148,S18_4721,Microscale Inc.,2125551957,5290 North Pendale Street,1.016409261604487,0.42857142857142855
1386,1387,1387,10330,50.0,100.0,4,6101.0,11/16/2004 0:00,Shipped,4,11,2004,Classic Cars,148,S18_4721,Cruz & Sons Co.,+63 2 555 3587,15 McCallum Street - NatWest Center #13-03,1.5301113420271288,0.4835164835164835
1387,1388,1388,10342,38.0,100.0,11,6276.46,11/24/2004 0:00,Shipped,4,11,2004,Classic Cars,148,S18_4721,"Australian Collectors, Co.",03 9520 4555,636 St Kilda Road,0.2972263490127889,0.3516483516483517
1388,1389,1389,10355,25.0,100.0,2,4203.5,12/7/2004 0:00,Shipped,4,12,2004,Classic Cars,148,S18_4721,Euro Shopping Channel,(91) 555 94 44,"C/ Moralzarzal, 86",-1.0383990600860795,0.2087912087912088
1389,1390,1390,10363,28.0,58.18,13,1629.04,1/6/2005 0:00,Shipped,1,1,2005,Classic Cars,148,S18_4721,Suominen Souveniers,+358 9 8045 555,"Software Engineering Center, SEC Oy",-0.7301778118324944,0.24175824175824176
1390,1391,1391,10378,49.0,67.14,8,3289.86,2/10/2005 0:00,Shipped,1,2,2005,Classic Cars,148,S18_4721,Euro Shopping Channel,(91) 555 94 44,"C/ Moralzarzal, 86",1.4273709259426004,0.4725274725274725
1391,1392,1392,10390,49.0,100.0,3,6862.94,3/4/2005 0:00,Shipped,1,3,2005,Classic Cars,148,S18_4721,Mini Gifts Distributors Ltd.,4155551450,5677 Strong St.,1.4273709259426004,0.4725274725274725
1392,1393,1393,10110,42.0,61.29,9,2574.18,3/18/2003 0:00,Shipped,1,3,2003,Classic Cars,71,S18_4933,"AV Stores, Co.",(171) 555-1555,Fauntleroy Circus,0.7081880133509022,0.3956043956043956
1393,1394,1394,10124,23.0,57.73,8,1327.79,5/21/2003 0:00,Shipped,2,5,2003,Classic Cars,71,S18_4933,Signal Gift Stores,7025551838,8489 Strong St.,-1.2438798922551362,0.18681318681318682
1394,1395,1395,10148,29.0,81.25,2,2356.25,9/11/2003 0:00,Shipped,3,9,2003,Classic Cars,71,S18_4933,"Anna's Decorations, Ltd",02 9936 8555,201 Miller Street,-0.6274373957479661,0.25274725274725274
1395,1396,1396,10161,25.0,80.54,1,2013.5,10/17/2003 0:00,Shipped,4,10,2003,Classic Cars,71,S18_4933,Heintze Collectables,86 21 3555,Smagsloget 45,-1.0383990600860795,0.2087912087912088
1396,1397,1397,10173,39.0,71.98,15,2807.22,11/5/2003 0:00,Shipped,4,11,2003,Classic Cars,71,S18_4933,Rovelli Gifts,035-640555,Via Ludovico il Moro 22,0.3999667650973172,0.3626373626373626
1397,1398,1398,10182,44.0,69.84,12,3072.96,11/12/2003 0:00,Shipped,4,11,2003,Classic Cars,71,S18_4933,Mini Gifts Distributors Ltd.,4155551450,5677 Strong St.,0.9136688455199589,0.4175824175824176
1398,1399,1399,10193,25.0,76.26,16,1906.5,11/21/2003 0:00,Shipped,4,11,2003,Classic Cars,71,S18_4933,"Australian Collectables, Ltd",61-9-3844-6555,7 Allen Street,-1.0383990600860795,0.2087912087912088
1399,1400,1400,10204,45.0,76.26,6,3431.7,12/2/2003 0:00,Shipped,4,12,2003,Classic Cars,71,S18_4933,Muscle Machine Inc,2125557413,4092 Furth Circle,1.016409261604487,0.42857142857142855
1400,1401,1401,10213,25.0,83.39,2,2084.75,1/22/2004 0:00,Shipped,1,1,2004,Classic Cars,71,S18_4933,"Double Decker Gift Stores, Ltd",(171) 555-7555,120 Hanover Sq.,-1.0383990600860795,0.2087912087912088
1401,1402,1402,10227,37.0,57.73,12,2136.01,3/2/2004 0:00,Shipped,1,3,2004,Classic Cars,71,S18_4933,"Saveley & Henriot, Co.",78.32.5555,"2, rue du Commerce",0.19448593292826055,0.34065934065934067
1402,1403,1403,10241,30.0,66.99,4,2009.7,4/13/2004 0:00,Shipped,2,4,2004,Classic Cars,71,S18_4933,Mini Caravy,88.60.1555,"24, place Kluber",-0.5246969796634378,0.26373626373626374
1403,1404,1404,10267,36.0,75.55,1,2719.8,7/7/2004 0:00,Shipped,3,7,2004,Classic Cars,71,S18_4933,Muscle Machine Inc,2125557413,4092 Furth Circle,0.09174551684373221,0.32967032967032966
1404,1405,1405,10279,26.0,60.58,1,1575.08,8/9/2004 0:00,Shipped,3,8,2004,Classic Cars,71,S18_4933,Euro Shopping Channel,(91) 555 94 44,"C/ Moralzarzal, 86",-0.9356586440015511,0.21978021978021978
1405,1406,1406,10288,23.0,73.41,7,1688.43,9/1/2004 0:00,Shipped,3,9,2004,Classic Cars,71,S18_4933,Handji Gifts& Co,+65 224 1555,Village Close - 106 Linden Road Sandown,-1.2438798922551362,0.18681318681318682
1406,1407,1407,10302,23.0,72.7,3,1672.1,10/6/2003 0:00,Shipped,4,10,2003,Classic Cars,71,S18_4933,"UK Collectables, Ltd.",(171) 555-2282,Berkeley Gardens 12  Brewery,-1.2438798922551362,0.18681318681318682
1407,1408,1408,10311,25.0,66.99,2,1674.75,10/16/2004 0:00,Shipped,4,10,2004,Classic Cars,71,S18_4933,Euro Shopping Channel,(91) 555 94 44,"C/ Moralzarzal, 86",-1.0383990600860795,0.2087912087912088
1408,1409,1409,10332,21.0,100.0,3,3472.98,11/17/2004 0:00,Shipped,4,11,2004,Classic Cars,71,S18_4933,"AV Stores, Co.",(171) 555-1555,Fauntleroy Circus,-1.4493607244241928,0.16483516483516483
1409,1410,1410,10344,26.0,63.43,5,1649.18,11/25/2004 0:00,Shipped,4,11,2004,Classic Cars,71,S18_4933,Marseille Mini Autos,91.24.4555,"12, rue des Bouchers",-0.9356586440015511,0.21978021978021978
1410,1411,1411,10367,44.0,85.25,9,3751.0,1/12/2005 0:00,Resolved,1,1,2005,Classic Cars,71,S18_4933,Toys4GrownUps.com,6265557265,78934 Hillside Dr.,0.9136688455199589,0.4175824175824176
1411,1412,1412,10380,24.0,100.0,2,4536.0,2/16/2005 0:00,Shipped,1,2,2005,Classic Cars,71,S18_4933,Euro Shopping Channel,(91) 555 94 44,"C/ Moralzarzal, 86",-1.1411394761706077,0.1978021978021978
1412,1413,1413,10407,66.0,66.99,4,4421.34,4/22/2005 0:00,On Hold,2,4,2005,Classic Cars,71,S18_4933,The Sharp Gifts Warehouse,4085553659,3086 Ingle Ln.,3.173957999379582,0.6593406593406593
1413,1414,1414,10420,36.0,57.73,7,2078.28,5/29/2005 0:00,In Process,2,5,2005,Classic Cars,71,S18_4933,Souveniers And Things Co.,+61 2 9495 8555,"Monitor Money Building, 815 Pacific Hwy",0.09174551684373221,0.32967032967032966
1414,1415,1415,10110,36.0,85.25,13,3069.0,3/18/2003 0:00,Shipped,1,3,2003,Classic Cars,73,S24_1046,"AV Stores, Co.",(171) 555-1555,Fauntleroy Circus,0.09174551684373221,0.32967032967032966
1415,1416,1416,10124,22.0,77.9,12,1713.8,5/21/2003 0:00,Shipped,2,5,2003,Classic Cars,73,S24_1046,Signal Gift Stores,7025551838,8489 Strong St.,-1.3466203083396644,0.17582417582417584
1416,1417,1417,10148,25.0,60.26,6,1506.5,9/11/2003 0:00,Shipped,3,9,2003,Classic Cars,73,S24_1046,"Anna's Decorations, Ltd",02 9936 8555,201 Miller Street,-1.0383990600860795,0.2087912087912088
1417,1418,1418,10161,37.0,72.76,5,2692.12,10/17/2003 0:00,Shipped,4,10,2003,Classic Cars,73,S24_1046,Heintze Collectables,86 21 3555,Smagsloget 45,0.19448593292826055,0.34065934065934067
1418,1419,1419,10172,32.0,75.69,3,2422.08,11/5/2003 0:00,Shipped,4,11,2003,Classic Cars,73,S24_1046,Gift Depot Inc.,2035552570,25593 South Bay Ln.,-0.3192161474943811,0.2857142857142857
1419,1420,1420,10182,47.0,74.22,16,3488.34,11/12/2003 0:00,Shipped,4,11,2003,Classic Cars,73,S24_1046,Mini Gifts Distributors Ltd.,4155551450,5677 Strong St.,1.2218900937735437,0.45054945054945056
1420,1421,1421,10192,37.0,69.82,4,2583.34,11/20/2003 0:00,Shipped,4,11,2003,Classic Cars,73,S24_1046,Online Diecast Creations Co.,6035558647,2304 Long Airport Avenue,0.19448593292826055,0.34065934065934067
1421,1422,1422,10204,20.0,62.47,10,1249.4,12/2/2003 0:00,Shipped,4,12,2003,Classic Cars,73,S24_1046,Muscle Machine Inc,2125557413,4092 Furth Circle,-1.552101140508721,0.15384615384615385
1422,1423,1423,10212,41.0,82.31,3,3374.71,1/16/2004 0:00,Shipped,1,1,2004,Classic Cars,73,S24_1046,Euro Shopping Channel,(91) 555 94 44,"C/ Moralzarzal, 86",0.6054475972663739,0.38461538461538464
1423,1424,1424,10226,21.0,60.26,1,1265.46,2/26/2004 0:00,Shipped,1,2,2004,Classic Cars,73,S24_1046,Collectable Mini Designs Co.,7605558146,361 Furth Circle,-1.4493607244241928,0.16483516483516483
1424,1425,1425,10241,22.0,76.43,8,1681.46,4/13/2004 0:00,Shipped,2,4,2004,Classic Cars,73,S24_1046,Mini Caravy,88.60.1555,"24, place Kluber",-1.3466203083396644,0.17582417582417584
1425,1426,1426,10267,40.0,80.1,5,3204.0,7/7/2004 0:00,Shipped,3,7,2004,Classic Cars,73,S24_1046,Muscle Machine Inc,2125557413,4092 Furth Circle,0.5027071811818455,0.37362637362637363
1426,1427,1427,10279,32.0,74.96,5,2398.72,8/9/2004 0:00,Shipped,3,8,2004,Classic Cars,73,S24_1046,Euro Shopping Channel,(91) 555 94 44,"C/ Moralzarzal, 86",-0.3192161474943811,0.2857142857142857
1427,1428,1428,10288,36.0,66.14,11,2381.04,9/1/2004 0:00,Shipped,3,9,2004,Classic Cars,73,S24_1046,Handji Gifts& Co,+65 224 1555,Village Close - 106 Linden Road Sandown,0.09174551684373221,0.32967032967032966
1428,1429,1429,10301,27.0,72.02,1,1944.54,10/5/2003 0:00,Shipped,4,10,2003,Classic Cars,73,S24_1046,"Norway Gifts By Mail, Co.",+47 2212 1555,"Drammensveien 126 A, PB 744 Sentrum",-0.8329182279170227,0.23076923076923078
1429,1430,1430,10311,26.0,87.45,6,2273.7,10/16/2004 0:00,Shipped,4,10,2004,Classic Cars,73,S24_1046,Euro Shopping Channel,(91) 555 94 44,"C/ Moralzarzal, 86",-0.9356586440015511,0.21978021978021978
1430,1431,1431,10321,30.0,70.55,3,2116.5,11/4/2004 0:00,Shipped,4,11,2004,Classic Cars,73,S24_1046,FunGiftIdeas.com,5085552555,1785 First Street,-0.5246969796634378,0.26373626373626374
1431,1432,1432,10332,23.0,56.84,4,1307.32,11/17/2004 0:00,Shipped,4,11,2004,Classic Cars,73,S24_1046,"AV Stores, Co.",(171) 555-1555,Fauntleroy Circus,-1.2438798922551362,0.18681318681318682
1432,1433,1433,10344,29.0,59.53,7,1726.37,11/25/2004 0:00,Shipped,4,11,2004,Classic Cars,73,S24_1046,Marseille Mini Autos,91.24.4555,"12, rue des Bouchers",-0.6274373957479661,0.25274725274725274
1433,1434,1434,10367,21.0,60.37,10,1267.77,1/12/2005 0:00,Resolved,1,1,2005,Classic Cars,73,S24_1046,Toys4GrownUps.com,6265557265,78934 Hillside Dr.,-1.4493607244241928,0.16483516483516483
1434,1435,1435,10380,34.0,100.0,3,3441.82,2/16/2005 0:00,Shipped,1,2,2005,Classic Cars,73,S24_1046,Euro Shopping Channel,(91) 555 94 44,"C/ Moralzarzal, 86",-0.11373531532532445,0.3076923076923077
1435,1436,1436,10407,26.0,76.43,8,1987.18,4/22/2005 0:00,On Hold,2,4,2005,Classic Cars,73,S24_1046,The Sharp Gifts Warehouse,4085553659,3086 Ingle Ln.,-0.9356586440015511,0.21978021978021978
1436,1437,1437,10420,60.0,64.67,11,3880.2,5/29/2005 0:00,In Process,2,5,2005,Classic Cars,73,S24_1046,Souveniers And Things Co.,+61 2 9495 8555,"Monitor Money Building, 815 Pacific Hwy",2.557515502872412,0.5934065934065934
1437,1438,1438,10104,35.0,55.49,6,1942.15,1/31/2003 0:00,Shipped,1,1,2003,Classic Cars,57,S24_1444,Euro Shopping Channel,(91) 555 94 44,"C/ Moralzarzal, 86",-0.010994899240796116,0.31868131868131866
1438,1439,1439,10115,47.0,69.36,2,3259.92,4/4/2003 0:00,Shipped,2,4,2003,Classic Cars,57,S24_1444,Classic Legends Inc.,2125558493,5905 Pompton St.,1.2218900937735437,0.45054945054945056
1439,1440,1440,10127,20.0,60.69,8,1213.8,6/3/2003 0:00,Shipped,2,6,2003,Classic Cars,57,S24_1444,Muscle Machine Inc,2125557413,4092 Furth Circle,-1.552101140508721,0.15384615384615385
1440,1441,1441,10141,20.0,54.33,2,1086.6,8/1/2003 0:00,Shipped,3,8,2003,Classic Cars,57,S24_1444,Suominen Souveniers,+358 9 8045 555,"Software Engineering Center, SEC Oy",-1.552101140508721,0.15384615384615385
1441,1442,1442,10152,25.0,65.31,4,1632.75,9/25/2003 0:00,Shipped,3,9,2003,Classic Cars,57,S24_1444,"Australian Gift Network, Co",61-7-3844-6555,31 Duncan St. West End,-1.0383990600860795,0.2087912087912088
1442,1443,1443,10165,25.0,69.36,9,1734.0,10/22/2003 0:00,Shipped,4,10,2003,Classic Cars,57,S24_1444,"Dragon Souveniers, Ltd.",+65 221 7555,"Bronz Sok., Bronz Apt. 3/6 Tesvikiye",-1.0383990600860795,0.2087912087912088
1443,1444,1444,10176,27.0,68.78,8,1857.06,11/6/2003 0:00,Shipped,4,11,2003,Classic Cars,57,S24_1444,L'ordine Souveniers,0522-556555,Strada Provinciale 124,-0.8329182279170227,0.23076923076923078
1444,1445,1445,10184,31.0,60.11,3,1863.41,11/14/2003 0:00,Shipped,4,11,2003,Classic Cars,57,S24_1444,"Iberia Gift Imports, Corp.",(95) 555 82 82,"C/ Romero, 33",-0.4219565635789094,0.27472527472527475
1445,1446,1446,10195,44.0,66.47,3,2924.68,11/25/2003 0:00,Shipped,4,11,2003,Classic Cars,57,S24_1444,Mini Classics,9145554562,3758 North Pendale Street,0.9136688455199589,0.4175824175824176
1446,1447,1447,10207,49.0,46.82,4,2294.18,12/9/2003 0:00,Shipped,4,12,2003,Classic Cars,57,S24_1444,Diecast Collectables,6175552555,6251 Ingle Ln.,1.4273709259426004,0.4725274725274725
1447,1448,1448,10220,26.0,56.07,8,1457.82,2/12/2004 0:00,Shipped,1,2,2004,Classic Cars,57,S24_1444,"Clover Collections, Co.",+353 1862 1555,25 Maiden Lane,-0.9356586440015511,0.21978021978021978
1448,1449,1449,10230,36.0,54.33,6,1955.88,3/15/2004 0:00,Shipped,1,3,2004,Classic Cars,57,S24_1444,"Blauer See Auto, Co.",+49 69 66 90 2555,Lyonerstr. 34,0.09174551684373221,0.32967032967032966
1449,1450,1450,10246,44.0,52.6,2,2314.4,5/5/2004 0:00,Shipped,2,5,2004,Classic Cars,57,S24_1444,Euro Shopping Channel,(91) 555 94 44,"C/ Moralzarzal, 86",0.9136688455199589,0.4175824175824176
1450,1451,1451,10259,28.0,46.82,1,1310.96,6/15/2004 0:00,Shipped,2,6,2004,Classic Cars,57,S24_1444,Handji Gifts& Co,+65 224 1555,Village Close - 106 Linden Road Sandown,-0.7301778118324944,0.24175824175824176
1451,1452,1452,10271,45.0,64.74,2,2913.3,7/20/2004 0:00,Shipped,3,7,2004,Classic Cars,57,S24_1444,Mini Gifts Distributors Ltd.,4155551450,5677 Strong St.,1.016409261604487,0.42857142857142855
1452,1453,1453,10282,29.0,46.82,11,1357.78,8/20/2004 0:00,Shipped,3,8,2004,Classic Cars,57,S24_1444,Mini Gifts Distributors Ltd.,4155551450,5677 Strong St.,-0.6274373957479661,0.25274725274725274
1453,1454,1454,10292,40.0,53.75,5,2150.0,9/8/2004 0:00,Shipped,3,9,2004,Classic Cars,57,S24_1444,Land of Toys Inc.,2125557818,897 Long Airport Avenue,0.5027071811818455,0.37362637362637363
1454,1455,1455,10305,45.0,61.85,2,2783.25,10/13/2004 0:00,Shipped,4,10,2004,Classic Cars,57,S24_1444,Marta's Replicas Co.,6175558555,39323 Spinnaker Dr.,1.016409261604487,0.42857142857142855
1455,1456,1456,10314,44.0,53.18,11,2339.92,10/22/2004 0:00,Shipped,4,10,2004,Classic Cars,57,S24_1444,Heintze Collectables,86 21 3555,Smagsloget 45,0.9136688455199589,0.4175824175824176
1456,1457,1457,10324,25.0,69.16,14,1729.0,11/5/2004 0:00,Shipped,4,11,2004,Classic Cars,57,S24_1444,Vitachrome Inc.,2125551500,2678 Kingston Rd.,-1.0383990600860795,0.2087912087912088
1457,1458,1458,10336,45.0,100.0,4,5972.4,11/20/2004 0:00,Shipped,4,11,2004,Classic Cars,57,S24_1444,"La Corne D'abondance, Co.",(1) 42.34.2555,"265, boulevard Charonne",1.016409261604487,0.42857142857142855
1458,1459,1459,10349,48.0,47.4,4,2275.2,12/1/2004 0:00,Shipped,4,12,2004,Classic Cars,57,S24_1444,Muscle Machine Inc,2125557413,4092 Furth Circle,1.3246305098580722,0.46153846153846156
1459,1460,1460,10358,44.0,60.76,14,2673.44,12/10/2004 0:00,Shipped,4,12,2004,Classic Cars,57,S24_1444,Euro Shopping Channel,(91) 555 94 44,"C/ Moralzarzal, 86",0.9136688455199589,0.4175824175824176
1460,1461,1461,10371,25.0,97.27,12,2431.75,1/23/2005 0:00,Shipped,1,1,2005,Classic Cars,57,S24_1444,Mini Gifts Distributors Ltd.,4155551450,5677 Strong St.,-1.0383990600860795,0.2087912087912088
1461,1462,1462,10383,22.0,91.76,2,2018.72,2/22/2005 0:00,Shipped,1,2,2005,Classic Cars,57,S24_1444,Euro Shopping Channel,(91) 555 94 44,"C/ Moralzarzal, 86",-1.3466203083396644,0.17582417582417584
1462,1463,1463,10394,31.0,50.29,2,1558.99,3/15/2005 0:00,Shipped,1,3,2005,Classic Cars,57,S24_1444,Euro Shopping Channel,(91) 555 94 44,"C/ Moralzarzal, 86",-0.4219565635789094,0.27472527472527475
1463,1464,1464,10412,21.0,52.6,2,1104.6,5/3/2005 0:00,Shipped,2,5,2005,Classic Cars,57,S24_1444,Euro Shopping Channel,(91) 555 94 44,"C/ Moralzarzal, 86",-1.4493607244241928,0.16483516483516483
1464,1465,1465,10425,55.0,46.82,1,2575.1,5/31/2005 0:00,In Process,2,5,2005,Classic Cars,57,S24_1444,La Rochelle Gifts,40.67.8555,"67, rue des Cinquante Otages",2.0438134224497704,0.5384615384615384
1465,1466,1466,10107,25.0,100.0,3,2845.75,2/24/2003 0:00,Shipped,1,2,2003,Motorcycles,112,S24_1578,Land of Toys Inc.,2125557818,897 Long Airport Avenue,-1.0383990600860795,0.2087912087912088
1466,1467,1467,10120,35.0,98.05,1,3431.75,4/29/2003 0:00,Shipped,2,4,2003,Motorcycles,112,S24_1578,"Australian Collectors, Co.",03 9520 4555,636 St Kilda Road,-0.010994899240796116,0.31868131868131866
1467,1468,1468,10134,35.0,93.54,3,3273.9,7/1/2003 0:00,Shipped,3,7,2003,Motorcycles,112,S24_1578,Lyon Souveniers,+33 1 46 62 7555,27 rue du Colonel Pierre Avia,-0.010994899240796116,0.31868131868131866
1468,1469,1469,10145,43.0,95.8,7,4119.4,8/25/2003 0:00,Shipped,3,8,2003,Motorcycles,112,S24_1578,Toys4GrownUps.com,6265557265,78934 Hillside Dr.,0.8109284294354305,0.4065934065934066
1469,1470,1470,10159,44.0,100.0,15,5355.68,10/10/2003 0:00,Shipped,4,10,2003,Motorcycles,112,S24_1578,Corporate Gift Ideas Co.,6505551386,7734 Strong St.,0.9136688455199589,0.4175824175824176
1470,1471,1471,10168,50.0,100.0,2,5747.5,10/28/2003 0:00,Shipped,4,10,2003,Motorcycles,112,S24_1578,Technics Stores Inc.,6505556809,9408 Furth Circle,1.5301113420271288,0.4835164835164835
1471,1472,1472,10180,48.0,100.0,10,5355.36,11/11/2003 0:00,Shipped,4,11,2003,Motorcycles,112,S24_1578,Daedalus Designs Imports,20.16.1555,"184, chausse de Tournai",1.3246305098580722,0.46153846153846156
1472,1473,1473,10188,25.0,100.0,2,2535.75,11/18/2003 0:00,Shipped,4,11,2003,Motorcycles,112,S24_1578,Herkku Gifts,+47 2267 3215,"Drammen 121, PR 744 Sentrum",-1.0383990600860795,0.2087912087912088
1473,1474,1474,10201,39.0,100.0,3,4351.23,12/1/2003 0:00,Shipped,4,12,2003,Motorcycles,112,S24_1578,Mini Wheels Co.,6505555787,5557 North Pendale Street,0.3999667650973172,0.3626373626373626
1474,1475,1475,10211,25.0,90.16,15,2254.0,1/15/2004 0:00,Shipped,1,1,2004,Motorcycles,112,S24_1578,Auto Canal Petit,(1) 47.55.6555,"25, rue Lauriston",-1.0383990600860795,0.2087912087912088
1475,1476,1476,10223,32.0,91.29,2,2921.28,2/20/2004 0:00,Shipped,1,2,2004,Motorcycles,112,S24_1578,"Australian Collectors, Co.",03 9520 4555,636 St Kilda Road,-0.3192161474943811,0.2857142857142857
1476,1477,1477,10237,20.0,100.0,8,2299.0,4/5/2004 0:00,Shipped,2,4,2004,Motorcycles,112,S24_1578,Vitachrome Inc.,2125551500,2678 Kingston Rd.,-1.552101140508721,0.15384615384615385
1477,1478,1478,10251,26.0,100.0,3,2637.18,5/18/2004 0:00,Shipped,2,5,2004,Motorcycles,112,S24_1578,Tekni Collectables Inc.,2015559350,7476 Moss Rd.,-0.9356586440015511,0.21978021978021978
1478,1479,1479,10263,42.0,100.0,3,4307.52,6/28/2004 0:00,Shipped,2,6,2004,Motorcycles,112,S24_1578,Gift Depot Inc.,2035552570,25593 South Bay Ln.,0.7081880133509022,0.3956043956043956
1479,1480,1480,10275,21.0,100.0,2,2153.76,7/23/2004 0:00,Shipped,3,7,2004,Motorcycles,112,S24_1578,La Rochelle Gifts,40.67.8555,"67, rue des Cinquante Otages",-1.4493607244241928,0.16483516483516483
1480,1481,1481,10285,34.0,100.0,7,3716.88,8/27/2004 0:00,Shipped,3,8,2004,Motorcycles,112,S24_1578,Marta's Replicas Co.,6175558555,39323 Spinnaker Dr.,-0.11373531532532445,0.3076923076923077
1481,1482,1482,10299,47.0,100.0,10,5455.76,9/30/2004 0:00,Shipped,3,9,2004,Motorcycles,112,S24_1578,"Toys of Finland, Co.",90-224 8555,Keskuskatu 45,1.2218900937735437,0.45054945054945056
1482,1483,1483,10309,21.0,100.0,6,2650.62,10/15/2004 0:00,Shipped,4,10,2004,Motorcycles,112,S24_1578,Baane Mini Imports,07-98 9555,Erling Skakkes gate 78,-1.4493607244241928,0.16483516483516483
1483,1484,1484,10318,48.0,100.0,2,6437.28,11/2/2004 0:00,Shipped,4,11,2004,Motorcycles,112,S24_1578,Diecast Classics Inc.,2155551555,7586 Pompton St.,1.3246305098580722,0.46153846153846156
1484,1485,1485,10329,30.0,87.78,7,2633.4,11/15/2004 0:00,Shipped,4,11,2004,Motorcycles,112,S24_1578,Land of Toys Inc.,2125557818,897 Long Airport Avenue,-0.5246969796634378,0.26373626373626374
1485,1486,1486,10339,27.0,84.39,10,2278.53,11/23/2004 0:00,Shipped,4,11,2004,Motorcycles,112,S24_1578,"Tokyo Collectables, Ltd",+81 3 3584 0555,2-2-8 Roppongi,-0.8329182279170227,0.23076923076923078
1486,1487,1487,10362,50.0,96.92,2,4846.0,1/5/2005 0:00,Shipped,1,1,2005,Motorcycles,112,S24_1578,Technics Stores Inc.,6505556809,9408 Furth Circle,1.5301113420271288,0.4835164835164835
1487,1488,1488,10374,38.0,100.0,6,4197.1,2/2/2005 0:00,Shipped,1,2,2005,Motorcycles,112,S24_1578,"Australian Gift Network, Co",61-7-3844-6555,31 Duncan St. West End,0.2972263490127889,0.3516483516483517
1488,1489,1489,10389,45.0,100.0,1,4597.65,3/3/2005 0:00,Shipped,1,3,2005,Motorcycles,112,S24_1578,Scandinavian Gift Ideas,0695-34 6555,?kergatan 24,1.016409261604487,0.42857142857142855
1489,1490,1490,10403,46.0,100.0,8,5287.7,4/8/2005 0:00,Shipped,2,4,2005,Motorcycles,112,S24_1578,"UK Collectables, Ltd.",(171) 555-2282,Berkeley Gardens 12  Brewery,1.1191496776890155,0.43956043956043955
1490,1491,1491,10417,35.0,100.0,3,3550.05,5/13/2005 0:00,Disputed,2,5,2005,Motorcycles,112,S24_1578,Euro Shopping Channel,(91) 555 94 44,"C/ Moralzarzal, 86",-0.010994899240796116,0.31868131868131866
1491,1492,1492,10110,29.0,59.37,15,1721.73,3/18/2003 0:00,Shipped,1,3,2003,Classic Cars,50,S24_1628,"AV Stores, Co.",(171) 555-1555,Fauntleroy Circus,-0.6274373957479661,0.25274725274725274
1492,1493,1493,10123,50.0,59.87,1,2993.5,5/20/2003 0:00,Shipped,2,5,2003,Classic Cars,50,S24_1628,Atelier graphique,40.32.2555,"54, rue Royale",1.5301113420271288,0.4835164835164835
1493,1494,1494,10137,26.0,49.81,1,1295.06,7/10/2003 0:00,Shipped,3,7,2003,Classic Cars,50,S24_1628,Reims Collectables,26.47.1555,59 rue de l'Abbaye,-0.9356586440015511,0.21978021978021978
1494,1495,1495,10148,47.0,56.85,8,2671.95,9/11/2003 0:00,Shipped,3,9,2003,Classic Cars,50,S24_1628,"Anna's Decorations, Ltd",02 9936 8555,201 Miller Street,1.2218900937735437,0.45054945054945056
1495,1496,1496,10161,23.0,53.33,7,1226.59,10/17/2003 0:00,Shipped,4,10,2003,Classic Cars,50,S24_1628,Heintze Collectables,86 21 3555,Smagsloget 45,-1.2438798922551362,0.18681318681318682
1496,1497,1497,10172,34.0,42.76,5,1453.84,11/5/2003 0:00,Shipped,4,11,2003,Classic Cars,50,S24_1628,Gift Depot Inc.,2035552570,25593 South Bay Ln.,-0.11373531532532445,0.3076923076923077
1497,1498,1498,10181,34.0,53.83,1,1830.22,11/12/2003 0:00,Shipped,4,11,2003,Classic Cars,50,S24_1628,Herkku Gifts,+47 2267 3215,"Drammen 121, PR 744 Sentrum",-0.11373531532532445,0.3076923076923077
1498,1499,1499,10192,47.0,53.83,6,2530.01,11/20/2003 0:00,Shipped,4,11,2003,Classic Cars,50,S24_1628,Online Diecast Creations Co.,6035558647,2304 Long Airport Avenue,1.2218900937735437,0.45054945054945056
1499,1500,1500,10204,45.0,49.81,12,2241.45,12/2/2003 0:00,Shipped,4,12,2003,Classic Cars,50,S24_1628,Muscle Machine Inc,2125557413,4092 Furth Circle,1.016409261604487,0.42857142857142855
1500,1501,1501,10212,45.0,53.33,5,2399.85,1/16/2004 0:00,Shipped,1,1,2004,Classic Cars,50,S24_1628,Euro Shopping Channel,(91) 555 94 44,"C/ Moralzarzal, 86",1.016409261604487,0.42857142857142855
1501,1502,1502,10226,36.0,43.27,3,1557.72,2/26/2004 0:00,Shipped,1,2,2004,Classic Cars,50,S24_1628,Collectable Mini Designs Co.,7605558146,361 Furth Circle,0.09174551684373221,0.32967032967032966
1502,1503,1503,10241,21.0,40.25,10,845.25,4/13/2004 0:00,Shipped,2,4,2004,Classic Cars,50,S24_1628,Mini Caravy,88.60.1555,"24, place Kluber",-1.4493607244241928,0.16483516483516483
1503,1504,1504,10266,28.0,48.3,1,1352.4,7/6/2004 0:00,Shipped,3,7,2004,Classic Cars,50,S24_1628,L'ordine Souveniers,0522-556555,Strada Provinciale 124,-0.7301778118324944,0.24175824175824176
1504,1505,1505,10278,35.0,45.28,1,1584.8,8/6/2004 0:00,Shipped,3,8,2004,Classic Cars,50,S24_1628,Signal Gift Stores,7025551838,8489 Strong St.,-0.010994899240796116,0.31868131868131866
1505,1506,1506,10288,50.0,52.32,13,2616.0,9/1/2004 0:00,Shipped,3,9,2004,Classic Cars,50,S24_1628,Handji Gifts& Co,+65 224 1555,Village Close - 106 Linden Road Sandown,1.5301113420271288,0.4835164835164835
1506,1507,1507,10301,22.0,51.32,3,1129.04,10/5/2003 0:00,Shipped,4,10,2003,Classic Cars,50,S24_1628,"Norway Gifts By Mail, Co.",+47 2212 1555,"Drammensveien 126 A, PB 744 Sentrum",-1.3466203083396644,0.17582417582417584
1507,1508,1508,10311,45.0,49.3,8,2218.5,10/16/2004 0:00,Shipped,4,10,2004,Classic Cars,50,S24_1628,Euro Shopping Channel,(91) 555 94 44,"C/ Moralzarzal, 86",1.016409261604487,0.42857142857142855
1508,1509,1509,10321,48.0,42.26,5,2028.48,11/4/2004 0:00,Shipped,4,11,2004,Classic Cars,50,S24_1628,FunGiftIdeas.com,5085552555,1785 First Street,1.3246305098580722,0.46153846153846156
1509,1510,1510,10332,20.0,87.96,5,1759.2,11/17/2004 0:00,Shipped,4,11,2004,Classic Cars,50,S24_1628,"AV Stores, Co.",(171) 555-1555,Fauntleroy Circus,-1.552101140508721,0.15384615384615385
1510,1511,1511,10343,27.0,36.21,6,977.67,11/24/2004 0:00,Shipped,4,11,2004,Classic Cars,50,S24_1628,Reims Collectables,26.47.1555,59 rue de l'Abbaye,-0.8329182279170227,0.23076923076923078
1511,1512,1512,10367,38.0,38.5,11,1463.0,1/12/2005 0:00,Resolved,1,1,2005,Classic Cars,50,S24_1628,Toys4GrownUps.com,6265557265,78934 Hillside Dr.,0.2972263490127889,0.3516483516483517
1512,1513,1513,10379,32.0,100.0,3,3970.56,2/10/2005 0:00,Shipped,1,2,2005,Classic Cars,50,S24_1628,Euro Shopping Channel,(91) 555 94 44,"C/ Moralzarzal, 86",-0.3192161474943811,0.2857142857142857
1513,1514,1514,10407,64.0,40.25,10,2576.0,4/22/2005 0:00,On Hold,2,4,2005,Classic Cars,50,S24_1628,The Sharp Gifts Warehouse,4085553659,3086 Ingle Ln.,2.9684771672105255,0.6373626373626373
1514,1515,1515,10420,37.0,60.37,13,2233.69,5/29/2005 0:00,In Process,2,5,2005,Classic Cars,50,S24_1628,Souveniers And Things Co.,+61 2 9495 8555,"Monitor Money Building, 815 Pacific Hwy",0.19448593292826055,0.34065934065934067
1515,1516,1516,10106,28.0,88.63,4,2481.64,2/17/2003 0:00,Shipped,1,2,2003,Planes,109,S24_1785,Rovelli Gifts,035-640555,Via Ludovico il Moro 22,-0.7301778118324944,0.24175824175824176
1516,1517,1517,10120,39.0,100.0,10,4651.53,4/29/2003 0:00,Shipped,2,4,2003,Planes,109,S24_1785,"Australian Collectors, Co.",03 9520 4555,636 St Kilda Road,0.3999667650973172,0.3626373626373626
1517,1518,1518,10133,41.0,94.1,5,3858.1,6/27/2003 0:00,Shipped,2,6,2003,Planes,109,S24_1785,Euro Shopping Channel,(91) 555 94 44,"C/ Moralzarzal, 86",0.6054475972663739,0.38461538461538464
1518,1519,1519,10145,40.0,87.54,16,3501.6,8/25/2003 0:00,Shipped,3,8,2003,Planes,109,S24_1785,Toys4GrownUps.com,6265557265,78934 Hillside Dr.,0.5027071811818455,0.37362637362637363
1519,1520,1520,10168,49.0,100.0,11,6433.7,10/28/2003 0:00,Shipped,4,10,2003,Planes,109,S24_1785,Technics Stores Inc.,6505556809,9408 Furth Circle,1.4273709259426004,0.4725274725274725
1520,1521,1521,10210,27.0,98.48,9,2658.96,1/12/2004 0:00,Shipped,1,1,2004,Planes,109,S24_1785,Osaka Souveniers Co.,+81 06 6342 5555,"Dojima Avanza 4F, 1-6-20 Dojima, Kita-ku",-0.8329182279170227,0.23076923076923078
1521,1522,1522,10223,34.0,100.0,11,3608.76,2/20/2004 0:00,Shipped,1,2,2004,Planes,109,S24_1785,"Australian Collectors, Co.",03 9520 4555,636 St Kilda Road,-0.11373531532532445,0.3076923076923077
1522,1523,1523,10235,23.0,96.29,5,2214.67,4/2/2004 0:00,Shipped,2,4,2004,Planes,109,S24_1785,"Royal Canadian Collectables, Ltd.",(604) 555-4555,23 Tsawassen Blvd.,-1.2438798922551362,0.18681318681318682
1523,1524,1524,10250,31.0,88.63,6,2747.53,5/11/2004 0:00,Shipped,2,5,2004,Planes,109,S24_1785,The Sharp Gifts Warehouse,4085553659,3086 Ingle Ln.,-0.4219565635789094,0.27472527472527475
1524,1525,1525,10262,34.0,97.38,1,3310.92,6/24/2004 0:00,Cancelled,2,6,2004,Planes,109,S24_1785,Euro Shopping Channel,(91) 555 94 44,"C/ Moralzarzal, 86",-0.11373531532532445,0.3076923076923077
1525,1526,1526,10275,25.0,95.2,11,2380.0,7/23/2004 0:00,Shipped,3,7,2004,Planes,109,S24_1785,La Rochelle Gifts,40.67.8555,"67, rue des Cinquante Otages",-1.0383990600860795,0.2087912087912088
1526,1527,1527,10284,22.0,100.0,3,2310.88,8/21/2004 0:00,Shipped,3,8,2004,Planes,109,S24_1785,"Norway Gifts By Mail, Co.",+47 2212 1555,"Drammensveien 126 A, PB 744 Sentrum",-1.3466203083396644,0.17582417582417584
1527,1528,1528,10297,32.0,100.0,6,4061.76,9/16/2004 0:00,Shipped,3,9,2004,Planes,109,S24_1785,"Clover Collections, Co.",+353 1862 1555,25 Maiden Lane,-0.3192161474943811,0.2857142857142857
1528,1529,1529,10308,31.0,100.0,9,3493.7,10/15/2004 0:00,Shipped,4,10,2004,Planes,109,S24_1785,Mini Classics,9145554562,3758 North Pendale Street,-0.4219565635789094,0.27472527472527475
1529,1530,1530,10316,25.0,100.0,1,2872.25,11/1/2004 0:00,Shipped,4,11,2004,Planes,109,S24_1785,giftsbymail.co.uk,(198) 555-8888,Garden House Crowther Way,-1.0383990600860795,0.2087912087912088
1530,1531,1531,10328,47.0,87.54,14,4114.38,11/12/2004 0:00,Shipped,4,11,2004,Planes,109,S24_1785,Rovelli Gifts,035-640555,Via Ludovico il Moro 22,1.2218900937735437,0.45054945054945056
1531,1532,1532,10339,21.0,50.65,7,1063.65,11/23/2004 0:00,Shipped,4,11,2004,Planes,109,S24_1785,"Tokyo Collectables, Ltd",+81 3 3584 0555,2-2-8 Roppongi,-1.4493607244241928,0.16483516483516483
1532,1533,1533,10353,28.0,71.73,2,2008.44,12/4/2004 0:00,Shipped,4,12,2004,Planes,109,S24_1785,Gift Ideas Corp.,2035554407,2440 Pompton St.,-0.7301778118324944,0.24175824175824176
1533,1534,1534,10374,46.0,94.1,3,4328.6,2/2/2005 0:00,Shipped,1,2,2005,Planes,109,S24_1785,"Australian Gift Network, Co",61-7-3844-6555,31 Duncan St. West End,1.1191496776890155,0.43956043956043955
1534,1535,1535,10386,33.0,41.71,11,1376.43,3/1/2005 0:00,Resolved,1,3,2005,Planes,109,S24_1785,Euro Shopping Channel,(91) 555 94 44,"C/ Moralzarzal, 86",-0.21647573140985277,0.2967032967032967
1535,1536,1536,10398,43.0,100.0,16,5552.16,3/30/2005 0:00,Shipped,1,3,2005,Planes,109,S24_1785,Reims Collectables,26.47.1555,59 rue de l'Abbaye,0.8109284294354305,0.4065934065934066
1536,1537,1537,10401,38.0,96.29,5,3659.02,4/3/2005 0:00,On Hold,2,4,2005,Planes,109,S24_1785,Tekni Collectables Inc.,2015559350,7476 Moss Rd.,0.2972263490127889,0.3516483516483517
1537,1538,1538,10416,47.0,88.63,6,4165.61,5/10/2005 0:00,Shipped,2,5,2005,Planes,109,S24_1785,L'ordine Souveniers,0522-556555,Strada Provinciale 124,1.2218900937735437,0.45054945054945056
1538,1539,1539,10101,45.0,31.2,3,1404.0,1/9/2003 0:00,Shipped,1,1,2003,Vintage Cars,33,S24_1937,"Blauer See Auto, Co.",+49 69 66 90 2555,Lyonerstr. 34,1.016409261604487,0.42857142857142855
1539,1540,1540,10110,20.0,35.51,3,710.2,3/18/2003 0:00,Shipped,1,3,2003,Vintage Cars,33,S24_1937,"AV Stores, Co.",(171) 555-1555,Fauntleroy Circus,-1.552101140508721,0.15384615384615385
1540,1541,1541,10124,45.0,37.84,2,1702.8,5/21/2003 0:00,Shipped,2,5,2003,Vintage Cars,33,S24_1937,Signal Gift Stores,7025551838,8489 Strong St.,1.016409261604487,0.42857142857142855
1541,1542,1542,10149,36.0,33.19,7,1194.84,9/12/2003 0:00,Shipped,3,9,2003,Vintage Cars,33,S24_1937,Signal Collectibles Ltd.,4155554312,2793 Furth Circle,0.09174551684373221,0.32967032967032966
1542,1543,1543,10162,37.0,27.22,5,1007.14,10/18/2003 0:00,Shipped,4,10,2003,Vintage Cars,33,S24_1937,Corporate Gift Ideas Co.,6505551386,7734 Strong St.,0.19448593292826055,0.34065934065934067
1543,1544,1544,10173,31.0,31.53,9,977.43,11/5/2003 0:00,Shipped,4,11,2003,Vintage Cars,33,S24_1937,Rovelli Gifts,035-640555,Via Ludovico il Moro 22,-0.4219565635789094,0.27472527472527475
1544,1545,1545,10182,39.0,36.84,6,1436.76,11/12/2003 0:00,Shipped,4,11,2003,Vintage Cars,33,S24_1937,Mini Gifts Distributors Ltd.,4155551450,5677 Strong St.,0.3999667650973172,0.3626373626373626
1545,1546,1546,10193,26.0,29.21,10,759.46,11/21/2003 0:00,Shipped,4,11,2003,Vintage Cars,33,S24_1937,"Australian Collectables, Ltd",61-9-3844-6555,7 Allen Street,-0.9356586440015511,0.21978021978021978
1546,1547,1547,10205,32.0,37.17,5,1189.44,12/3/2003 0:00,Shipped,4,12,2003,Vintage Cars,33,S24_1937,Euro Shopping Channel,(91) 555 94 44,"C/ Moralzarzal, 86",-0.3192161474943811,0.2857142857142857
1547,1548,1548,10214,20.0,34.19,3,683.8,1/26/2004 0:00,Shipped,1,1,2004,Vintage Cars,33,S24_1937,"Corrida Auto Replicas, Ltd",(91) 555 22 82,"C/ Araquil, 67",-1.552101140508721,0.15384615384615385
1548,1549,1549,10227,42.0,29.21,6,1226.82,3/2/2004 0:00,Shipped,1,3,2004,Vintage Cars,33,S24_1937,"Saveley & Henriot, Co.",78.32.5555,"2, rue du Commerce",0.7081880133509022,0.3956043956043956
1549,1550,1550,10243,33.0,29.54,1,974.82,4/26/2004 0:00,Shipped,2,4,2004,Vintage Cars,33,S24_1937,Diecast Collectables,6175552555,6251 Ingle Ln.,-0.21647573140985277,0.2967032967032967
1550,1551,1551,10280,20.0,28.88,12,577.6,8/17/2004 0:00,Shipped,3,8,2004,Vintage Cars,33,S24_1937,Amica Models & Co.,011-4988555,Via Monte Bianco 34,-1.552101140508721,0.15384615384615385
1551,1552,1552,10288,29.0,38.17,1,1106.93,9/1/2004 0:00,Shipped,3,9,2004,Vintage Cars,33,S24_1937,Handji Gifts& Co,+65 224 1555,Village Close - 106 Linden Road Sandown,-0.6274373957479661,0.25274725274725274
1552,1553,1553,10304,23.0,30.2,16,694.6,10/11/2004 0:00,Shipped,4,10,2004,Vintage Cars,33,S24_1937,Auto Assoc. & Cie.,30.59.8555,"67, avenue de l'Europe",-1.2438798922551362,0.18681318681318682
1553,1554,1554,10312,39.0,29.54,13,1152.06,10/21/2004 0:00,Shipped,4,10,2004,Vintage Cars,33,S24_1937,Mini Gifts Distributors Ltd.,4155551450,5677 Strong St.,0.3999667650973172,0.3626373626373626
1554,1555,1555,10322,20.0,100.0,3,2624.0,11/4/2004 0:00,Shipped,4,11,2004,Vintage Cars,33,S24_1937,Online Diecast Creations Co.,6035558647,2304 Long Airport Avenue,-1.552101140508721,0.15384615384615385
1555,1556,1556,10332,45.0,81.91,6,3685.95,11/17/2004 0:00,Shipped,4,11,2004,Vintage Cars,33,S24_1937,"AV Stores, Co.",(171) 555-1555,Fauntleroy Circus,1.016409261604487,0.42857142857142855
1556,1557,1557,10344,20.0,35.18,6,703.6,11/25/2004 0:00,Shipped,4,11,2004,Vintage Cars,33,S24_1937,Marseille Mini Autos,91.24.4555,"12, rue des Bouchers",-1.552101140508721,0.15384615384615385
1557,1558,1558,10356,48.0,100.0,5,9720.0,12/9/2004 0:00,Shipped,4,12,2004,Vintage Cars,33,S24_1937,Lyon Souveniers,+33 1 46 62 7555,27 rue du Colonel Pierre Avia,1.3246305098580722,0.46153846153846156
1558,1559,1559,10367,23.0,36.29,13,834.67,1/12/2005 0:00,Resolved,1,1,2005,Vintage Cars,33,S24_1937,Toys4GrownUps.com,6265557265,78934 Hillside Dr.,-1.2438798922551362,0.18681318681318682
1559,1560,1560,10380,32.0,70.56,4,2257.92,2/16/2005 0:00,Shipped,1,2,2005,Vintage Cars,33,S24_1937,Euro Shopping Channel,(91) 555 94 44,"C/ Moralzarzal, 86",-0.3192161474943811,0.2857142857142857
1560,1561,1561,10391,33.0,100.0,8,8344.71,3/9/2005 0:00,Shipped,1,3,2005,Vintage Cars,33,S24_1937,"Anna's Decorations, Ltd",02 9936 8555,201 Miller Street,-0.21647573140985277,0.2967032967032967
1561,1562,1562,10409,61.0,29.54,1,1801.94,4/23/2005 0:00,Shipped,2,4,2005,Vintage Cars,33,S24_1937,Handji Gifts& Co,+65 224 1555,Village Close - 106 Linden Road Sandown,2.6602559189569406,0.6043956043956044
1562,1563,1563,10420,45.0,26.88,1,1209.6,5/29/2005 0:00,In Process,2,5,2005,Vintage Cars,33,S24_1937,Souveniers And Things Co.,+61 2 9495 8555,"Monitor Money Building, 815 Pacific Hwy",1.016409261604487,0.42857142857142855
1563,1564,1564,10107,38.0,83.03,7,3155.14,2/24/2003 0:00,Shipped,1,2,2003,Motorcycles,76,S24_2000,Land of Toys Inc.,2125557818,897 Long Airport Avenue,0.2972263490127889,0.3516483516483517
1564,1565,1565,10120,34.0,83.79,5,2848.86,4/29/2003 0:00,Shipped,2,4,2003,Motorcycles,76,S24_2000,"Australian Collectors, Co.",03 9520 4555,636 St Kilda Road,-0.11373531532532445,0.3076923076923077
1565,1566,1566,10134,43.0,83.03,7,3570.29,7/1/2003 0:00,Shipped,3,7,2003,Motorcycles,76,S24_2000,Lyon Souveniers,+33 1 46 62 7555,27 rue du Colonel Pierre Avia,0.8109284294354305,0.4065934065934066
1566,1567,1567,10145,47.0,83.03,11,3902.41,8/25/2003 0:00,Shipped,3,8,2003,Motorcycles,76,S24_2000,Toys4GrownUps.com,6265557265,78934 Hillside Dr.,1.2218900937735437,0.45054945054945056
1567,1568,1568,10158,22.0,67.03,1,1474.66,10/10/2003 0:00,Shipped,4,10,2003,Motorcycles,76,S24_2000,Baane Mini Imports,07-98 9555,Erling Skakkes gate 78,-1.3466203083396644,0.17582417582417584
1568,1569,1569,10168,29.0,75.41,6,2186.89,10/28/2003 0:00,Shipped,4,10,2003,Motorcycles,76,S24_2000,Technics Stores Inc.,6505556809,9408 Furth Circle,-0.6274373957479661,0.25274725274725274
1569,1570,1570,10180,28.0,68.55,14,1919.4,11/11/2003 0:00,Shipped,4,11,2003,Motorcycles,76,S24_2000,Daedalus Designs Imports,20.16.1555,"184, chausse de Tournai",-0.7301778118324944,0.24175824175824176
1570,1571,1571,10188,40.0,91.4,6,3656.0,11/18/2003 0:00,Shipped,4,11,2003,Motorcycles,76,S24_2000,Herkku Gifts,+47 2267 3215,"Drammen 121, PR 744 Sentrum",0.5027071811818455,0.37362637362637363
1571,1572,1572,10201,25.0,73.88,7,1847.0,12/1/2003 0:00,Shipped,4,12,2003,Motorcycles,76,S24_2000,Mini Wheels Co.,6505555787,5557 North Pendale Street,-1.0383990600860795,0.2087912087912088
1572,1573,1573,10210,30.0,61.7,4,1851.0,1/12/2004 0:00,Shipped,1,1,2004,Motorcycles,76,S24_2000,Osaka Souveniers Co.,+81 06 6342 5555,"Dojima Avanza 4F, 1-6-20 Dojima, Kita-ku",-0.5246969796634378,0.26373626373626374
1573,1574,1574,10223,38.0,69.31,6,2633.78,2/20/2004 0:00,Shipped,1,2,2004,Motorcycles,76,S24_2000,"Australian Collectors, Co.",03 9520 4555,636 St Kilda Road,0.2972263490127889,0.3516483516483517
1574,1575,1575,10236,36.0,87.6,3,3153.6,4/3/2004 0:00,Shipped,2,4,2004,Motorcycles,76,S24_2000,Motor Mint Distributors Inc.,2155559857,11328 Douglas Av.,0.09174551684373221,0.32967032967032966
1575,1576,1576,10250,32.0,87.6,1,2803.2,5/11/2004 0:00,Shipped,2,5,2004,Motorcycles,76,S24_2000,The Sharp Gifts Warehouse,4085553659,3086 Ingle Ln.,-0.3192161474943811,0.2857142857142857
1576,1577,1577,10263,37.0,62.46,7,2311.02,6/28/2004 0:00,Shipped,2,6,2004,Motorcycles,76,S24_2000,Gift Depot Inc.,2035552570,25593 South Bay Ln.,0.19448593292826055,0.34065934065934067
1577,1578,1578,10275,30.0,79.98,6,2399.4,7/23/2004 0:00,Shipped,3,7,2004,Motorcycles,76,S24_2000,La Rochelle Gifts,40.67.8555,"67, rue des Cinquante Otages",-0.5246969796634378,0.26373626373626374
1578,1579,1579,10285,39.0,70.08,11,2733.12,8/27/2004 0:00,Shipped,3,8,2004,Motorcycles,76,S24_2000,Marta's Replicas Co.,6175558555,39323 Spinnaker Dr.,0.3999667650973172,0.3626373626373626
1579,1580,1580,10297,32.0,65.51,1,2096.32,9/16/2004 0:00,Shipped,3,9,2004,Motorcycles,76,S24_2000,"Clover Collections, Co.",+353 1862 1555,25 Maiden Lane,-0.3192161474943811,0.2857142857142857
1580,1581,1581,10308,47.0,63.22,4,2971.34,10/15/2004 0:00,Shipped,4,10,2004,Motorcycles,76,S24_2000,Mini Classics,9145554562,3758 North Pendale Street,1.2218900937735437,0.45054945054945056
1581,1582,1582,10318,26.0,86.83,6,2257.58,11/2/2004 0:00,Shipped,4,11,2004,Motorcycles,76,S24_2000,Diecast Classics Inc.,2155551555,7586 Pompton St.,-0.9356586440015511,0.21978021978021978
1582,1583,1583,10329,37.0,94.43,4,3493.91,11/15/2004 0:00,Shipped,4,11,2004,Motorcycles,76,S24_2000,Land of Toys Inc.,2125557818,897 Long Airport Avenue,0.19448593292826055,0.34065934065934067
1583,1584,1584,10340,55.0,79.98,8,4398.9,11/24/2004 0:00,Shipped,4,11,2004,Motorcycles,76,S24_2000,Enaco Distributors,(93) 203 4555,"Rambla de Catalu¤a, 23",2.0438134224497704,0.5384615384615384
1584,1585,1585,10363,21.0,100.0,8,3595.62,1/6/2005 0:00,Shipped,1,1,2005,Motorcycles,76,S24_2000,Suominen Souveniers,+358 9 8045 555,"Software Engineering Center, SEC Oy",-1.4493607244241928,0.16483516483516483
1585,1586,1586,10375,23.0,100.0,9,2443.29,2/3/2005 0:00,Shipped,1,2,2005,Motorcycles,76,S24_2000,La Rochelle Gifts,40.67.8555,"67, rue des Cinquante Otages",-1.2438798922551362,0.18681318681318682
1586,1587,1587,10389,49.0,81.4,2,3988.6,3/3/2005 0:00,Shipped,1,3,2005,Motorcycles,76,S24_2000,Scandinavian Gift Ideas,0695-34 6555,?kergatan 24,1.4273709259426004,0.4725274725274725
1587,1588,1588,10402,59.0,87.6,3,5168.4,4/7/2005 0:00,Shipped,2,4,2005,Motorcycles,76,S24_2000,Auto Canal Petit,(1) 47.55.6555,"25, rue Lauriston",2.4547750867878837,0.5824175824175825
1588,1589,1589,10416,32.0,87.6,1,2803.2,5/10/2005 0:00,Shipped,2,5,2005,Motorcycles,76,S24_2000,L'ordine Souveniers,0522-556555,Strada Provinciale 124,-0.3192161474943811,0.2857142857142857
1589,1590,1590,10105,43.0,100.0,9,6341.21,2/11/2003 0:00,Shipped,1,2,2003,Ships,122,S24_2011,Danish Wholesale Imports,31 12 3555,Vinb'ltet 34,0.8109284294354305,0.4065934065934066
1590,1591,1591,10117,41.0,100.0,3,5189.78,4/16/2003 0:00,Shipped,2,4,2003,Ships,122,S24_2011,"Dragon Souveniers, Ltd.",+65 221 7555,"Bronz Sok., Bronz Apt. 3/6 Tesvikiye",0.6054475972663739,0.38461538461538464
1591,1592,1592,10129,45.0,100.0,9,6027.75,6/12/2003 0:00,Shipped,2,6,2003,Ships,122,S24_2011,"Stylish Desk Decors, Co.",(171) 555-0297,35 King George,1.016409261604487,0.42857142857142855
1592,1593,1593,10142,33.0,100.0,6,3366.0,8/8/2003 0:00,Shipped,3,8,2003,Ships,122,S24_2011,Mini Gifts Distributors Ltd.,4155551450,5677 Strong St.,-0.21647573140985277,0.2967032967032967
1593,1594,1594,10153,40.0,100.0,5,5456.4,9/28/2003 0:00,Shipped,3,9,2003,Ships,122,S24_2011,Euro Shopping Channel,(91) 555 94 44,"C/ Moralzarzal, 86",0.5027071811818455,0.37362637362637363
1594,1595,1595,10167,33.0,100.0,16,3812.16,10/23/2003 0:00,Cancelled,4,10,2003,Ships,122,S24_2011,Scandinavian Gift Ideas,0695-34 6555,?kergatan 24,-0.21647573140985277,0.2967032967032967
1595,1596,1596,10177,50.0,100.0,7,6083.0,11/7/2003 0:00,Shipped,4,11,2003,Ships,122,S24_2011,CAF Imports,+34 913 728 555,"Merchants House, 27-30 Merchant's Quay",1.5301113420271288,0.4835164835164835
1596,1597,1597,10185,30.0,100.0,7,3170.7,11/14/2003 0:00,Shipped,4,11,2003,Ships,122,S24_2011,Mini Creations Ltd.,5085559555,4575 Hillside Dr.,-0.5246969796634378,0.26373626373626374
1597,1598,1598,10197,41.0,100.0,13,4534.6,11/26/2003 0:00,Shipped,4,11,2003,Ships,122,S24_2011,Enaco Distributors,(93) 203 4555,"Rambla de Catalu¤a, 23",0.6054475972663739,0.38461538461538464
1598,1599,1599,10208,35.0,100.0,7,4301.15,1/2/2004 0:00,Shipped,1,1,2004,Ships,122,S24_2011,"Saveley & Henriot, Co.",78.32.5555,"2, rue du Commerce",-0.010994899240796116,0.31868131868131866
1599,1600,1600,10221,49.0,100.0,1,6804.63,2/18/2004 0:00,Shipped,1,2,2004,Ships,122,S24_2011,Petit Auto,(02) 5554 67,Rue Joseph-Bens 532,1.4273709259426004,0.4725274725274725
1600,1601,1601,10232,46.0,100.0,4,5652.94,3/20/2004 0:00,Shipped,1,3,2004,Ships,122,S24_2011,giftsbymail.co.uk,(198) 555-8888,Garden House Crowther Way,1.1191496776890155,0.43956043956043955
1601,1602,1602,10248,48.0,100.0,10,6960.48,5/7/2004 0:00,Cancelled,2,5,2004,Ships,122,S24_2011,Land of Toys Inc.,2125557818,897 Long Airport Avenue,1.3246305098580722,0.46153846153846156
1602,1603,1603,10261,36.0,100.0,8,4512.6,6/17/2004 0:00,Shipped,2,6,2004,Ships,122,S24_2011,Quebec Home Shopping Network,(514) 555-8054,43 rue St. Laurent,0.09174551684373221,0.32967032967032966
1603,1604,1604,10273,22.0,100.0,11,2784.76,7/21/2004 0:00,Shipped,3,7,2004,Ships,122,S24_2011,Petit Auto,(02) 5554 67,Rue Joseph-Bens 532,-1.3466203083396644,0.17582417582417584
1604,1605,1605,10283,42.0,100.0,13,5316.36,8/20/2004 0:00,Shipped,3,8,2004,Ships,122,S24_2011,"Royal Canadian Collectables, Ltd.",(604) 555-4555,23 Tsawassen Blvd.,0.7081880133509022,0.3956043956043956
1605,1606,1606,10293,21.0,100.0,2,2941.89,9/9/2004 0:00,Shipped,3,9,2004,Ships,122,S24_2011,Amica Models & Co.,011-4988555,Via Monte Bianco 34,-1.4493607244241928,0.16483516483516483
1606,1607,1607,10306,29.0,100.0,7,3207.4,10/14/2004 0:00,Shipped,4,10,2004,Ships,122,S24_2011,"AV Stores, Co.",(171) 555-1555,Fauntleroy Circus,-0.6274373957479661,0.25274725274725274
1607,1608,1608,10315,35.0,100.0,6,4215.05,10/29/2004 0:00,Shipped,4,10,2004,Ships,122,S24_2011,La Rochelle Gifts,40.67.8555,"67, rue des Cinquante Otages",-0.010994899240796116,0.31868131868131866
1608,1609,1609,10326,41.0,100.0,4,4333.29,11/9/2004 0:00,Shipped,4,11,2004,Ships,122,S24_2011,"Volvo Model Replicas, Co",0921-12 3555,Berguvsvgen  8,0.6054475972663739,0.38461538461538464
1609,1610,1610,10337,29.0,71.97,4,2087.13,11/21/2004 0:00,Shipped,4,11,2004,Ships,122,S24_2011,Classic Legends Inc.,2125558493,5905 Pompton St.,-0.6274373957479661,0.25274725274725274
1610,1611,1611,10350,34.0,50.33,7,1711.22,12/2/2004 0:00,Shipped,4,12,2004,Ships,122,S24_2011,Euro Shopping Channel,(91) 555 94 44,"C/ Moralzarzal, 86",-0.11373531532532445,0.3076923076923077
1611,1612,1612,10372,37.0,100.0,8,3910.53,1/26/2005 0:00,Shipped,1,1,2005,Ships,122,S24_2011,"Tokyo Collectables, Ltd",+81 3 3584 0555,2-2-8 Roppongi,0.19448593292826055,0.34065934065934067
1612,1613,1613,10384,28.0,80.54,3,2255.12,2/23/2005 0:00,Shipped,1,2,2005,Ships,122,S24_2011,Corporate Gift Ideas Co.,6505551386,7734 Strong St.,-0.7301778118324944,0.24175824175824176
1613,1614,1614,10396,49.0,100.0,6,5720.75,3/23/2005 0:00,Shipped,1,3,2005,Ships,122,S24_2011,Mini Gifts Distributors Ltd.,4155551450,5677 Strong St.,1.4273709259426004,0.4725274725274725
1614,1615,1615,10414,23.0,100.0,10,3335.23,5/6/2005 0:00,On Hold,2,5,2005,Ships,122,S24_2011,Gifts4AllAges.com,6175559555,8616 Spinnaker Dr.,-1.2438798922551362,0.18681318681318682
1615,1616,1616,10101,46.0,53.76,2,2472.96,1/9/2003 0:00,Shipped,1,1,2003,Vintage Cars,44,S24_2022,"Blauer See Auto, Co.",+49 69 66 90 2555,Lyonerstr. 34,1.1191496776890155,0.43956043956043955
1616,1617,1617,10110,39.0,44.35,2,1729.65,3/18/2003 0:00,Shipped,1,3,2003,Vintage Cars,44,S24_2022,"AV Stores, Co.",(171) 555-1555,Fauntleroy Circus,0.3999667650973172,0.3626373626373626
1617,1618,1618,10124,22.0,45.25,1,995.5,5/21/2003 0:00,Shipped,2,5,2003,Vintage Cars,44,S24_2022,Signal Gift Stores,7025551838,8489 Strong St.,-1.3466203083396644,0.17582417582417584
1618,1619,1619,10149,49.0,49.28,6,2414.72,9/12/2003 0:00,Shipped,3,9,2003,Vintage Cars,44,S24_2022,Signal Collectibles Ltd.,4155554312,2793 Furth Circle,1.4273709259426004,0.4725274725274725
1619,1620,1620,10162,43.0,36.29,4,1560.47,10/18/2003 0:00,Shipped,4,10,2003,Vintage Cars,44,S24_2022,Corporate Gift Ideas Co.,6505551386,7734 Strong St.,0.8109284294354305,0.4065934065934066
1620,1621,1621,10173,27.0,41.22,8,1112.94,11/5/2003 0:00,Shipped,4,11,2003,Vintage Cars,44,S24_2022,Rovelli Gifts,035-640555,Via Ludovico il Moro 22,-0.8329182279170227,0.23076923076923078
1621,1622,1622,10182,31.0,36.74,5,1138.94,11/12/2003 0:00,Shipped,4,11,2003,Vintage Cars,44,S24_2022,Mini Gifts Distributors Ltd.,4155551450,5677 Strong St.,-0.4219565635789094,0.27472527472527475
1622,1623,1623,10193,20.0,50.62,9,1012.4,11/21/2003 0:00,Shipped,4,11,2003,Vintage Cars,44,S24_2022,"Australian Collectables, Ltd",61-9-3844-6555,7 Allen Street,-1.552101140508721,0.15384615384615385
1623,1624,1624,10205,24.0,38.08,4,913.92,12/3/2003 0:00,Shipped,4,12,2003,Vintage Cars,44,S24_2022,Euro Shopping Channel,(91) 555 94 44,"C/ Moralzarzal, 86",-1.1411394761706077,0.1978021978021978
1624,1625,1625,10214,49.0,47.94,2,2349.06,1/26/2004 0:00,Shipped,1,1,2004,Vintage Cars,44,S24_2022,"Corrida Auto Replicas, Ltd",(91) 555 22 82,"C/ Araquil, 67",1.4273709259426004,0.4725274725274725
1625,1626,1626,10227,24.0,48.38,5,1161.12,3/2/2004 0:00,Shipped,1,3,2004,Vintage Cars,44,S24_2022,"Saveley & Henriot, Co.",78.32.5555,"2, rue du Commerce",-1.1411394761706077,0.1978021978021978
1626,1627,1627,10244,39.0,45.25,9,1764.75,4/29/2004 0:00,Shipped,2,4,2004,Vintage Cars,44,S24_2022,Euro Shopping Channel,(91) 555 94 44,"C/ Moralzarzal, 86",0.3999667650973172,0.3626373626373626
1627,1628,1628,10255,37.0,45.7,2,1690.9,6/4/2004 0:00,Shipped,2,6,2004,Vintage Cars,44,S24_2022,Mini Caravy,88.60.1555,"24, place Kluber",0.19448593292826055,0.34065934065934067
1628,1629,1629,10280,45.0,47.49,11,2137.05,8/17/2004 0:00,Shipped,3,8,2004,Vintage Cars,44,S24_2022,Amica Models & Co.,011-4988555,Via Monte Bianco 34,1.016409261604487,0.42857142857142855
1629,1630,1630,10289,45.0,48.38,4,2177.1,9/3/2004 0:00,Shipped,3,9,2004,Vintage Cars,44,S24_2022,Herkku Gifts,+47 2267 3215,"Drammen 121, PR 744 Sentrum",1.016409261604487,0.42857142857142855
1630,1631,1631,10304,44.0,39.42,15,1734.48,10/11/2004 0:00,Shipped,4,10,2004,Vintage Cars,44,S24_2022,Auto Assoc. & Cie.,30.59.8555,"67, avenue de l'Europe",0.9136688455199589,0.4175824175824176
1631,1632,1632,10312,23.0,37.63,12,865.49,10/21/2004 0:00,Shipped,4,10,2004,Vintage Cars,44,S24_2022,Mini Gifts Distributors Ltd.,4155551450,5677 Strong St.,-1.2438798922551362,0.18681318681318682
1632,1633,1633,10322,30.0,100.0,4,3500.1,11/4/2004 0:00,Shipped,4,11,2004,Vintage Cars,44,S24_2022,Online Diecast Creations Co.,6035558647,2304 Long Airport Avenue,-0.5246969796634378,0.26373626373626374
1633,1634,1634,10332,26.0,85.52,10,2223.52,11/17/2004 0:00,Shipped,4,11,2004,Vintage Cars,44,S24_2022,"AV Stores, Co.",(171) 555-1555,Fauntleroy Circus,-0.9356586440015511,0.21978021978021978
1634,1635,1635,10345,43.0,53.76,1,2311.68,11/25/2004 0:00,Shipped,4,11,2004,Vintage Cars,44,S24_2022,Atelier graphique,40.32.2555,"54, rue Royale",0.8109284294354305,0.4065934065934066
1635,1636,1636,10356,26.0,31.86,7,828.36,12/9/2004 0:00,Shipped,4,12,2004,Vintage Cars,44,S24_2022,Lyon Souveniers,+33 1 46 62 7555,27 rue du Colonel Pierre Avia,-0.9356586440015511,0.21978021978021978
1636,1637,1637,10367,28.0,30.59,12,856.52,1/12/2005 0:00,Resolved,1,1,2005,Vintage Cars,44,S24_2022,Toys4GrownUps.com,6265557265,78934 Hillside Dr.,-0.7301778118324944,0.24175824175824176
1637,1638,1638,10380,27.0,68.35,5,1845.45,2/16/2005 0:00,Shipped,1,2,2005,Vintage Cars,44,S24_2022,Euro Shopping Channel,(91) 555 94 44,"C/ Moralzarzal, 86",-0.8329182279170227,0.23076923076923078
1638,1639,1639,10391,24.0,100.0,1,4042.08,3/9/2005 0:00,Shipped,1,3,2005,Vintage Cars,44,S24_2022,"Anna's Decorations, Ltd",02 9936 8555,201 Miller Street,-1.1411394761706077,0.1978021978021978
1639,1640,1640,10421,40.0,45.7,2,1828.0,5/29/2005 0:00,In Process,2,5,2005,Vintage Cars,44,S24_2022,Mini Gifts Distributors Ltd.,4155551450,5677 Strong St.,0.5027071811818455,0.37362637362637363
1640,1641,1641,10103,36.0,100.0,1,3680.28,1/29/2003 0:00,Shipped,1,1,2003,Trucks and Buses,127,S24_2300,Baane Mini Imports,07-98 9555,Erling Skakkes gate 78,0.09174551684373221,0.32967032967032966
1641,1642,1642,10114,21.0,100.0,5,2925.09,4/1/2003 0:00,Shipped,2,4,2003,Trucks and Buses,127,S24_2300,"La Corne D'abondance, Co.",(1) 42.34.2555,"265, boulevard Charonne",-1.4493607244241928,0.16483516483516483
1642,1643,1643,10126,27.0,100.0,1,3415.77,5/28/2003 0:00,Shipped,2,5,2003,Trucks and Buses,127,S24_2300,"Corrida Auto Replicas, Ltd",(91) 555 22 82,"C/ Araquil, 67",-0.8329182279170227,0.23076923076923078
1643,1644,1644,10140,47.0,100.0,1,5105.14,7/24/2003 0:00,Shipped,3,7,2003,Trucks and Buses,127,S24_2300,Technics Stores Inc.,6505556809,9408 Furth Circle,1.2218900937735437,0.45054945054945056
1644,1645,1645,10151,42.0,100.0,8,5098.8,9/21/2003 0:00,Shipped,3,9,2003,Trucks and Buses,127,S24_2300,"Oulu Toy Supplies, Inc.",981-443655,Torikatu 38,0.7081880133509022,0.3956043956043956
1645,1646,1646,10165,32.0,100.0,17,4661.76,10/22/2003 0:00,Shipped,4,10,2003,Trucks and Buses,127,S24_2300,"Dragon Souveniers, Ltd.",+65 221 7555,"Bronz Sok., Bronz Apt. 3/6 Tesvikiye",-0.3192161474943811,0.2857142857142857
1646,1647,1647,10175,28.0,100.0,6,2969.96,11/6/2003 0:00,Shipped,4,11,2003,Trucks and Buses,127,S24_2300,"Stylish Desk Decors, Co.",(171) 555-0297,35 King George,-0.7301778118324944,0.24175824175824176
1647,1648,1648,10184,24.0,100.0,11,3496.32,11/14/2003 0:00,Shipped,4,11,2003,Trucks and Buses,127,S24_2300,"Iberia Gift Imports, Corp.",(95) 555 82 82,"C/ Romero, 33",-1.1411394761706077,0.1978021978021978
1648,1649,1649,10194,49.0,100.0,1,5760.93,11/25/2003 0:00,Shipped,4,11,2003,Trucks and Buses,127,S24_2300,"Saveley & Henriot, Co.",78.32.5555,"2, rue du Commerce",1.4273709259426004,0.4725274725274725
1649,1650,1650,10207,46.0,100.0,12,6819.04,12/9/2003 0:00,Shipped,4,12,2003,Trucks and Buses,127,S24_2300,Diecast Collectables,6175552555,6251 Ingle Ln.,1.1191496776890155,0.43956043956043955
1650,1651,1651,10217,28.0,100.0,1,3148.88,2/4/2004 0:00,Shipped,1,2,2004,Trucks and Buses,127,S24_2300,Handji Gifts& Co,+65 224 1555,Village Close - 106 Linden Road Sandown,-0.7301778118324944,0.24175824175824176
1651,1652,1652,10229,48.0,100.0,6,5704.32,3/11/2004 0:00,Shipped,1,3,2004,Trucks and Buses,127,S24_2300,Mini Gifts Distributors Ltd.,4155551450,5677 Strong St.,1.3246305098580722,0.46153846153846156
1652,1653,1653,10246,29.0,100.0,10,3520.6,5/5/2004 0:00,Shipped,2,5,2004,Trucks and Buses,127,S24_2300,Euro Shopping Channel,(91) 555 94 44,"C/ Moralzarzal, 86",-0.6274373957479661,0.25274725274725274
1653,1654,1654,10259,47.0,100.0,9,5285.62,6/15/2004 0:00,Shipped,2,6,2004,Trucks and Buses,127,S24_2300,Handji Gifts& Co,+65 224 1555,Village Close - 106 Linden Road Sandown,1.2218900937735437,0.45054945054945056
1654,1655,1655,10271,43.0,100.0,10,5605.05,7/20/2004 0:00,Shipped,3,7,2004,Trucks and Buses,127,S24_2300,Mini Gifts Distributors Ltd.,4155551450,5677 Strong St.,0.8109284294354305,0.4065934065934066
1655,1656,1656,10281,25.0,100.0,6,2779.5,8/19/2004 0:00,Shipped,3,8,2004,Trucks and Buses,127,S24_2300,Diecast Classics Inc.,2155551555,7586 Pompton St.,-1.0383990600860795,0.2087912087912088
1656,1657,1657,10291,48.0,100.0,1,5398.08,9/8/2004 0:00,Shipped,3,9,2004,Trucks and Buses,127,S24_2300,Scandinavian Gift Ideas,0695-34 6555,?kergatan 24,1.3246305098580722,0.46153846153846156
1657,1658,1658,10305,24.0,100.0,10,3189.6,10/13/2004 0:00,Shipped,4,10,2004,Trucks and Buses,127,S24_2300,Marta's Replicas Co.,6175558555,39323 Spinnaker Dr.,-1.1411394761706077,0.1978021978021978
1658,1659,1659,10313,42.0,100.0,4,5581.8,10/22/2004 0:00,Shipped,4,10,2004,Trucks and Buses,127,S24_2300,Canadian Gift Exchange Network,(604) 555-3392,1900 Oak St.,0.7081880133509022,0.3956043956043956
1659,1660,1660,10324,31.0,100.0,2,3820.44,11/5/2004 0:00,Shipped,4,11,2004,Trucks and Buses,127,S24_2300,Vitachrome Inc.,2125551500,2678 Kingston Rd.,-0.4219565635789094,0.27472527472527475
1660,1661,1661,10334,42.0,100.0,5,5528.04,11/19/2004 0:00,On Hold,4,11,2004,Trucks and Buses,127,S24_2300,"Volvo Model Replicas, Co",0921-12 3555,Berguvsvgen  8,0.7081880133509022,0.3956043956043956
1661,1662,1662,10348,37.0,100.0,1,5981.42,11/1/2004 0:00,Shipped,4,11,2004,Trucks and Buses,127,S24_2300,"Corrida Auto Replicas, Ltd",(91) 555 22 82,"C/ Araquil, 67",0.19448593292826055,0.34065934065934067
1662,1663,1663,10358,41.0,100.0,7,5684.65,12/10/2004 0:00,Shipped,4,12,2004,Trucks and Buses,127,S24_2300,Euro Shopping Channel,(91) 555 94 44,"C/ Moralzarzal, 86",0.6054475972663739,0.38461538461538464
1663,1664,1664,10371,20.0,100.0,5,3449.4,1/23/2005 0:00,Shipped,1,1,2005,Trucks and Buses,127,S24_2300,Mini Gifts Distributors Ltd.,4155551450,5677 Strong St.,-1.552101140508721,0.15384615384615385
1664,1665,1665,10382,20.0,100.0,3,2654.4,2/17/2005 0:00,Shipped,1,2,2005,Trucks and Buses,127,S24_2300,Mini Gifts Distributors Ltd.,4155551450,5677 Strong St.,-1.552101140508721,0.15384615384615385
1665,1666,1666,10412,70.0,100.0,10,8498.0,5/3/2005 0:00,Shipped,2,5,2005,Trucks and Buses,127,S24_2300,Euro Shopping Channel,(91) 555 94 44,"C/ Moralzarzal, 86",3.584919663717695,0.7032967032967034
1666,1667,1667,10425,49.0,100.0,9,5510.54,5/31/2005 0:00,In Process,2,5,2005,Trucks and Buses,127,S24_2300,La Rochelle Gifts,40.67.8555,"67, rue des Cinquante Otages",1.4273709259426004,0.4725274725274725
1667,1668,1668,10108,35.0,58.87,15,2060.45,3/3/2003 0:00,Shipped,1,3,2003,Motorcycles,69,S24_2360,Cruz & Sons Co.,+63 2 555 3587,15 McCallum Street - NatWest Center #13-03,-0.010994899240796116,0.31868131868131866
1668,1669,1669,10121,32.0,76.88,2,2460.16,5/7/2003 0:00,Shipped,2,5,2003,Motorcycles,69,S24_2360,Reims Collectables,26.47.1555,59 rue de l'Abbaye,-0.3192161474943811,0.2857142857142857
1669,1670,1670,10135,29.0,61.64,16,1787.56,7/2/2003 0:00,Shipped,3,7,2003,Motorcycles,69,S24_2360,Mini Gifts Distributors Ltd.,4155551450,5677 Strong St.,-0.6274373957479661,0.25274725274725274
1670,1671,1671,10145,27.0,60.95,3,1645.65,8/25/2003 0:00,Shipped,3,8,2003,Motorcycles,69,S24_2360,Toys4GrownUps.com,6265557265,78934 Hillside Dr.,-0.8329182279170227,0.23076923076923078
1671,1672,1672,10159,27.0,80.34,11,2169.18,10/10/2003 0:00,Shipped,4,10,2003,Motorcycles,69,S24_2360,Corporate Gift Ideas Co.,6505551386,7734 Strong St.,-0.8329182279170227,0.23076923076923078
1672,1673,1673,10169,38.0,74.11,11,2816.18,11/4/2003 0:00,Shipped,4,11,2003,Motorcycles,69,S24_2360,"Anna's Decorations, Ltd",02 9936 8555,201 Miller Street,0.2972263490127889,0.3516483516483517
1673,1674,1674,10180,35.0,72.03,6,2521.05,11/11/2003 0:00,Shipped,4,11,2003,Motorcycles,69,S24_2360,Daedalus Designs Imports,20.16.1555,"184, chausse de Tournai",-0.010994899240796116,0.31868131868131866
1674,1675,1675,10190,42.0,76.19,3,3199.98,11/19/2003 0:00,Shipped,4,11,2003,Motorcycles,69,S24_2360,Euro Shopping Channel,(91) 555 94 44,"C/ Moralzarzal, 86",0.7081880133509022,0.3956043956043956
1675,1676,1676,10211,21.0,63.72,11,1338.12,1/15/2004 0:00,Shipped,1,1,2004,Motorcycles,69,S24_2360,Auto Canal Petit,(1) 47.55.6555,"25, rue Lauriston",-1.4493607244241928,0.16483516483516483
1676,1677,1677,10224,37.0,80.34,4,2972.58,2/21/2004 0:00,Shipped,1,2,2004,Motorcycles,69,S24_2360,Daedalus Designs Imports,20.16.1555,"184, chausse de Tournai",0.19448593292826055,0.34065934065934067
1677,1678,1678,10237,26.0,79.65,4,2070.9,4/5/2004 0:00,Shipped,2,4,2004,Motorcycles,69,S24_2360,Vitachrome Inc.,2125551500,2678 Kingston Rd.,-0.9356586440015511,0.21978021978021978
1678,1679,1679,10252,47.0,65.8,8,3092.6,5/26/2004 0:00,Shipped,2,5,2004,Motorcycles,69,S24_2360,Auto Canal Petit,(1) 47.55.6555,"25, rue Lauriston",1.2218900937735437,0.45054945054945056
1679,1680,1680,10264,37.0,65.1,6,2408.7,6/30/2004 0:00,Shipped,2,6,2004,Motorcycles,69,S24_2360,Gifts4AllAges.com,6175559555,8616 Spinnaker Dr.,0.19448593292826055,0.34065934065934067
1680,1681,1681,10276,46.0,75.49,12,3472.54,8/2/2004 0:00,Shipped,3,8,2004,Motorcycles,69,S24_2360,Online Mini Collectables,6175557555,7635 Spinnaker Dr.,1.1191496776890155,0.43956043956043955
1681,1682,1682,10285,38.0,59.56,3,2263.28,8/27/2004 0:00,Shipped,3,8,2004,Motorcycles,69,S24_2360,Marta's Replicas Co.,6175558555,39323 Spinnaker Dr.,0.2972263490127889,0.3516483516483517
1682,1683,1683,10299,33.0,66.49,6,2194.17,9/30/2004 0:00,Shipped,3,9,2004,Motorcycles,69,S24_2360,"Toys of Finland, Co.",90-224 8555,Keskuskatu 45,-0.21647573140985277,0.2967032967032967
1683,1684,1684,10309,24.0,56.1,2,1346.4,10/15/2004 0:00,Shipped,4,10,2004,Motorcycles,69,S24_2360,Baane Mini Imports,07-98 9555,Erling Skakkes gate 78,-1.1411394761706077,0.1978021978021978
1684,1685,1685,10319,31.0,81.73,7,2533.63,11/3/2004 0:00,Shipped,4,11,2004,Motorcycles,69,S24_2360,Microscale Inc.,2125551957,5290 North Pendale Street,-0.4219565635789094,0.27472527472527475
1685,1686,1686,10330,42.0,81.03,1,3403.26,11/16/2004 0:00,Shipped,4,11,2004,Motorcycles,69,S24_2360,Cruz & Sons Co.,+63 2 555 3587,15 McCallum Street - NatWest Center #13-03,0.7081880133509022,0.3956043956043956
1686,1687,1687,10341,32.0,100.0,6,3307.2,11/24/2004 0:00,Shipped,4,11,2004,Motorcycles,69,S24_2360,Salzburg Collectables,6562-9555,Geislweg 14,-0.3192161474943811,0.2857142857142857
1687,1688,1688,10355,41.0,70.65,3,2896.65,12/7/2004 0:00,Shipped,4,12,2004,Motorcycles,69,S24_2360,Euro Shopping Channel,(91) 555 94 44,"C/ Moralzarzal, 86",0.6054475972663739,0.38461538461538464
1688,1689,1689,10363,43.0,61.23,14,2632.89,1/6/2005 0:00,Shipped,1,1,2005,Motorcycles,69,S24_2360,Suominen Souveniers,+358 9 8045 555,"Software Engineering Center, SEC Oy",0.8109284294354305,0.4065934065934066
1689,1690,1690,10375,20.0,100.0,14,2046.0,2/3/2005 0:00,Shipped,1,2,2005,Motorcycles,69,S24_2360,La Rochelle Gifts,40.67.8555,"67, rue des Cinquante Otages",-1.552101140508721,0.15384615384615385
1690,1691,1691,10390,35.0,65.13,4,2279.55,3/4/2005 0:00,Shipped,1,3,2005,Motorcycles,69,S24_2360,Mini Gifts Distributors Ltd.,4155551450,5677 Strong St.,-0.010994899240796116,0.31868131868131866
1691,1692,1692,10403,27.0,79.65,4,2150.55,4/8/2005 0:00,Shipped,2,4,2005,Motorcycles,69,S24_2360,"UK Collectables, Ltd.",(171) 555-2282,Berkeley Gardens 12  Brewery,-0.8329182279170227,0.23076923076923078
1692,1693,1693,10110,43.0,78.15,11,3360.45,3/18/2003 0:00,Shipped,1,3,2003,Classic Cars,90,S24_2766,"AV Stores, Co.",(171) 555-1555,Fauntleroy Circus,0.8109284294354305,0.4065934065934066
1693,1694,1694,10124,32.0,72.7,10,2326.4,5/21/2003 0:00,Shipped,2,5,2003,Classic Cars,90,S24_2766,Signal Gift Stores,7025551838,8489 Strong St.,-0.3192161474943811,0.2857142857142857
1694,1695,1695,10148,21.0,73.6,4,1545.6,9/11/2003 0:00,Shipped,3,9,2003,Classic Cars,90,S24_2766,"Anna's Decorations, Ltd",02 9936 8555,201 Miller Street,-1.4493607244241928,0.16483516483516483
1695,1696,1696,10161,20.0,100.0,3,2144.6,10/17/2003 0:00,Shipped,4,10,2003,Classic Cars,90,S24_2766,Heintze Collectables,86 21 3555,Smagsloget 45,-1.552101140508721,0.15384615384615385
1696,1697,1697,10172,22.0,74.51,1,1639.22,11/5/2003 0:00,Shipped,4,11,2003,Classic Cars,90,S24_2766,Gift Depot Inc.,2035552570,25593 South Bay Ln.,-1.3466203083396644,0.17582417582417584
1697,1698,1698,10182,36.0,73.6,14,2649.6,11/12/2003 0:00,Shipped,4,11,2003,Classic Cars,90,S24_2766,Mini Gifts Distributors Ltd.,4155551450,5677 Strong St.,0.09174551684373221,0.32967032967032966
1698,1699,1699,10192,46.0,83.6,2,3845.6,11/20/2003 0:00,Shipped,4,11,2003,Classic Cars,90,S24_2766,Online Diecast Creations Co.,6035558647,2304 Long Airport Avenue,1.1191496776890155,0.43956043956043955
1699,1700,1700,10204,47.0,96.32,8,4527.04,12/2/2003 0:00,Shipped,4,12,2003,Classic Cars,90,S24_2766,Muscle Machine Inc,2125557413,4092 Furth Circle,1.2218900937735437,0.45054945054945056
1700,1701,1701,10212,45.0,88.14,1,3966.3,1/16/2004 0:00,Shipped,1,1,2004,Classic Cars,90,S24_2766,Euro Shopping Channel,(91) 555 94 44,"C/ Moralzarzal, 86",1.016409261604487,0.42857142857142855
1701,1702,1702,10227,47.0,88.14,14,4142.58,3/2/2004 0:00,Shipped,1,3,2004,Classic Cars,90,S24_2766,"Saveley & Henriot, Co.",78.32.5555,"2, rue du Commerce",1.2218900937735437,0.45054945054945056
1702,1703,1703,10241,47.0,94.5,6,4441.5,4/13/2004 0:00,Shipped,2,4,2004,Classic Cars,90,S24_2766,Mini Caravy,88.60.1555,"24, place Kluber",1.2218900937735437,0.45054945054945056
1703,1704,1704,10267,38.0,87.24,3,3315.12,7/7/2004 0:00,Shipped,3,7,2004,Classic Cars,90,S24_2766,Muscle Machine Inc,2125557413,4092 Furth Circle,0.2972263490127889,0.3516483516483517
1704,1705,1705,10279,49.0,79.97,3,3918.53,8/9/2004 0:00,Shipped,3,8,2004,Classic Cars,90,S24_2766,Euro Shopping Channel,(91) 555 94 44,"C/ Moralzarzal, 86",1.4273709259426004,0.4725274725274725
1705,1706,1706,10288,35.0,80.87,9,2830.45,9/1/2004 0:00,Shipped,3,9,2004,Classic Cars,90,S24_2766,Handji Gifts& Co,+65 224 1555,Village Close - 106 Linden Road Sandown,-0.010994899240796116,0.31868131868131866
1706,1707,1707,10302,49.0,100.0,5,5298.86,10/6/2003 0:00,Shipped,4,10,2003,Classic Cars,90,S24_2766,"UK Collectables, Ltd.",(171) 555-2282,Berkeley Gardens 12  Brewery,1.4273709259426004,0.4725274725274725
1707,1708,1708,10311,28.0,93.6,4,2620.8,10/16/2004 0:00,Shipped,4,10,2004,Classic Cars,90,S24_2766,Euro Shopping Channel,(91) 555 94 44,"C/ Moralzarzal, 86",-0.7301778118324944,0.24175824175824176
1708,1709,1709,10321,30.0,72.7,1,2181.0,11/4/2004 0:00,Shipped,4,11,2004,Classic Cars,90,S24_2766,FunGiftIdeas.com,5085552555,1785 First Street,-0.5246969796634378,0.26373626373626374
1709,1710,1710,10332,39.0,86.72,7,3382.08,11/17/2004 0:00,Shipped,4,11,2004,Classic Cars,90,S24_2766,"AV Stores, Co.",(171) 555-1555,Fauntleroy Circus,0.3999667650973172,0.3626373626373626
1710,1711,1711,10346,25.0,100.0,1,2876.75,11/29/2004 0:00,Shipped,4,11,2004,Classic Cars,90,S24_2766,Signal Gift Stores,7025551838,8489 Strong St.,-1.0383990600860795,0.2087912087912088
1711,1712,1712,10368,40.0,100.0,2,4107.2,1/19/2005 0:00,Shipped,1,1,2005,Classic Cars,90,S24_2766,Mini Gifts Distributors Ltd.,4155551450,5677 Strong St.,0.5027071811818455,0.37362637362637363
1712,1713,1713,10380,36.0,37.5,6,1350.0,2/16/2005 0:00,Shipped,1,2,2005,Classic Cars,90,S24_2766,Euro Shopping Channel,(91) 555 94 44,"C/ Moralzarzal, 86",0.09174551684373221,0.32967032967032966
1713,1714,1714,10407,76.0,94.5,6,7182.0,4/22/2005 0:00,On Hold,2,4,2005,Classic Cars,90,S24_2766,The Sharp Gifts Warehouse,4085553659,3086 Ingle Ln.,4.201362160224866,0.7692307692307693
1714,1715,1715,10420,39.0,100.0,9,3933.93,5/29/2005 0:00,In Process,2,5,2005,Classic Cars,90,S24_2766,Souveniers And Things Co.,+61 2 9495 8555,"Monitor Money Building, 815 Pacific Hwy",0.3999667650973172,0.3626373626373626
1715,1716,1716,10104,44.0,39.6,10,1742.4,1/31/2003 0:00,Shipped,1,1,2003,Classic Cars,35,S24_2840,Euro Shopping Channel,(91) 555 94 44,"C/ Moralzarzal, 86",0.9136688455199589,0.4175824175824176
1716,1717,1717,10114,24.0,30.06,1,721.44,4/1/2003 0:00,Shipped,2,4,2003,Classic Cars,35,S24_2840,"La Corne D'abondance, Co.",(1) 42.34.2555,"265, boulevard Charonne",-1.1411394761706077,0.1978021978021978
1717,1718,1718,10127,39.0,38.19,12,1489.41,6/3/2003 0:00,Shipped,2,6,2003,Classic Cars,35,S24_2840,Muscle Machine Inc,2125557413,4092 Furth Circle,0.3999667650973172,0.3626373626373626
1718,1719,1719,10141,21.0,42.43,6,891.03,8/1/2003 0:00,Shipped,3,8,2003,Classic Cars,35,S24_2840,Suominen Souveniers,+358 9 8045 555,"Software Engineering Center, SEC Oy",-1.4493607244241928,0.16483516483516483
1719,1720,1720,10151,30.0,40.31,4,1209.3,9/21/2003 0:00,Shipped,3,9,2003,Classic Cars,35,S24_2840,"Oulu Toy Supplies, Inc.",981-443655,Torikatu 38,-0.5246969796634378,0.26373626373626374
1720,1721,1721,10165,27.0,31.82,13,859.14,10/22/2003 0:00,Shipped,4,10,2003,Classic Cars,35,S24_2840,"Dragon Souveniers, Ltd.",+65 221 7555,"Bronz Sok., Bronz Apt. 3/6 Tesvikiye",-0.8329182279170227,0.23076923076923078
1721,1722,1722,10175,37.0,31.12,2,1151.44,11/6/2003 0:00,Shipped,4,11,2003,Classic Cars,35,S24_2840,"Stylish Desk Decors, Co.",(171) 555-0297,35 King George,0.19448593292826055,0.34065934065934067
1722,1723,1723,10184,42.0,31.82,7,1336.44,11/14/2003 0:00,Shipped,4,11,2003,Classic Cars,35,S24_2840,"Iberia Gift Imports, Corp.",(95) 555 82 82,"C/ Romero, 33",0.7081880133509022,0.3956043956043956
1723,1724,1724,10195,32.0,28.29,7,905.28,11/25/2003 0:00,Shipped,4,11,2003,Classic Cars,35,S24_2840,Mini Classics,9145554562,3758 North Pendale Street,-0.3192161474943811,0.2857142857142857
1724,1725,1725,10207,42.0,29.7,8,1247.4,12/9/2003 0:00,Shipped,4,12,2003,Classic Cars,35,S24_2840,Diecast Collectables,6175552555,6251 Ingle Ln.,0.7081880133509022,0.3956043956043956
1725,1726,1726,10219,21.0,40.31,3,846.51,2/10/2004 0:00,Shipped,1,2,2004,Classic Cars,35,S24_2840,Signal Collectibles Ltd.,4155554312,2793 Furth Circle,-1.4493607244241928,0.16483516483516483
1726,1727,1727,10229,33.0,32.88,2,1085.04,3/11/2004 0:00,Shipped,1,3,2004,Classic Cars,35,S24_2840,Mini Gifts Distributors Ltd.,4155551450,5677 Strong St.,-0.21647573140985277,0.2967032967032967
1727,1728,1728,10246,49.0,36.07,6,1767.43,5/5/2004 0:00,Shipped,2,5,2004,Classic Cars,35,S24_2840,Euro Shopping Channel,(91) 555 94 44,"C/ Moralzarzal, 86",1.4273709259426004,0.4725274725274725
1728,1729,1729,10259,31.0,33.24,5,1030.44,6/15/2004 0:00,Shipped,2,6,2004,Classic Cars,35,S24_2840,Handji Gifts& Co,+65 224 1555,Village Close - 106 Linden Road Sandown,-0.4219565635789094,0.27472527472527475
1729,1730,1730,10271,38.0,41.72,6,1585.36,7/20/2004 0:00,Shipped,3,7,2004,Classic Cars,35,S24_2840,Mini Gifts Distributors Ltd.,4155551450,5677 Strong St.,0.2972263490127889,0.3516483516483517
1730,1731,1731,10281,20.0,40.66,2,813.2,8/19/2004 0:00,Shipped,3,8,2004,Classic Cars,35,S24_2840,Diecast Classics Inc.,2155551555,7586 Pompton St.,-1.552101140508721,0.15384615384615385
1731,1732,1732,10292,39.0,30.06,9,1172.34,9/8/2004 0:00,Shipped,3,9,2004,Classic Cars,35,S24_2840,Land of Toys Inc.,2125557818,897 Long Airport Avenue,0.3999667650973172,0.3626373626373626
1732,1733,1733,10305,48.0,31.47,6,1510.56,10/13/2004 0:00,Shipped,4,10,2004,Classic Cars,35,S24_2840,Marta's Replicas Co.,6175558555,39323 Spinnaker Dr.,1.3246305098580722,0.46153846153846156
1733,1734,1734,10314,39.0,37.13,15,1448.07,10/22/2004 0:00,Shipped,4,10,2004,Classic Cars,35,S24_2840,Heintze Collectables,86 21 3555,Smagsloget 45,0.3999667650973172,0.3626373626373626
1734,1735,1735,10324,30.0,100.0,9,3338.1,11/5/2004 0:00,Shipped,4,11,2004,Classic Cars,35,S24_2840,Vitachrome Inc.,2125551500,2678 Kingston Rd.,-0.5246969796634378,0.26373626373626374
1735,1736,1736,10335,33.0,37.13,2,1225.29,11/19/2004 0:00,Shipped,4,11,2004,Classic Cars,35,S24_2840,Mini Gifts Distributors Ltd.,4155551450,5677 Strong St.,-0.21647573140985277,0.2967032967032967
1736,1737,1737,10349,36.0,37.13,3,1336.68,12/1/2004 0:00,Shipped,4,12,2004,Classic Cars,35,S24_2840,Muscle Machine Inc,2125557413,4092 Furth Circle,0.09174551684373221,0.32967032967032966
1737,1738,1738,10358,36.0,82.94,4,2985.84,12/10/2004 0:00,Shipped,4,12,2004,Classic Cars,35,S24_2840,Euro Shopping Channel,(91) 555 94 44,"C/ Moralzarzal, 86",0.09174551684373221,0.32967032967032966
1738,1739,1739,10371,45.0,100.0,8,5545.8,1/23/2005 0:00,Shipped,1,1,2005,Classic Cars,35,S24_2840,Mini Gifts Distributors Ltd.,4155551450,5677 Strong St.,1.016409261604487,0.42857142857142855
1739,1740,1740,10383,40.0,100.0,3,6089.6,2/22/2005 0:00,Shipped,1,2,2005,Classic Cars,35,S24_2840,Euro Shopping Channel,(91) 555 94 44,"C/ Moralzarzal, 86",0.5027071811818455,0.37362637362637363
1740,1741,1741,10394,46.0,38.9,6,1789.4,3/15/2005 0:00,Shipped,1,3,2005,Classic Cars,35,S24_2840,Euro Shopping Channel,(91) 555 94 44,"C/ Moralzarzal, 86",1.1191496776890155,0.43956043956043955
1741,1742,1742,10412,30.0,36.07,6,1082.1,5/3/2005 0:00,Shipped,2,5,2005,Classic Cars,35,S24_2840,Euro Shopping Channel,(91) 555 94 44,"C/ Moralzarzal, 86",-0.5246969796634378,0.26373626373626374
1742,1743,1743,10425,31.0,33.24,5,1030.44,5/31/2005 0:00,In Process,2,5,2005,Classic Cars,35,S24_2840,La Rochelle Gifts,40.67.8555,"67, rue des Cinquante Otages",-0.4219565635789094,0.27472527472527475
1743,1744,1744,10106,49.0,74.68,13,3659.32,2/17/2003 0:00,Shipped,1,2,2003,Planes,68,S24_2841,Rovelli Gifts,035-640555,Via Ludovico il Moro 22,1.4273709259426004,0.4725274725274725
1744,1745,1745,10119,41.0,59.6,4,2443.6,4/28/2003 0:00,Shipped,2,4,2003,Planes,68,S24_2841,Salzburg Collectables,6562-9555,Geislweg 14,0.6054475972663739,0.38461538461538464
1745,1746,1746,10131,35.0,67.14,5,2349.9,6/16/2003 0:00,Shipped,2,6,2003,Planes,68,S24_2841,Gift Ideas Corp.,2035554407,2440 Pompton St.,-0.010994899240796116,0.31868131868131866
1746,1747,1747,10143,27.0,60.97,8,1646.19,8/10/2003 0:00,Shipped,3,8,2003,Planes,68,S24_2841,Mini Creations Ltd.,5085559555,4575 Hillside Dr.,-0.8329182279170227,0.23076923076923078
1747,1748,1748,10155,23.0,72.62,6,1670.26,10/6/2003 0:00,Shipped,4,10,2003,Planes,68,S24_2841,"Toys of Finland, Co.",90-224 8555,Keskuskatu 45,-1.2438798922551362,0.18681318681318682
1748,1749,1749,10167,21.0,69.88,2,1467.48,10/23/2003 0:00,Cancelled,4,10,2003,Planes,68,S24_2841,Scandinavian Gift Ideas,0695-34 6555,?kergatan 24,-1.4493607244241928,0.16483516483516483
1749,1750,1750,10178,34.0,80.84,5,2748.56,11/8/2003 0:00,Shipped,4,11,2003,Planes,68,S24_2841,Alpha Cognac,61.77.6555,1 rue Alsace-Lorraine,-0.11373531532532445,0.3076923076923077
1750,1751,1751,10186,22.0,69.2,2,1522.4,11/14/2003 0:00,Shipped,4,11,2003,Planes,68,S24_2841,"Double Decker Gift Stores, Ltd",(171) 555-7555,120 Hanover Sq.,-1.3466203083396644,0.17582417582417584
1751,1752,1752,10198,48.0,67.82,5,3255.36,11/27/2003 0:00,Shipped,4,11,2003,Planes,68,S24_2841,Cruz & Sons Co.,+63 2 555 3587,15 McCallum Street - NatWest Center #13-03,1.3246305098580722,0.46153846153846156
1752,1753,1753,10209,43.0,82.21,1,3535.03,1/9/2004 0:00,Shipped,1,1,2004,Planes,68,S24_2841,"Men 'R' US Retailers, Ltd.",2155554369,6047 Douglas Av.,0.8109284294354305,0.4065934065934066
1753,1754,1754,10222,32.0,81.53,5,2608.96,2/19/2004 0:00,Shipped,1,2,2004,Planes,68,S24_2841,Collectable Mini Designs Co.,7605558146,361 Furth Circle,-0.3192161474943811,0.2857142857142857
1754,1755,1755,10249,20.0,67.82,1,1356.4,5/8/2004 0:00,Shipped,2,5,2004,Planes,68,S24_2841,Cambridge Collectables Co.,6175555555,4658 Baden Av.,-1.552101140508721,0.15384615384615385
1755,1756,1756,10262,24.0,67.14,10,1611.36,6/24/2004 0:00,Cancelled,2,6,2004,Planes,68,S24_2841,Euro Shopping Channel,(91) 555 94 44,"C/ Moralzarzal, 86",-1.1411394761706077,0.1978021978021978
1756,1757,1757,10274,40.0,65.08,2,2603.2,7/21/2004 0:00,Shipped,3,7,2004,Planes,68,S24_2841,Collectables For Less Inc.,6175558555,7825 Douglas Av.,0.5027071811818455,0.37362637362637363
1757,1758,1758,10284,30.0,73.99,12,2219.7,8/21/2004 0:00,Shipped,3,8,2004,Planes,68,S24_2841,"Norway Gifts By Mail, Co.",+47 2212 1555,"Drammensveien 126 A, PB 744 Sentrum",-0.5246969796634378,0.26373626373626374
1758,1759,1759,10296,21.0,71.25,8,1496.25,9/15/2004 0:00,Shipped,3,9,2004,Planes,68,S24_2841,"Bavarian Collectables Imports, Co.",+49 89 61 08 9555,Hansastr. 15,-1.4493607244241928,0.16483516483516483
1759,1760,1760,10307,25.0,75.36,2,1884.0,10/14/2004 0:00,Shipped,4,10,2004,Planes,68,S24_2841,"Classic Gift Ideas, Inc",2155554695,782 First Street,-1.0383990600860795,0.2087912087912088
1760,1761,1761,10316,34.0,63.71,10,2166.14,11/1/2004 0:00,Shipped,4,11,2004,Planes,68,S24_2841,giftsbymail.co.uk,(198) 555-8888,Garden House Crowther Way,-0.11373531532532445,0.3076923076923077
1761,1762,1762,10328,48.0,58.92,1,2828.16,11/12/2004 0:00,Shipped,4,11,2004,Planes,68,S24_2841,Rovelli Gifts,035-640555,Via Ludovico il Moro 22,1.3246305098580722,0.46153846153846156
1762,1763,1763,10339,55.0,100.0,12,6214.45,11/23/2004 0:00,Shipped,4,11,2004,Planes,68,S24_2841,"Tokyo Collectables, Ltd",+81 3 3584 0555,2-2-8 Roppongi,2.0438134224497704,0.5384615384615384
1763,1764,1764,10351,25.0,74.68,5,1867.0,12/3/2004 0:00,Shipped,4,12,2004,Planes,68,S24_2841,"Stylish Desk Decors, Co.",(171) 555-0297,35 King George,-1.0383990600860795,0.2087912087912088
1764,1765,1765,10373,38.0,70.44,7,2676.72,1/31/2005 0:00,Shipped,1,1,2005,Planes,68,S24_2841,"Oulu Toy Supplies, Inc.",981-443655,Torikatu 38,0.2972263490127889,0.3516483516483517
1765,1766,1766,10386,39.0,55.96,1,2182.44,3/1/2005 0:00,Resolved,1,3,2005,Planes,68,S24_2841,Euro Shopping Channel,(91) 555 94 44,"C/ Moralzarzal, 86",0.3999667650973172,0.3626373626373626
1766,1767,1767,10398,28.0,57.55,3,1611.4,3/30/2005 0:00,Shipped,1,3,2005,Planes,68,S24_2841,Reims Collectables,26.47.1555,59 rue de l'Abbaye,-0.7301778118324944,0.24175824175824176
1767,1768,1768,10400,24.0,61.66,2,1479.84,4/1/2005 0:00,Shipped,2,4,2005,Planes,68,S24_2841,The Sharp Gifts Warehouse,4085553659,3086 Ingle Ln.,-1.1411394761706077,0.1978021978021978
1768,1769,1769,10415,21.0,67.82,1,1424.22,5/9/2005 0:00,Disputed,2,5,2005,Planes,68,S24_2841,"Australian Collectables, Ltd",61-9-3844-6555,7 Allen Street,-1.4493607244241928,0.16483516483516483
1769,1770,1770,10110,46.0,100.0,10,5942.28,3/18/2003 0:00,Shipped,1,3,2003,Classic Cars,117,S24_2887,"AV Stores, Co.",(171) 555-1555,Fauntleroy Circus,1.1191496776890155,0.43956043956043955
1770,1771,1771,10124,25.0,93.95,9,2348.75,5/21/2003 0:00,Shipped,2,5,2003,Classic Cars,117,S24_2887,Signal Gift Stores,7025551838,8489 Strong St.,-1.0383990600860795,0.2087912087912088
1771,1772,1772,10148,34.0,100.0,3,4392.12,9/11/2003 0:00,Shipped,3,9,2003,Classic Cars,117,S24_2887,"Anna's Decorations, Ltd",02 9936 8555,201 Miller Street,-0.11373531532532445,0.3076923076923077
1772,1773,1773,10161,25.0,100.0,2,2759.75,10/17/2003 0:00,Shipped,4,10,2003,Classic Cars,117,S24_2887,Heintze Collectables,86 21 3555,Smagsloget 45,-1.0383990600860795,0.2087912087912088
1773,1774,1774,10173,23.0,100.0,16,2728.03,11/5/2003 0:00,Shipped,4,11,2003,Classic Cars,117,S24_2887,Rovelli Gifts,035-640555,Via Ludovico il Moro 22,-1.2438798922551362,0.18681318681318682
1774,1775,1775,10182,20.0,100.0,13,2395.8,11/12/2003 0:00,Shipped,4,11,2003,Classic Cars,117,S24_2887,Mini Gifts Distributors Ltd.,4155551450,5677 Strong St.,-1.552101140508721,0.15384615384615385
1775,1776,1776,10192,23.0,100.0,1,3052.33,11/20/2003 0:00,Shipped,4,11,2003,Classic Cars,117,S24_2887,Online Diecast Creations Co.,6035558647,2304 Long Airport Avenue,-1.2438798922551362,0.18681318681318682
1776,1777,1777,10204,42.0,100.0,7,4242.0,12/2/2003 0:00,Shipped,4,12,2003,Classic Cars,117,S24_2887,Muscle Machine Inc,2125557413,4092 Furth Circle,0.7081880133509022,0.3956043956043956
1777,1778,1778,10213,27.0,100.0,3,2790.45,1/22/2004 0:00,Shipped,1,1,2004,Classic Cars,117,S24_2887,"Double Decker Gift Stores, Ltd",(171) 555-7555,120 Hanover Sq.,-0.8329182279170227,0.23076923076923078
1778,1779,1779,10227,33.0,100.0,13,4340.49,3/2/2004 0:00,Shipped,1,3,2004,Classic Cars,117,S24_2887,"Saveley & Henriot, Co.",78.32.5555,"2, rue du Commerce",-0.21647573140985277,0.2967032967032967
1779,1780,1780,10241,28.0,98.65,5,2762.2,4/13/2004 0:00,Shipped,2,4,2004,Classic Cars,117,S24_2887,Mini Caravy,88.60.1555,"24, place Kluber",-0.7301778118324944,0.24175824175824176
1780,1781,1781,10267,43.0,100.0,2,4645.72,7/7/2004 0:00,Shipped,3,7,2004,Classic Cars,117,S24_2887,Muscle Machine Inc,2125557413,4092 Furth Circle,0.8109284294354305,0.4065934065934066
1781,1782,1782,10279,48.0,100.0,2,5580.96,8/9/2004 0:00,Shipped,3,8,2004,Classic Cars,117,S24_2887,Euro Shopping Channel,(91) 555 94 44,"C/ Moralzarzal, 86",1.3246305098580722,0.46153846153846156
1782,1783,1783,10288,48.0,100.0,8,6539.04,9/1/2004 0:00,Shipped,3,9,2004,Classic Cars,117,S24_2887,Handji Gifts& Co,+65 224 1555,Village Close - 106 Linden Road Sandown,1.3246305098580722,0.46153846153846156
1783,1784,1784,10302,45.0,100.0,4,5548.95,10/6/2003 0:00,Shipped,4,10,2003,Classic Cars,117,S24_2887,"UK Collectables, Ltd.",(171) 555-2282,Berkeley Gardens 12  Brewery,1.016409261604487,0.42857142857142855
1784,1785,1785,10311,43.0,100.0,3,4595.41,10/16/2004 0:00,Shipped,4,10,2004,Classic Cars,117,S24_2887,Euro Shopping Channel,(91) 555 94 44,"C/ Moralzarzal, 86",0.8109284294354305,0.4065934065934066
1785,1786,1786,10332,44.0,42.26,11,1859.44,11/17/2004 0:00,Shipped,4,11,2004,Classic Cars,117,S24_2887,"AV Stores, Co.",(171) 555-1555,Fauntleroy Circus,0.9136688455199589,0.4175824175824176
1786,1787,1787,10346,24.0,87.24,5,2093.76,11/29/2004 0:00,Shipped,4,11,2004,Classic Cars,117,S24_2887,Signal Gift Stores,7025551838,8489 Strong St.,-1.1411394761706077,0.1978021978021978
1787,1788,1788,10368,31.0,100.0,5,4223.13,1/19/2005 0:00,Shipped,1,1,2005,Classic Cars,117,S24_2887,Mini Gifts Distributors Ltd.,4155551450,5677 Strong St.,-0.4219565635789094,0.27472527472527475
1788,1789,1789,10380,44.0,36.29,7,1596.76,2/16/2005 0:00,Shipped,1,2,2005,Classic Cars,117,S24_2887,Euro Shopping Channel,(91) 555 94 44,"C/ Moralzarzal, 86",0.9136688455199589,0.4175824175824176
1789,1790,1790,10407,59.0,98.65,5,5820.35,4/22/2005 0:00,On Hold,2,4,2005,Classic Cars,117,S24_2887,The Sharp Gifts Warehouse,4085553659,3086 Ingle Ln.,2.4547750867878837,0.5824175824175825
1790,1791,1791,10420,55.0,96.3,8,5296.5,5/29/2005 0:00,In Process,2,5,2005,Classic Cars,117,S24_2887,Souveniers And Things Co.,+61 2 9495 8555,"Monitor Money Building, 815 Pacific Hwy",2.0438134224497704,0.5384615384615384
1791,1792,1792,10109,29.0,32.1,6,930.9,3/10/2003 0:00,Shipped,1,3,2003,Classic Cars,37,S24_2972,Motor Mint Distributors Inc.,2155559857,11328 Douglas Av.,-0.6274373957479661,0.25274725274725274
1792,1793,1793,10122,39.0,30.96,4,1207.44,5/8/2003 0:00,Shipped,2,5,2003,Classic Cars,37,S24_2972,Marseille Mini Autos,91.24.4555,"12, rue des Bouchers",0.3999667650973172,0.3626373626373626
1793,1794,1794,10135,20.0,35.87,1,717.4,7/2/2003 0:00,Shipped,3,7,2003,Classic Cars,37,S24_2972,Mini Gifts Distributors Ltd.,4155551450,5677 Strong St.,-1.552101140508721,0.15384615384615385
1794,1795,1795,10147,25.0,42.67,1,1066.75,9/5/2003 0:00,Shipped,3,9,2003,Classic Cars,37,S24_2972,Collectables For Less Inc.,6175558555,7825 Douglas Av.,-1.0383990600860795,0.2087912087912088
1795,1796,1796,10160,42.0,37.0,2,1554.0,10/11/2003 0:00,Shipped,4,10,2003,Classic Cars,37,S24_2972,"Men 'R' US Retailers, Ltd.",2155554369,6047 Douglas Av.,0.7081880133509022,0.3956043956043956
1796,1797,1797,10171,36.0,35.49,4,1277.64,11/5/2003 0:00,Shipped,4,11,2003,Classic Cars,37,S24_2972,Quebec Home Shopping Network,(514) 555-8054,43 rue St. Laurent,0.09174551684373221,0.32967032967032966
1797,1798,1798,10181,37.0,42.67,8,1578.79,11/12/2003 0:00,Shipped,4,11,2003,Classic Cars,37,S24_2972,Herkku Gifts,+47 2267 3215,"Drammen 121, PR 744 Sentrum",0.19448593292826055,0.34065934065934067
1798,1799,1799,10192,30.0,30.59,13,917.7,11/20/2003 0:00,Shipped,4,11,2003,Classic Cars,37,S24_2972,Online Diecast Creations Co.,6035558647,2304 Long Airport Avenue,-0.5246969796634378,0.26373626373626374
1799,1800,1800,10203,21.0,37.0,2,777.0,12/2/2003 0:00,Shipped,4,12,2003,Classic Cars,37,S24_2972,Euro Shopping Channel,(91) 555 94 44,"C/ Moralzarzal, 86",-1.4493607244241928,0.16483516483516483
1800,1801,1801,10212,34.0,43.42,12,1476.28,1/16/2004 0:00,Shipped,1,1,2004,Classic Cars,37,S24_2972,Euro Shopping Channel,(91) 555 94 44,"C/ Moralzarzal, 86",-0.11373531532532445,0.3076923076923077
1801,1802,1802,10225,42.0,36.63,3,1538.46,2/22/2004 0:00,Shipped,1,2,2004,Classic Cars,37,S24_2972,"Vida Sport, Ltd",0897-034555,Grenzacherweg 237,0.7081880133509022,0.3956043956043956
1802,1803,1803,10239,20.0,44.56,2,891.2,4/12/2004 0:00,Shipped,2,4,2004,Classic Cars,37,S24_2972,"Oulu Toy Supplies, Inc.",981-443655,Torikatu 38,-1.552101140508721,0.15384615384615385
1803,1804,1804,10253,40.0,42.67,7,1706.8,6/1/2004 0:00,Cancelled,2,6,2004,Classic Cars,37,S24_2972,"UK Collectables, Ltd.",(171) 555-2282,Berkeley Gardens 12  Brewery,0.5027071811818455,0.37362637362637363
1804,1805,1805,10266,34.0,40.4,8,1373.6,7/6/2004 0:00,Shipped,3,7,2004,Classic Cars,37,S24_2972,L'ordine Souveniers,0522-556555,Strada Provinciale 124,-0.11373531532532445,0.3076923076923077
1805,1806,1806,10278,31.0,38.89,8,1205.59,8/6/2004 0:00,Shipped,3,8,2004,Classic Cars,37,S24_2972,Signal Gift Stores,7025551838,8489 Strong St.,-0.4219565635789094,0.27472527472527475
1806,1807,1807,10287,36.0,39.65,6,1427.4,8/30/2004 0:00,Shipped,3,8,2004,Classic Cars,37,S24_2972,"Vida Sport, Ltd",0897-034555,Grenzacherweg 237,0.09174551684373221,0.32967032967032966
1807,1808,1808,10301,48.0,34.36,10,1649.28,10/5/2003 0:00,Shipped,4,10,2003,Classic Cars,37,S24_2972,"Norway Gifts By Mail, Co.",+47 2212 1555,"Drammensveien 126 A, PB 744 Sentrum",1.3246305098580722,0.46153846153846156
1808,1809,1809,10310,33.0,41.91,4,1383.03,10/16/2004 0:00,Shipped,4,10,2004,Classic Cars,37,S24_2972,"Toms Spezialitten, Ltd",0221-5554327,Mehrheimerstr. 369,-0.21647573140985277,0.2967032967032967
1809,1810,1810,10321,37.0,33.23,12,1229.51,11/4/2004 0:00,Shipped,4,11,2004,Classic Cars,37,S24_2972,FunGiftIdeas.com,5085552555,1785 First Street,0.19448593292826055,0.34065934065934067
1810,1811,1811,10331,27.0,42.24,13,1140.48,11/17/2004 0:00,Shipped,4,11,2004,Classic Cars,37,S24_2972,Motor Mint Distributors Inc.,2155559857,11328 Douglas Av.,-0.8329182279170227,0.23076923076923078
1811,1812,1812,10342,39.0,40.4,9,1575.6,11/24/2004 0:00,Shipped,4,11,2004,Classic Cars,37,S24_2972,"Australian Collectors, Co.",03 9520 4555,636 St Kilda Road,0.3999667650973172,0.3626373626373626
1812,1813,1813,10355,36.0,38.52,4,1386.72,12/7/2004 0:00,Shipped,4,12,2004,Classic Cars,37,S24_2972,Euro Shopping Channel,(91) 555 94 44,"C/ Moralzarzal, 86",0.09174551684373221,0.32967032967032966
1813,1814,1814,10367,36.0,100.0,2,5018.4,1/12/2005 0:00,Resolved,1,1,2005,Classic Cars,37,S24_2972,Toys4GrownUps.com,6265557265,78934 Hillside Dr.,0.09174551684373221,0.32967032967032966
1814,1815,1815,10378,41.0,100.0,7,5856.85,2/10/2005 0:00,Shipped,1,2,2005,Classic Cars,37,S24_2972,Euro Shopping Channel,(91) 555 94 44,"C/ Moralzarzal, 86",0.6054475972663739,0.38461538461538464
1815,1816,1816,10390,37.0,100.0,5,4894.73,3/4/2005 0:00,Shipped,1,3,2005,Classic Cars,37,S24_2972,Mini Gifts Distributors Ltd.,4155551450,5677 Strong St.,0.19448593292826055,0.34065934065934067
1816,1817,1817,10405,47.0,44.56,2,2094.32,4/14/2005 0:00,Shipped,2,4,2005,Classic Cars,37,S24_2972,Mini Caravy,88.60.1555,"24, place Kluber",1.2218900937735437,0.45054945054945056
1817,1818,1818,10419,15.0,42.67,7,640.05,5/17/2005 0:00,Shipped,2,5,2005,Classic Cars,37,S24_2972,Salzburg Collectables,6562-9555,Geislweg 14,-2.065803220931363,0.0989010989010989
1818,1819,1819,10105,44.0,72.58,4,3193.52,2/11/2003 0:00,Shipped,1,2,2003,Vintage Cars,88,S24_3151,Danish Wholesale Imports,31 12 3555,Vinb'ltet 34,0.9136688455199589,0.4175824175824176
1819,1820,1820,10119,35.0,87.62,13,3066.7,4/28/2003 0:00,Shipped,2,4,2003,Vintage Cars,88,S24_3151,Salzburg Collectables,6562-9555,Geislweg 14,-0.010994899240796116,0.31868131868131866
1820,1821,1821,10129,41.0,94.71,4,3883.11,6/12/2003 0:00,Shipped,2,6,2003,Vintage Cars,88,S24_3151,"Stylish Desk Decors, Co.",(171) 555-0297,35 King George,0.6054475972663739,0.38461538461538464
1821,1822,1822,10142,49.0,98.25,1,4814.25,8/8/2003 0:00,Shipped,3,8,2003,Vintage Cars,88,S24_3151,Mini Gifts Distributors Ltd.,4155551450,5677 Strong St.,1.4273709259426004,0.4725274725274725
1822,1823,1823,10154,31.0,91.17,2,2826.27,10/2/2003 0:00,Shipped,4,10,2003,Vintage Cars,88,S24_3151,Boards & Toys Co.,3105552373,4097 Douglas Av.,-0.4219565635789094,0.27472527472527475
1823,1824,1824,10167,20.0,79.66,11,1593.2,10/23/2003 0:00,Cancelled,4,10,2003,Vintage Cars,88,S24_3151,Scandinavian Gift Ideas,0695-34 6555,?kergatan 24,-1.552101140508721,0.15384615384615385
1824,1825,1825,10177,45.0,72.58,2,3266.1,11/7/2003 0:00,Shipped,4,11,2003,Vintage Cars,88,S24_3151,CAF Imports,+34 913 728 555,"Merchants House, 27-30 Merchant's Quay",1.016409261604487,0.42857142857142855
1825,1826,1826,10185,33.0,74.35,2,2453.55,11/14/2003 0:00,Shipped,4,11,2003,Vintage Cars,88,S24_3151,Mini Creations Ltd.,5085559555,4575 Hillside Dr.,-0.21647573140985277,0.2967032967032967
1826,1827,1827,10197,47.0,83.2,8,3910.4,11/26/2003 0:00,Shipped,4,11,2003,Vintage Cars,88,S24_3151,Enaco Distributors,(93) 203 4555,"Rambla de Catalu¤a, 23",1.2218900937735437,0.45054945054945056
1827,1828,1828,10208,20.0,89.4,2,1788.0,1/2/2004 0:00,Shipped,1,1,2004,Vintage Cars,88,S24_3151,"Saveley & Henriot, Co.",78.32.5555,"2, rue du Commerce",-1.552101140508721,0.15384615384615385
1828,1829,1829,10222,47.0,70.81,14,3328.07,2/19/2004 0:00,Shipped,1,2,2004,Vintage Cars,88,S24_3151,Collectable Mini Designs Co.,7605558146,361 Furth Circle,1.2218900937735437,0.45054945054945056
1829,1830,1830,10233,40.0,94.71,2,3788.4,3/29/2004 0:00,Shipped,1,3,2004,Vintage Cars,88,S24_3151,Tekni Collectables Inc.,2015559350,7476 Moss Rd.,0.5027071811818455,0.37362637362637363
1830,1831,1831,10248,30.0,100.0,5,3053.7,5/7/2004 0:00,Cancelled,2,5,2004,Vintage Cars,88,S24_3151,Land of Toys Inc.,2125557818,897 Long Airport Avenue,-0.5246969796634378,0.26373626373626374
1831,1832,1832,10261,22.0,91.17,3,2005.74,6/17/2004 0:00,Shipped,2,6,2004,Vintage Cars,88,S24_3151,Quebec Home Shopping Network,(514) 555-8054,43 rue St. Laurent,-1.3466203083396644,0.17582417582417584
1832,1833,1833,10273,27.0,100.0,6,2796.12,7/21/2004 0:00,Shipped,3,7,2004,Vintage Cars,88,S24_3151,Petit Auto,(02) 5554 67,Rue Joseph-Bens 532,-0.8329182279170227,0.23076923076923078
1833,1834,1834,10283,34.0,92.94,8,3159.96,8/20/2004 0:00,Shipped,3,8,2004,Vintage Cars,88,S24_3151,"Royal Canadian Collectables, Ltd.",(604) 555-4555,23 Tsawassen Blvd.,-0.11373531532532445,0.3076923076923077
1834,1835,1835,10295,46.0,84.97,3,3908.62,9/10/2004 0:00,Shipped,3,9,2004,Vintage Cars,88,S24_3151,Gifts4AllAges.com,6175559555,8616 Spinnaker Dr.,1.1191496776890155,0.43956043956043955
1835,1836,1836,10306,31.0,84.08,2,2606.48,10/14/2004 0:00,Shipped,4,10,2004,Vintage Cars,88,S24_3151,"AV Stores, Co.",(171) 555-1555,Fauntleroy Circus,-0.4219565635789094,0.27472527472527475
1836,1837,1837,10315,24.0,86.74,1,2081.76,10/29/2004 0:00,Shipped,4,10,2004,Vintage Cars,88,S24_3151,La Rochelle Gifts,40.67.8555,"67, rue des Cinquante Otages",-1.1411394761706077,0.1978021978021978
1837,1838,1838,10326,41.0,85.85,3,3519.85,11/9/2004 0:00,Shipped,4,11,2004,Vintage Cars,88,S24_3151,"Volvo Model Replicas, Co",0921-12 3555,Berguvsvgen  8,0.6054475972663739,0.38461538461538464
1838,1839,1839,10339,55.0,100.0,13,10758.0,11/23/2004 0:00,Shipped,4,11,2004,Vintage Cars,88,S24_3151,"Tokyo Collectables, Ltd",+81 3 3584 0555,2-2-8 Roppongi,2.0438134224497704,0.5384615384615384
1839,1840,1840,10350,30.0,100.0,9,3021.0,12/2/2004 0:00,Shipped,4,12,2004,Vintage Cars,88,S24_3151,Euro Shopping Channel,(91) 555 94 44,"C/ Moralzarzal, 86",-0.5246969796634378,0.26373626373626374
1840,1841,1841,10373,33.0,57.32,12,1891.56,1/31/2005 0:00,Shipped,1,1,2005,Vintage Cars,88,S24_3151,"Oulu Toy Supplies, Inc.",981-443655,Torikatu 38,-0.21647573140985277,0.2967032967032967
1841,1842,1842,10384,43.0,97.87,2,4208.41,2/23/2005 0:00,Shipped,1,2,2005,Vintage Cars,88,S24_3151,Corporate Gift Ideas Co.,6505551386,7734 Strong St.,0.8109284294354305,0.4065934065934066
1842,1843,1843,10396,27.0,83.2,7,2246.4,3/23/2005 0:00,Shipped,1,3,2005,Vintage Cars,88,S24_3151,Mini Gifts Distributors Ltd.,4155551450,5677 Strong St.,-0.8329182279170227,0.23076923076923078
1843,1844,1844,10414,60.0,100.0,5,6107.4,5/6/2005 0:00,On Hold,2,5,2005,Vintage Cars,88,S24_3151,Gifts4AllAges.com,6175559555,8616 Spinnaker Dr.,2.557515502872412,0.5934065934065934
1844,1845,1845,10110,27.0,73.62,12,1987.74,3/18/2003 0:00,Shipped,1,3,2003,Classic Cars,85,S24_3191,"AV Stores, Co.",(171) 555-1555,Fauntleroy Circus,-0.8329182279170227,0.23076923076923078
1845,1846,1846,10124,49.0,83.04,11,4068.96,5/21/2003 0:00,Shipped,2,5,2003,Classic Cars,85,S24_3191,Signal Gift Stores,7025551838,8489 Strong St.,1.4273709259426004,0.4725274725274725
1846,1847,1847,10148,31.0,73.62,5,2282.22,9/11/2003 0:00,Shipped,3,9,2003,Classic Cars,85,S24_3191,"Anna's Decorations, Ltd",02 9936 8555,201 Miller Street,-0.4219565635789094,0.27472527472527475
1847,1848,1848,10161,20.0,77.05,4,1541.0,10/17/2003 0:00,Shipped,4,10,2003,Classic Cars,85,S24_3191,Heintze Collectables,86 21 3555,Smagsloget 45,-1.552101140508721,0.15384615384615385
1848,1849,1849,10172,24.0,81.33,2,1951.92,11/5/2003 0:00,Shipped,4,11,2003,Classic Cars,85,S24_3191,Gift Depot Inc.,2035552570,25593 South Bay Ln.,-1.1411394761706077,0.1978021978021978
1849,1850,1850,10182,33.0,94.17,15,3107.61,11/12/2003 0:00,Shipped,4,11,2003,Classic Cars,85,S24_3191,Mini Gifts Distributors Ltd.,4155551450,5677 Strong St.,-0.21647573140985277,0.2967032967032967
1850,1851,1851,10192,32.0,72.77,3,2328.64,11/20/2003 0:00,Shipped,4,11,2003,Classic Cars,85,S24_3191,Online Diecast Creations Co.,6035558647,2304 Long Airport Avenue,-0.3192161474943811,0.2857142857142857
1851,1852,1852,10204,40.0,79.62,9,3184.8,12/2/2003 0:00,Shipped,4,12,2003,Classic Cars,85,S24_3191,Muscle Machine Inc,2125557413,4092 Furth Circle,0.5027071811818455,0.37362637362637363
1852,1853,1853,10212,27.0,79.62,2,2149.74,1/16/2004 0:00,Shipped,1,1,2004,Classic Cars,85,S24_3191,Euro Shopping Channel,(91) 555 94 44,"C/ Moralzarzal, 86",-0.8329182279170227,0.23076923076923078
1853,1854,1854,10227,40.0,79.62,15,3184.8,3/2/2004 0:00,Shipped,1,3,2004,Classic Cars,85,S24_3191,"Saveley & Henriot, Co.",78.32.5555,"2, rue du Commerce",0.5027071811818455,0.37362637362637363
1854,1855,1855,10241,26.0,81.33,7,2114.58,4/13/2004 0:00,Shipped,2,4,2004,Classic Cars,85,S24_3191,Mini Caravy,88.60.1555,"24, place Kluber",-0.9356586440015511,0.21978021978021978
1855,1856,1856,10267,44.0,96.74,4,4256.56,7/7/2004 0:00,Shipped,3,7,2004,Classic Cars,85,S24_3191,Muscle Machine Inc,2125557413,4092 Furth Circle,0.9136688455199589,0.4175824175824176
1856,1857,1857,10279,33.0,71.06,4,2344.98,8/9/2004 0:00,Shipped,3,8,2004,Classic Cars,85,S24_3191,Euro Shopping Channel,(91) 555 94 44,"C/ Moralzarzal, 86",-0.21647573140985277,0.2967032967032967
1857,1858,1858,10288,34.0,68.49,10,2328.66,9/1/2004 0:00,Shipped,3,9,2004,Classic Cars,85,S24_3191,Handji Gifts& Co,+65 224 1555,Village Close - 106 Linden Road Sandown,-0.11373531532532445,0.3076923076923077
1858,1859,1859,10302,48.0,74.48,6,3575.04,10/6/2003 0:00,Shipped,4,10,2003,Classic Cars,85,S24_3191,"UK Collectables, Ltd.",(171) 555-2282,Berkeley Gardens 12  Brewery,1.3246305098580722,0.46153846153846156
1859,1860,1860,10311,25.0,83.04,5,2076.0,10/16/2004 0:00,Shipped,4,10,2004,Classic Cars,85,S24_3191,Euro Shopping Channel,(91) 555 94 44,"C/ Moralzarzal, 86",-1.0383990600860795,0.2087912087912088
1860,1861,1861,10321,39.0,84.75,2,3305.25,11/4/2004 0:00,Shipped,4,11,2004,Classic Cars,85,S24_3191,FunGiftIdeas.com,5085552555,1785 First Street,0.3999667650973172,0.3626373626373626
1861,1862,1862,10332,45.0,34.19,12,1538.55,11/17/2004 0:00,Shipped,4,11,2004,Classic Cars,85,S24_3191,"AV Stores, Co.",(171) 555-1555,Fauntleroy Circus,1.016409261604487,0.42857142857142855
1862,1863,1863,10346,24.0,100.0,2,3325.92,11/29/2004 0:00,Shipped,4,11,2004,Classic Cars,85,S24_3191,Signal Gift Stores,7025551838,8489 Strong St.,-1.1411394761706077,0.1978021978021978
1863,1864,1864,10368,46.0,79.62,1,3662.52,1/19/2005 0:00,Shipped,1,1,2005,Classic Cars,85,S24_3191,Mini Gifts Distributors Ltd.,4155551450,5677 Strong St.,1.1191496776890155,0.43956043956043955
1864,1865,1865,10380,44.0,79.06,9,3478.64,2/16/2005 0:00,Shipped,1,2,2005,Classic Cars,85,S24_3191,Euro Shopping Channel,(91) 555 94 44,"C/ Moralzarzal, 86",0.9136688455199589,0.4175824175824176
1865,1866,1866,10407,13.0,81.33,7,1057.29,4/22/2005 0:00,On Hold,2,4,2005,Classic Cars,85,S24_3191,The Sharp Gifts Warehouse,4085553659,3086 Ingle Ln.,-2.2712840531004193,0.07692307692307693
1866,1867,1867,10420,35.0,96.74,10,3385.9,5/29/2005 0:00,In Process,2,5,2005,Classic Cars,85,S24_3191,Souveniers And Things Co.,+61 2 9495 8555,"Monitor Money Building, 815 Pacific Hwy",-0.010994899240796116,0.31868131868131866
1867,1868,1868,10108,30.0,63.07,5,1892.1,3/3/2003 0:00,Shipped,1,3,2003,Classic Cars,61,S24_3371,Cruz & Sons Co.,+63 2 555 3587,15 McCallum Street - NatWest Center #13-03,-0.5246969796634378,0.26373626373626374
1868,1869,1869,10122,34.0,50.21,9,1707.14,5/8/2003 0:00,Shipped,2,5,2003,Classic Cars,61,S24_3371,Marseille Mini Autos,91.24.4555,"12, rue des Bouchers",-0.11373531532532445,0.3076923076923077
1869,1870,1870,10135,27.0,66.13,6,1785.51,7/2/2003 0:00,Shipped,3,7,2003,Classic Cars,61,S24_3371,Mini Gifts Distributors Ltd.,4155551450,5677 Strong St.,-0.8329182279170227,0.23076923076923078
1870,1871,1871,10147,30.0,68.58,6,2057.4,9/5/2003 0:00,Shipped,3,9,2003,Classic Cars,61,S24_3371,Collectables For Less Inc.,6175558555,7825 Douglas Av.,-0.5246969796634378,0.26373626373626374
1871,1872,1872,10159,50.0,69.8,1,3490.0,10/10/2003 0:00,Shipped,4,10,2003,Classic Cars,61,S24_3371,Corporate Gift Ideas Co.,6505551386,7734 Strong St.,1.5301113420271288,0.4835164835164835
1872,1873,1873,10169,34.0,50.21,1,1707.14,11/4/2003 0:00,Shipped,4,11,2003,Classic Cars,61,S24_3371,"Anna's Decorations, Ltd",02 9936 8555,201 Miller Street,-0.11373531532532445,0.3076923076923077
1873,1874,1874,10181,23.0,65.52,13,1506.96,11/12/2003 0:00,Shipped,4,11,2003,Classic Cars,61,S24_3371,Herkku Gifts,+47 2267 3215,"Drammen 121, PR 744 Sentrum",-1.2438798922551362,0.18681318681318682
1874,1875,1875,10191,48.0,60.01,2,2880.48,11/20/2003 0:00,Shipped,4,11,2003,Classic Cars,61,S24_3371,"Toms Spezialitten, Ltd",0221-5554327,Mehrheimerstr. 369,1.3246305098580722,0.46153846153846156
1875,1876,1876,10203,34.0,64.9,7,2206.6,12/2/2003 0:00,Shipped,4,12,2003,Classic Cars,61,S24_3371,Euro Shopping Channel,(91) 555 94 44,"C/ Moralzarzal, 86",-0.11373531532532445,0.3076923076923077
1876,1877,1877,10211,48.0,48.98,1,2351.04,1/15/2004 0:00,Shipped,1,1,2004,Classic Cars,61,S24_3371,Auto Canal Petit,(1) 47.55.6555,"25, rue Lauriston",1.3246305098580722,0.46153846153846156
1877,1878,1878,10225,24.0,50.21,8,1205.04,2/22/2004 0:00,Shipped,1,2,2004,Classic Cars,61,S24_3371,"Vida Sport, Ltd",0897-034555,Grenzacherweg 237,-1.1411394761706077,0.1978021978021978
1878,1879,1879,10238,47.0,62.45,2,2935.15,4/9/2004 0:00,Shipped,2,4,2004,Classic Cars,61,S24_3371,Danish Wholesale Imports,31 12 3555,Vinb'ltet 34,1.2218900937735437,0.45054945054945056
1879,1880,1880,10253,24.0,52.66,12,1263.84,6/1/2004 0:00,Cancelled,2,6,2004,Classic Cars,61,S24_3371,"UK Collectables, Ltd.",(171) 555-2282,Berkeley Gardens 12  Brewery,-1.1411394761706077,0.1978021978021978
1880,1881,1881,10266,47.0,62.45,13,2935.15,7/6/2004 0:00,Shipped,3,7,2004,Classic Cars,61,S24_3371,L'ordine Souveniers,0522-556555,Strada Provinciale 124,1.2218900937735437,0.45054945054945056
1881,1882,1882,10276,20.0,61.23,2,1224.6,8/2/2004 0:00,Shipped,3,8,2004,Classic Cars,61,S24_3371,Online Mini Collectables,6175557555,7635 Spinnaker Dr.,-1.552101140508721,0.15384615384615385
1882,1883,1883,10287,20.0,67.97,11,1359.4,8/30/2004 0:00,Shipped,3,8,2004,Classic Cars,61,S24_3371,"Vida Sport, Ltd",0897-034555,Grenzacherweg 237,-1.552101140508721,0.15384615384615385
1883,1884,1884,10300,31.0,58.78,4,1822.18,10/4/2003 0:00,Shipped,4,10,2003,Classic Cars,61,S24_3371,"Blauer See Auto, Co.",+49 69 66 90 2555,Lyonerstr. 34,-0.4219565635789094,0.27472527472527475
1884,1885,1885,10310,38.0,56.94,9,2163.72,10/16/2004 0:00,Shipped,4,10,2004,Classic Cars,61,S24_3371,"Toms Spezialitten, Ltd",0221-5554327,Mehrheimerstr. 369,0.2972263490127889,0.3516483516483517
1885,1886,1886,10320,26.0,61.23,2,1591.98,11/3/2004 0:00,Shipped,4,11,2004,Classic Cars,61,S24_3371,"Volvo Model Replicas, Co",0921-12 3555,Berguvsvgen  8,-0.9356586440015511,0.21978021978021978
1886,1887,1887,10331,25.0,100.0,9,3078.5,11/17/2004 0:00,Shipped,4,11,2004,Classic Cars,61,S24_3371,Motor Mint Distributors Inc.,2155559857,11328 Douglas Av.,-1.0383990600860795,0.2087912087912088
1887,1888,1888,10342,48.0,62.45,10,2997.6,11/24/2004 0:00,Shipped,4,11,2004,Classic Cars,61,S24_3371,"Australian Collectors, Co.",03 9520 4555,636 St Kilda Road,1.3246305098580722,0.46153846153846156
1888,1889,1889,10355,44.0,62.45,6,2747.8,12/7/2004 0:00,Shipped,4,12,2004,Classic Cars,61,S24_3371,Euro Shopping Channel,(91) 555 94 44,"C/ Moralzarzal, 86",0.9136688455199589,0.4175824175824176
1889,1890,1890,10363,21.0,100.0,15,2447.76,1/6/2005 0:00,Shipped,1,1,2005,Classic Cars,61,S24_3371,Suominen Souveniers,+358 9 8045 555,"Software Engineering Center, SEC Oy",-1.4493607244241928,0.16483516483516483
1890,1891,1891,10378,46.0,41.54,6,1910.84,2/10/2005 0:00,Shipped,1,2,2005,Classic Cars,61,S24_3371,Euro Shopping Channel,(91) 555 94 44,"C/ Moralzarzal, 86",1.1191496776890155,0.43956043956043955
1891,1892,1892,10390,46.0,52.84,6,2430.64,3/4/2005 0:00,Shipped,1,3,2005,Classic Cars,61,S24_3371,Mini Gifts Distributors Ltd.,4155551450,5677 Strong St.,1.1191496776890155,0.43956043956043955
1892,1893,1893,10419,55.0,52.66,12,2896.3,5/17/2005 0:00,Shipped,2,5,2005,Classic Cars,61,S24_3371,Salzburg Collectables,6562-9555,Geislweg 14,2.0438134224497704,0.5384615384615384
1893,1894,1894,10106,31.0,52.6,14,1630.6,2/17/2003 0:00,Shipped,1,2,2003,Vintage Cars,65,S24_3420,Rovelli Gifts,035-640555,Via Ludovico il Moro 22,-0.4219565635789094,0.27472527472527475
1894,1895,1895,10119,20.0,72.98,5,1459.6,4/28/2003 0:00,Shipped,2,4,2003,Vintage Cars,65,S24_3420,Salzburg Collectables,6562-9555,Geislweg 14,-1.552101140508721,0.15384615384615385
1895,1896,1896,10131,29.0,59.18,6,1716.22,6/16/2003 0:00,Shipped,2,6,2003,Vintage Cars,65,S24_3420,Gift Ideas Corp.,2035554407,2440 Pompton St.,-0.6274373957479661,0.25274725274725274
1896,1897,1897,10143,33.0,77.59,9,2560.47,8/10/2003 0:00,Shipped,3,8,2003,Vintage Cars,65,S24_3420,Mini Creations Ltd.,5085559555,4575 Hillside Dr.,-0.21647573140985277,0.2967032967032967
1897,1898,1898,10155,34.0,55.89,7,1900.26,10/6/2003 0:00,Shipped,4,10,2003,Vintage Cars,65,S24_3420,"Toys of Finland, Co.",90-224 8555,Keskuskatu 45,-0.11373531532532445,0.3076923076923077
1898,1899,1899,10167,32.0,63.12,3,2019.84,10/23/2003 0:00,Cancelled,4,10,2003,Vintage Cars,65,S24_3420,Scandinavian Gift Ideas,0695-34 6555,?kergatan 24,-0.3192161474943811,0.2857142857142857
1899,1900,1900,10178,27.0,73.64,6,1988.28,11/8/2003 0:00,Shipped,4,11,2003,Vintage Cars,65,S24_3420,Alpha Cognac,61.77.6555,1 rue Alsace-Lorraine,-0.8329182279170227,0.23076923076923078
1900,1901,1901,10186,21.0,69.04,3,1449.84,11/14/2003 0:00,Shipped,4,11,2003,Vintage Cars,65,S24_3420,"Double Decker Gift Stores, Ltd",(171) 555-7555,120 Hanover Sq.,-1.4493607244241928,0.16483516483516483
1901,1902,1902,10198,27.0,71.67,6,1935.09,11/27/2003 0:00,Shipped,4,11,2003,Vintage Cars,65,S24_3420,Cruz & Sons Co.,+63 2 555 3587,15 McCallum Street - NatWest Center #13-03,-0.8329182279170227,0.23076923076923078
1902,1903,1903,10209,36.0,77.59,2,2793.24,1/9/2004 0:00,Shipped,1,1,2004,Vintage Cars,65,S24_3420,"Men 'R' US Retailers, Ltd.",2155554369,6047 Douglas Av.,0.09174551684373221,0.32967032967032966
1903,1904,1904,10222,43.0,70.35,6,3025.05,2/19/2004 0:00,Shipped,1,2,2004,Vintage Cars,65,S24_3420,Collectable Mini Designs Co.,7605558146,361 Furth Circle,0.8109284294354305,0.4065934065934066
1904,1905,1905,10249,25.0,69.7,2,1742.5,5/8/2004 0:00,Shipped,2,5,2004,Vintage Cars,65,S24_3420,Cambridge Collectables Co.,6175555555,4658 Baden Av.,-1.0383990600860795,0.2087912087912088
1905,1906,1906,10262,46.0,70.35,11,3236.1,6/24/2004 0:00,Cancelled,2,6,2004,Vintage Cars,65,S24_3420,Euro Shopping Channel,(91) 555 94 44,"C/ Moralzarzal, 86",1.1191496776890155,0.43956043956043955
1906,1907,1907,10274,24.0,72.33,3,1735.92,7/21/2004 0:00,Shipped,3,7,2004,Vintage Cars,65,S24_3420,Collectables For Less Inc.,6175558555,7825 Douglas Av.,-1.1411394761706077,0.1978021978021978
1907,1908,1908,10284,39.0,71.67,13,2795.13,8/21/2004 0:00,Shipped,3,8,2004,Vintage Cars,65,S24_3420,"Norway Gifts By Mail, Co.",+47 2212 1555,"Drammensveien 126 A, PB 744 Sentrum",0.3999667650973172,0.3626373626373626
1908,1909,1909,10296,31.0,53.92,9,1671.52,9/15/2004 0:00,Shipped,3,9,2004,Vintage Cars,65,S24_3420,"Bavarian Collectables Imports, Co.",+49 89 61 08 9555,Hansastr. 15,-0.4219565635789094,0.27472527472527475
1909,1910,1910,10307,22.0,71.67,3,1576.74,10/14/2004 0:00,Shipped,4,10,2004,Vintage Cars,65,S24_3420,"Classic Gift Ideas, Inc",2155554695,782 First Street,-1.3466203083396644,0.17582417582417584
1910,1911,1911,10316,47.0,76.93,11,3615.71,11/1/2004 0:00,Shipped,4,11,2004,Vintage Cars,65,S24_3420,giftsbymail.co.uk,(198) 555-8888,Garden House Crowther Way,1.2218900937735437,0.45054945054945056
1911,1912,1912,10328,20.0,72.98,2,1459.6,11/12/2004 0:00,Shipped,4,11,2004,Vintage Cars,65,S24_3420,Rovelli Gifts,035-640555,Via Ludovico il Moro 22,-1.552101140508721,0.15384615384615385
1912,1913,1913,10339,29.0,99.69,14,2891.01,11/23/2004 0:00,Shipped,4,11,2004,Vintage Cars,65,S24_3420,"Tokyo Collectables, Ltd",+81 3 3584 0555,2-2-8 Roppongi,-0.6274373957479661,0.25274725274725274
1913,1914,1914,10351,38.0,68.38,4,2598.44,12/3/2004 0:00,Shipped,4,12,2004,Vintage Cars,65,S24_3420,"Stylish Desk Decors, Co.",(171) 555-0297,35 King George,0.2972263490127889,0.3516483516483517
1914,1915,1915,10361,34.0,100.0,6,3871.92,12/17/2004 0:00,Shipped,4,12,2004,Vintage Cars,65,S24_3420,Souveniers And Things Co.,+61 2 9495 8555,"Monitor Money Building, 815 Pacific Hwy",-0.11373531532532445,0.3076923076923077
1915,1916,1916,10373,46.0,66.0,11,3036.0,1/31/2005 0:00,Shipped,1,1,2005,Vintage Cars,65,S24_3420,"Oulu Toy Supplies, Inc.",981-443655,Torikatu 38,1.1191496776890155,0.43956043956043955
1916,1917,1917,10386,35.0,63.76,9,2231.6,3/1/2005 0:00,Resolved,1,3,2005,Vintage Cars,65,S24_3420,Euro Shopping Channel,(91) 555 94 44,"C/ Moralzarzal, 86",-0.010994899240796116,0.31868131868131866
1917,1918,1918,10398,34.0,71.67,13,2436.78,3/30/2005 0:00,Shipped,1,3,2005,Vintage Cars,65,S24_3420,Reims Collectables,26.47.1555,59 rue de l'Abbaye,-0.11373531532532445,0.3076923076923077
1918,1919,1919,10400,38.0,57.2,3,2173.6,4/1/2005 0:00,Shipped,2,4,2005,Vintage Cars,65,S24_3420,The Sharp Gifts Warehouse,4085553659,3086 Ingle Ln.,0.2972263490127889,0.3516483516483517
1919,1920,1920,10415,18.0,69.7,2,1254.6,5/9/2005 0:00,Disputed,2,5,2005,Vintage Cars,65,S24_3420,"Australian Collectables, Ltd",61-9-3844-6555,7 Allen Street,-1.7575819726777777,0.13186813186813187
1920,1921,1921,10110,37.0,100.0,14,3724.42,3/18/2003 0:00,Shipped,1,3,2003,Classic Cars,107,S24_3432,"AV Stores, Co.",(171) 555-1555,Fauntleroy Circus,0.19448593292826055,0.34065934065934067
1921,1922,1922,10124,43.0,100.0,13,5203.0,5/21/2003 0:00,Shipped,2,5,2003,Classic Cars,107,S24_3432,Signal Gift Stores,7025551838,8489 Strong St.,0.8109284294354305,0.4065934065934066
1922,1923,1923,10148,27.0,100.0,7,3469.5,9/11/2003 0:00,Shipped,3,9,2003,Classic Cars,107,S24_3432,"Anna's Decorations, Ltd",02 9936 8555,201 Miller Street,-0.8329182279170227,0.23076923076923078
1923,1924,1924,10161,30.0,100.0,6,3148.2,10/17/2003 0:00,Shipped,4,10,2003,Classic Cars,107,S24_3432,Heintze Collectables,86 21 3555,Smagsloget 45,-0.5246969796634378,0.26373626373626374
1924,1925,1925,10172,22.0,98.51,4,2167.22,11/5/2003 0:00,Shipped,4,11,2003,Classic Cars,107,S24_3432,Gift Depot Inc.,2035552570,25593 South Bay Ln.,-1.3466203083396644,0.17582417582417584
1925,1926,1926,10182,49.0,100.0,17,6244.07,11/12/2003 0:00,Shipped,4,11,2003,Classic Cars,107,S24_3432,Mini Gifts Distributors Ltd.,4155551450,5677 Strong St.,1.4273709259426004,0.4725274725274725
1926,1927,1927,10192,46.0,100.0,5,5566.0,11/20/2003 0:00,Shipped,4,11,2003,Classic Cars,107,S24_3432,Online Diecast Creations Co.,6035558647,2304 Long Airport Avenue,1.1191496776890155,0.43956043956043955
1927,1928,1928,10204,48.0,91.02,11,4368.96,12/2/2003 0:00,Shipped,4,12,2003,Classic Cars,107,S24_3432,Muscle Machine Inc,2125557413,4092 Furth Circle,1.3246305098580722,0.46153846153846156
1928,1929,1929,10212,46.0,87.81,4,4039.26,1/16/2004 0:00,Shipped,1,1,2004,Classic Cars,107,S24_3432,Euro Shopping Channel,(91) 555 94 44,"C/ Moralzarzal, 86",1.1191496776890155,0.43956043956043955
1929,1930,1930,10226,48.0,92.09,2,4420.32,2/26/2004 0:00,Shipped,1,2,2004,Classic Cars,107,S24_3432,Collectable Mini Designs Co.,7605558146,361 Furth Circle,1.3246305098580722,0.46153846153846156
1930,1931,1931,10241,27.0,86.73,9,2341.71,4/13/2004 0:00,Shipped,2,4,2004,Classic Cars,107,S24_3432,Mini Caravy,88.60.1555,"24, place Kluber",-0.8329182279170227,0.23076923076923078
1931,1932,1932,10267,43.0,100.0,6,5110.98,7/7/2004 0:00,Shipped,3,7,2004,Classic Cars,107,S24_3432,Muscle Machine Inc,2125557413,4092 Furth Circle,0.8109284294354305,0.4065934065934066
1932,1933,1933,10279,48.0,100.0,6,6168.0,8/9/2004 0:00,Shipped,3,8,2004,Classic Cars,107,S24_3432,Euro Shopping Channel,(91) 555 94 44,"C/ Moralzarzal, 86",1.3246305098580722,0.46153846153846156
1933,1934,1934,10288,41.0,100.0,12,4873.26,9/1/2004 0:00,Shipped,3,9,2004,Classic Cars,107,S24_3432,Handji Gifts& Co,+65 224 1555,Village Close - 106 Linden Road Sandown,0.6054475972663739,0.38461538461538464
1934,1935,1935,10301,22.0,96.37,2,2120.14,10/5/2003 0:00,Shipped,4,10,2003,Classic Cars,107,S24_3432,"Norway Gifts By Mail, Co.",+47 2212 1555,"Drammensveien 126 A, PB 744 Sentrum",-1.3466203083396644,0.17582417582417584
1935,1936,1936,10311,46.0,92.09,7,4236.14,10/16/2004 0:00,Shipped,4,10,2004,Classic Cars,107,S24_3432,Euro Shopping Channel,(91) 555 94 44,"C/ Moralzarzal, 86",1.1191496776890155,0.43956043956043955
1936,1937,1937,10321,21.0,89.95,4,1888.95,11/4/2004 0:00,Shipped,4,11,2004,Classic Cars,107,S24_3432,FunGiftIdeas.com,5085552555,1785 First Street,-1.4493607244241928,0.16483516483516483
1937,1938,1938,10332,31.0,37.18,13,1152.58,11/17/2004 0:00,Shipped,4,11,2004,Classic Cars,107,S24_3432,"AV Stores, Co.",(171) 555-1555,Fauntleroy Circus,-0.4219565635789094,0.27472527472527475
1938,1939,1939,10346,26.0,95.88,6,2492.88,11/29/2004 0:00,Shipped,4,11,2004,Classic Cars,107,S24_3432,Signal Gift Stores,7025551838,8489 Strong St.,-0.9356586440015511,0.21978021978021978
1939,1940,1940,10368,20.0,99.58,4,1991.6,1/19/2005 0:00,Shipped,1,1,2005,Classic Cars,107,S24_3432,Mini Gifts Distributors Ltd.,4155551450,5677 Strong St.,-1.552101140508721,0.15384615384615385
1940,1941,1941,10380,34.0,100.0,11,3953.18,2/16/2005 0:00,Shipped,1,2,2005,Classic Cars,107,S24_3432,Euro Shopping Channel,(91) 555 94 44,"C/ Moralzarzal, 86",-0.11373531532532445,0.3076923076923077
1941,1942,1942,10407,43.0,86.73,9,3729.39,4/22/2005 0:00,On Hold,2,4,2005,Classic Cars,107,S24_3432,The Sharp Gifts Warehouse,4085553659,3086 Ingle Ln.,0.8109284294354305,0.4065934065934066
1942,1943,1943,10420,26.0,100.0,12,2617.16,5/29/2005 0:00,In Process,2,5,2005,Classic Cars,107,S24_3432,Souveniers And Things Co.,+61 2 9495 8555,"Monitor Money Building, 815 Pacific Hwy",-0.9356586440015511,0.21978021978021978
1943,1944,1944,10105,50.0,79.67,1,3983.5,2/11/2003 0:00,Shipped,1,2,2003,Vintage Cars,83,S24_3816,Danish Wholesale Imports,31 12 3555,Vinb'ltet 34,1.5301113420271288,0.4835164835164835
1944,1945,1945,10119,35.0,90.57,10,3169.95,4/28/2003 0:00,Shipped,2,4,2003,Vintage Cars,83,S24_3816,Salzburg Collectables,6562-9555,Geislweg 14,-0.010994899240796116,0.31868131868131866
1945,1946,1946,10129,50.0,77.99,1,3899.5,6/12/2003 0:00,Shipped,2,6,2003,Vintage Cars,83,S24_3816,"Stylish Desk Decors, Co.",(171) 555-0297,35 King George,1.5301113420271288,0.4835164835164835
1946,1947,1947,10143,23.0,80.51,14,1851.73,8/10/2003 0:00,Shipped,3,8,2003,Vintage Cars,83,S24_3816,Mini Creations Ltd.,5085559555,4575 Hillside Dr.,-1.2438798922551362,0.18681318681318682
1947,1948,1948,10155,37.0,67.93,12,2513.41,10/6/2003 0:00,Shipped,4,10,2003,Vintage Cars,83,S24_3816,"Toys of Finland, Co.",90-224 8555,Keskuskatu 45,0.19448593292826055,0.34065934065934067
1948,1949,1949,10167,29.0,83.86,8,2431.94,10/23/2003 0:00,Cancelled,4,10,2003,Vintage Cars,83,S24_3816,Scandinavian Gift Ideas,0695-34 6555,?kergatan 24,-0.6274373957479661,0.25274725274725274
1949,1950,1950,10178,21.0,72.12,11,1514.52,11/8/2003 0:00,Shipped,4,11,2003,Vintage Cars,83,S24_3816,Alpha Cognac,61.77.6555,1 rue Alsace-Lorraine,-1.4493607244241928,0.16483516483516483
1950,1951,1951,10186,36.0,85.54,8,3079.44,11/14/2003 0:00,Shipped,4,11,2003,Vintage Cars,83,S24_3816,"Double Decker Gift Stores, Ltd",(171) 555-7555,120 Hanover Sq.,0.09174551684373221,0.32967032967032966
1951,1952,1952,10197,22.0,86.38,5,1900.36,11/26/2003 0:00,Shipped,4,11,2003,Vintage Cars,83,S24_3816,Enaco Distributors,(93) 203 4555,"Rambla de Catalu¤a, 23",-1.3466203083396644,0.17582417582417584
1952,1953,1953,10209,22.0,89.73,7,1974.06,1/9/2004 0:00,Shipped,1,1,2004,Vintage Cars,83,S24_3816,"Men 'R' US Retailers, Ltd.",2155554369,6047 Douglas Av.,-1.3466203083396644,0.17582417582417584
1953,1954,1954,10222,46.0,80.51,11,3703.46,2/19/2004 0:00,Shipped,1,2,2004,Vintage Cars,83,S24_3816,Collectable Mini Designs Co.,7605558146,361 Furth Circle,1.1191496776890155,0.43956043956043955
1954,1955,1955,10248,23.0,76.31,2,1755.13,5/7/2004 0:00,Cancelled,2,5,2004,Vintage Cars,83,S24_3816,Land of Toys Inc.,2125557818,897 Long Airport Avenue,-1.2438798922551362,0.18681318681318682
1955,1956,1956,10262,49.0,87.21,16,4273.29,6/24/2004 0:00,Cancelled,2,6,2004,Vintage Cars,83,S24_3816,Euro Shopping Channel,(91) 555 94 44,"C/ Moralzarzal, 86",1.4273709259426004,0.4725274725274725
1956,1957,1957,10273,48.0,83.02,3,3984.96,7/21/2004 0:00,Shipped,3,7,2004,Vintage Cars,83,S24_3816,Petit Auto,(02) 5554 67,Rue Joseph-Bens 532,1.3246305098580722,0.46153846153846156
1957,1958,1958,10283,33.0,72.96,5,2407.68,8/20/2004 0:00,Shipped,3,8,2004,Vintage Cars,83,S24_3816,"Royal Canadian Collectables, Ltd.",(604) 555-4555,23 Tsawassen Blvd.,-0.21647573140985277,0.2967032967032967
1958,1959,1959,10296,22.0,77.15,14,1697.3,9/15/2004 0:00,Shipped,3,9,2004,Vintage Cars,83,S24_3816,"Bavarian Collectables Imports, Co.",+49 89 61 08 9555,Hansastr. 15,-1.3466203083396644,0.17582417582417584
1959,1960,1960,10307,22.0,91.41,8,2011.02,10/14/2004 0:00,Shipped,4,10,2004,Vintage Cars,83,S24_3816,"Classic Gift Ideas, Inc",2155554695,782 First Street,-1.3466203083396644,0.17582417582417584
1960,1961,1961,10316,25.0,92.25,16,2306.25,11/1/2004 0:00,Shipped,4,11,2004,Vintage Cars,83,S24_3816,giftsbymail.co.uk,(198) 555-8888,Garden House Crowther Way,-1.0383990600860795,0.2087912087912088
1961,1962,1962,10326,20.0,92.25,2,1845.0,11/9/2004 0:00,Shipped,4,11,2004,Vintage Cars,83,S24_3816,"Volvo Model Replicas, Co",0921-12 3555,Berguvsvgen  8,-1.552101140508721,0.15384615384615385
1962,1963,1963,10339,42.0,59.36,16,2493.12,11/23/2004 0:00,Shipped,4,11,2004,Vintage Cars,83,S24_3816,"Tokyo Collectables, Ltd",+81 3 3584 0555,2-2-8 Roppongi,0.7081880133509022,0.3956043956043956
1963,1964,1964,10350,25.0,60.34,10,1508.5,12/2/2004 0:00,Shipped,4,12,2004,Vintage Cars,83,S24_3816,Euro Shopping Channel,(91) 555 94 44,"C/ Moralzarzal, 86",-1.0383990600860795,0.2087912087912088
1964,1965,1965,10373,23.0,100.0,10,2394.3,1/31/2005 0:00,Shipped,1,1,2005,Vintage Cars,83,S24_3816,"Oulu Toy Supplies, Inc.",981-443655,Torikatu 38,-1.2438798922551362,0.18681318681318682
1965,1966,1966,10385,37.0,85.54,2,3164.98,2/28/2005 0:00,Shipped,1,2,2005,Vintage Cars,83,S24_3816,Mini Gifts Distributors Ltd.,4155551450,5677 Strong St.,0.19448593292826055,0.34065934065934067
1966,1967,1967,10396,37.0,90.57,8,3351.09,3/23/2005 0:00,Shipped,1,3,2005,Vintage Cars,83,S24_3816,Mini Gifts Distributors Ltd.,4155551450,5677 Strong St.,0.19448593292826055,0.34065934065934067
1967,1968,1968,10400,42.0,72.96,8,3064.32,4/1/2005 0:00,Shipped,2,4,2005,Vintage Cars,83,S24_3816,The Sharp Gifts Warehouse,4085553659,3086 Ingle Ln.,0.7081880133509022,0.3956043956043956
1968,1969,1969,10414,51.0,76.31,2,3891.81,5/6/2005 0:00,On Hold,2,5,2005,Vintage Cars,83,S24_3816,Gifts4AllAges.com,6175559555,8616 Spinnaker Dr.,1.632851758111657,0.4945054945054945
1969,1970,1970,10108,40.0,100.0,1,5448.8,3/3/2003 0:00,Shipped,1,3,2003,Classic Cars,140,S24_3856,Cruz & Sons Co.,+63 2 555 3587,15 McCallum Street - NatWest Center #13-03,0.5027071811818455,0.37362637362637363
1970,1971,1971,10122,43.0,100.0,5,5494.97,5/8/2003 0:00,Shipped,2,5,2003,Classic Cars,140,S24_3856,Marseille Mini Autos,91.24.4555,"12, rue des Bouchers",0.8109284294354305,0.4065934065934066
1971,1972,1972,10135,47.0,100.0,2,6336.07,7/2/2003 0:00,Shipped,3,7,2003,Classic Cars,140,S24_3856,Mini Gifts Distributors Ltd.,4155551450,5677 Strong St.,1.2218900937735437,0.45054945054945056
1972,1973,1973,10147,23.0,100.0,2,2906.97,9/5/2003 0:00,Shipped,3,9,2003,Classic Cars,140,S24_3856,Collectables For Less Inc.,6175558555,7825 Douglas Av.,-1.2438798922551362,0.18681318681318682
1973,1974,1974,10160,35.0,100.0,3,4767.7,10/11/2003 0:00,Shipped,4,10,2003,Classic Cars,140,S24_3856,"Men 'R' US Retailers, Ltd.",2155554369,6047 Douglas Av.,-0.010994899240796116,0.31868131868131866
1974,1975,1975,10170,34.0,100.0,1,3819.56,11/4/2003 0:00,Shipped,4,11,2003,Classic Cars,140,S24_3856,Mini Auto Werke,7675-3555,Kirchgasse 6,-0.11373531532532445,0.3076923076923077
1975,1976,1976,10181,25.0,100.0,9,3861.75,11/12/2003 0:00,Shipped,4,11,2003,Classic Cars,140,S24_3856,Herkku Gifts,+47 2267 3215,"Drammen 121, PR 744 Sentrum",-1.0383990600860795,0.2087912087912088
1976,1977,1977,10192,45.0,100.0,14,6319.35,11/20/2003 0:00,Shipped,4,11,2003,Classic Cars,140,S24_3856,Online Diecast Creations Co.,6035558647,2304 Long Airport Avenue,1.016409261604487,0.42857142857142855
1977,1978,1978,10203,47.0,100.0,3,6996.42,12/2/2003 0:00,Shipped,4,12,2003,Classic Cars,140,S24_3856,Euro Shopping Channel,(91) 555 94 44,"C/ Moralzarzal, 86",1.2218900937735437,0.45054945054945056
1978,1979,1979,10212,49.0,100.0,13,6949.67,1/16/2004 0:00,Shipped,1,1,2004,Classic Cars,140,S24_3856,Euro Shopping Channel,(91) 555 94 44,"C/ Moralzarzal, 86",1.4273709259426004,0.4725274725274725
1979,1980,1980,10225,40.0,100.0,4,4550.0,2/22/2004 0:00,Shipped,1,2,2004,Classic Cars,140,S24_3856,"Vida Sport, Ltd",0897-034555,Grenzacherweg 237,0.5027071811818455,0.37362637362637363
1980,1981,1981,10239,29.0,100.0,3,4479.63,4/12/2004 0:00,Shipped,2,4,2004,Classic Cars,140,S24_3856,"Oulu Toy Supplies, Inc.",981-443655,Torikatu 38,-0.6274373957479661,0.25274725274725274
1981,1982,1982,10253,39.0,100.0,8,5148.0,6/1/2004 0:00,Cancelled,2,6,2004,Classic Cars,140,S24_3856,"UK Collectables, Ltd.",(171) 555-2282,Berkeley Gardens 12  Brewery,0.3999667650973172,0.3626373626373626
1982,1983,1983,10266,24.0,100.0,9,2932.08,7/6/2004 0:00,Shipped,3,7,2004,Classic Cars,140,S24_3856,L'ordine Souveniers,0522-556555,Strada Provinciale 124,-1.1411394761706077,0.1978021978021978
1983,1984,1984,10278,25.0,100.0,9,3159.75,8/6/2004 0:00,Shipped,3,8,2004,Classic Cars,140,S24_3856,Signal Gift Stores,7025551838,8489 Strong St.,-1.0383990600860795,0.2087912087912088
1984,1985,1985,10287,36.0,100.0,7,4297.32,8/30/2004 0:00,Shipped,3,8,2004,Classic Cars,140,S24_3856,"Vida Sport, Ltd",0897-034555,Grenzacherweg 237,0.09174551684373221,0.32967032967032966
1985,1986,1986,10301,50.0,100.0,11,7723.5,10/5/2003 0:00,Shipped,4,10,2003,Classic Cars,140,S24_3856,"Norway Gifts By Mail, Co.",+47 2212 1555,"Drammensveien 126 A, PB 744 Sentrum",1.5301113420271288,0.4835164835164835
1986,1987,1987,10310,45.0,100.0,5,5497.65,10/16/2004 0:00,Shipped,4,10,2004,Classic Cars,140,S24_3856,"Toms Spezialitten, Ltd",0221-5554327,Mehrheimerstr. 369,1.016409261604487,0.42857142857142855
1987,1988,1988,10321,26.0,100.0,13,4052.88,11/4/2004 0:00,Shipped,4,11,2004,Classic Cars,140,S24_3856,FunGiftIdeas.com,5085552555,1785 First Street,-0.9356586440015511,0.21978021978021978
1988,1989,1989,10331,21.0,100.0,1,3135.93,11/17/2004 0:00,Shipped,4,11,2004,Classic Cars,140,S24_3856,Motor Mint Distributors Inc.,2155559857,11328 Douglas Av.,-1.4493607244241928,0.16483516483516483
1989,1990,1990,10342,42.0,100.0,6,5013.54,11/24/2004 0:00,Shipped,4,11,2004,Classic Cars,140,S24_3856,"Australian Collectors, Co.",03 9520 4555,636 St Kilda Road,0.7081880133509022,0.3956043956043956
1990,1991,1991,10355,32.0,100.0,8,5302.72,12/7/2004 0:00,Shipped,4,12,2004,Classic Cars,140,S24_3856,Euro Shopping Channel,(91) 555 94 44,"C/ Moralzarzal, 86",-0.3192161474943811,0.2857142857142857
1991,1992,1992,10363,31.0,94.58,1,2931.98,1/6/2005 0:00,Shipped,1,1,2005,Classic Cars,140,S24_3856,Suominen Souveniers,+358 9 8045 555,"Software Engineering Center, SEC Oy",-0.4219565635789094,0.27472527472527475
1992,1993,1993,10378,33.0,53.27,3,1757.91,2/10/2005 0:00,Shipped,1,2,2005,Classic Cars,140,S24_3856,Euro Shopping Channel,(91) 555 94 44,"C/ Moralzarzal, 86",-0.21647573140985277,0.2967032967032967
1993,1994,1994,10390,45.0,100.0,8,6763.05,3/4/2005 0:00,Shipped,1,3,2005,Classic Cars,140,S24_3856,Mini Gifts Distributors Ltd.,4155551450,5677 Strong St.,1.016409261604487,0.42857142857142855
1994,1995,1995,10405,76.0,100.0,3,11739.7,4/14/2005 0:00,Shipped,2,4,2005,Classic Cars,140,S24_3856,Mini Caravy,88.60.1555,"24, place Kluber",4.201362160224866,0.7692307692307693
1995,1996,1996,10419,70.0,100.0,8,9240.0,5/17/2005 0:00,Shipped,2,5,2005,Classic Cars,140,S24_3856,Salzburg Collectables,6562-9555,Geislweg 14,3.584919663717695,0.7032967032967034
1996,1997,1997,10106,50.0,64.83,11,3241.5,2/17/2003 0:00,Shipped,1,2,2003,Planes,68,S24_3949,Rovelli Gifts,035-640555,Via Ludovico il Moro 22,1.5301113420271288,0.4835164835164835
1997,1998,1998,10119,28.0,70.29,2,1968.12,4/28/2003 0:00,Shipped,2,4,2003,Planes,68,S24_3949,Salzburg Collectables,6562-9555,Geislweg 14,-0.7301778118324944,0.24175824175824176
1998,1999,1999,10131,50.0,81.89,3,4094.5,6/16/2003 0:00,Shipped,2,6,2003,Planes,68,S24_3949,Gift Ideas Corp.,2035554407,2440 Pompton St.,1.5301113420271288,0.4835164835164835
1999,2000,2000,10143,28.0,66.19,6,1853.32,8/10/2003 0:00,Shipped,3,8,2003,Planes,68,S24_3949,Mini Creations Ltd.,5085559555,4575 Hillside Dr.,-0.7301778118324944,0.24175824175824176
2000,2001,2001,10155,44.0,77.11,4,3392.84,10/6/2003 0:00,Shipped,4,10,2003,Planes,68,S24_3949,"Toys of Finland, Co.",90-224 8555,Keskuskatu 45,0.9136688455199589,0.4175824175824176
2001,2002,2002,10168,27.0,73.02,18,1971.54,10/28/2003 0:00,Shipped,4,10,2003,Planes,68,S24_3949,Technics Stores Inc.,6505556809,9408 Furth Circle,-0.8329182279170227,0.23076923076923078
2002,2003,2003,10178,30.0,72.33,3,2169.9,11/8/2003 0:00,Shipped,4,11,2003,Planes,68,S24_3949,Alpha Cognac,61.77.6555,1 rue Alsace-Lorraine,-0.5246969796634378,0.26373626373626374
2003,2004,2004,10198,43.0,66.19,3,2846.17,11/27/2003 0:00,Shipped,4,11,2003,Planes,68,S24_3949,Cruz & Sons Co.,+63 2 555 3587,15 McCallum Street - NatWest Center #13-03,0.8109284294354305,0.4065934065934066
2004,2005,2005,10210,29.0,69.6,16,2018.4,1/12/2004 0:00,Shipped,1,1,2004,Planes,68,S24_3949,Osaka Souveniers Co.,+81 06 6342 5555,"Dojima Avanza 4F, 1-6-20 Dojima, Kita-ku",-0.6274373957479661,0.25274725274725274
2005,2006,2006,10222,48.0,56.64,3,2718.72,2/19/2004 0:00,Shipped,1,2,2004,Planes,68,S24_3949,Collectable Mini Designs Co.,7605558146,361 Furth Circle,1.3246305098580722,0.46153846153846156
2006,2007,2007,10235,33.0,60.05,12,1981.65,4/2/2004 0:00,Shipped,2,4,2004,Planes,68,S24_3949,"Royal Canadian Collectables, Ltd.",(604) 555-4555,23 Tsawassen Blvd.,-0.21647573140985277,0.2967032967032967
2007,2008,2008,10250,40.0,75.06,13,3002.4,5/11/2004 0:00,Shipped,2,5,2004,Planes,68,S24_3949,The Sharp Gifts Warehouse,4085553659,3086 Ingle Ln.,0.5027071811818455,0.37362637362637363
2008,2009,2009,10262,48.0,61.42,8,2948.16,6/24/2004 0:00,Cancelled,2,6,2004,Planes,68,S24_3949,Euro Shopping Channel,(91) 555 94 44,"C/ Moralzarzal, 86",1.3246305098580722,0.46153846153846156
2009,2010,2010,10275,41.0,81.89,18,3357.49,7/23/2004 0:00,Shipped,3,7,2004,Planes,68,S24_3949,La Rochelle Gifts,40.67.8555,"67, rue des Cinquante Otages",0.6054475972663739,0.38461538461538464
2010,2011,2011,10284,21.0,55.96,10,1175.16,8/21/2004 0:00,Shipped,3,8,2004,Planes,68,S24_3949,"Norway Gifts By Mail, Co.",+47 2212 1555,"Drammensveien 126 A, PB 744 Sentrum",-1.4493607244241928,0.16483516483516483
2011,2012,2012,10296,32.0,71.65,6,2292.8,9/15/2004 0:00,Shipped,3,9,2004,Planes,68,S24_3949,"Bavarian Collectables Imports, Co.",+49 89 61 08 9555,Hansastr. 15,-0.3192161474943811,0.2857142857142857
2012,2013,2013,10308,43.0,76.43,16,3286.49,10/15/2004 0:00,Shipped,4,10,2004,Planes,68,S24_3949,Mini Classics,9145554562,3758 North Pendale Street,0.8109284294354305,0.4065934065934066
2013,2014,2014,10316,30.0,77.79,8,2333.7,11/1/2004 0:00,Shipped,4,11,2004,Planes,68,S24_3949,giftsbymail.co.uk,(198) 555-8888,Garden House Crowther Way,-0.5246969796634378,0.26373626373626374
2014,2015,2015,10328,35.0,76.43,3,2675.05,11/12/2004 0:00,Shipped,4,11,2004,Planes,68,S24_3949,Rovelli Gifts,035-640555,Via Ludovico il Moro 22,-0.010994899240796116,0.31868131868131866
2015,2016,2016,10339,45.0,96.92,11,4361.4,11/23/2004 0:00,Shipped,4,11,2004,Planes,68,S24_3949,"Tokyo Collectables, Ltd",+81 3 3584 0555,2-2-8 Roppongi,1.016409261604487,0.42857142857142855
2016,2017,2017,10351,34.0,59.37,3,2018.58,12/3/2004 0:00,Shipped,4,12,2004,Planes,68,S24_3949,"Stylish Desk Decors, Co.",(171) 555-0297,35 King George,-0.11373531532532445,0.3076923076923077
2017,2018,2018,10361,26.0,100.0,7,3710.98,12/17/2004 0:00,Shipped,4,12,2004,Planes,68,S24_3949,Souveniers And Things Co.,+61 2 9495 8555,"Monitor Money Building, 815 Pacific Hwy",-0.9356586440015511,0.21978021978021978
2018,2019,2019,10373,39.0,73.0,13,2847.0,1/31/2005 0:00,Shipped,1,1,2005,Planes,68,S24_3949,"Oulu Toy Supplies, Inc.",981-443655,Torikatu 38,0.3999667650973172,0.3626373626373626
2019,2020,2020,10386,41.0,73.32,12,3006.12,3/1/2005 0:00,Resolved,1,3,2005,Planes,68,S24_3949,Euro Shopping Channel,(91) 555 94 44,"C/ Moralzarzal, 86",0.6054475972663739,0.38461538461538464
2020,2021,2021,10398,41.0,68.24,2,2797.84,3/30/2005 0:00,Shipped,1,3,2005,Planes,68,S24_3949,Reims Collectables,26.47.1555,59 rue de l'Abbaye,0.6054475972663739,0.38461538461538464
2021,2022,2022,10401,64.0,60.05,12,3843.2,4/3/2005 0:00,On Hold,2,4,2005,Planes,68,S24_3949,Tekni Collectables Inc.,2015559350,7476 Moss Rd.,2.9684771672105255,0.6373626373626373
2022,2023,2023,10416,18.0,75.06,13,1351.08,5/10/2005 0:00,Shipped,2,5,2005,Planes,68,S24_3949,L'ordine Souveniers,0522-556555,Strada Provinciale 124,-1.7575819726777777,0.13186813186813187
2023,2024,2024,10100,49.0,34.47,1,1689.03,1/6/2003 0:00,Shipped,1,1,2003,Vintage Cars,41,S24_3969,Online Diecast Creations Co.,6035558647,2304 Long Airport Avenue,1.4273709259426004,0.4725274725274725
2024,2025,2025,10110,48.0,34.47,5,1654.56,3/18/2003 0:00,Shipped,1,3,2003,Vintage Cars,41,S24_3969,"AV Stores, Co.",(171) 555-1555,Fauntleroy Circus,1.3246305098580722,0.46153846153846156
2025,2026,2026,10124,46.0,33.23,4,1528.58,5/21/2003 0:00,Shipped,2,5,2003,Vintage Cars,41,S24_3969,Signal Gift Stores,7025551838,8489 Strong St.,1.1191496776890155,0.43956043956043955
2026,2027,2027,10149,26.0,38.98,9,1013.48,9/12/2003 0:00,Shipped,3,9,2003,Vintage Cars,41,S24_3969,Signal Collectibles Ltd.,4155554312,2793 Furth Circle,-0.9356586440015511,0.21978021978021978
2027,2028,2028,10162,37.0,38.98,7,1442.26,10/18/2003 0:00,Shipped,4,10,2003,Vintage Cars,41,S24_3969,Corporate Gift Ideas Co.,6505551386,7734 Strong St.,0.19448593292826055,0.34065934065934067
2028,2029,2029,10173,35.0,33.23,11,1163.05,11/5/2003 0:00,Shipped,4,11,2003,Vintage Cars,41,S24_3969,Rovelli Gifts,035-640555,Via Ludovico il Moro 22,-0.010994899240796116,0.31868131868131866
2029,2030,2030,10182,23.0,42.26,8,971.98,11/12/2003 0:00,Shipped,4,11,2003,Vintage Cars,41,S24_3969,Mini Gifts Distributors Ltd.,4155551450,5677 Strong St.,-1.2438798922551362,0.18681318681318682
2030,2031,2031,10193,22.0,41.03,12,902.66,11/21/2003 0:00,Shipped,4,11,2003,Vintage Cars,41,S24_3969,"Australian Collectables, Ltd",61-9-3844-6555,7 Allen Street,-1.3466203083396644,0.17582417582417584
2031,2032,2032,10204,39.0,33.23,2,1295.97,12/2/2003 0:00,Shipped,4,12,2003,Vintage Cars,41,S24_3969,Muscle Machine Inc,2125557413,4092 Furth Circle,0.3999667650973172,0.3626373626373626
2032,2033,2033,10214,44.0,34.88,5,1534.72,1/26/2004 0:00,Shipped,1,1,2004,Vintage Cars,41,S24_3969,"Corrida Auto Replicas, Ltd",(91) 555 22 82,"C/ Araquil, 67",0.9136688455199589,0.4175824175824176
2033,2034,2034,10227,27.0,43.9,8,1185.3,3/2/2004 0:00,Shipped,1,3,2004,Vintage Cars,41,S24_3969,"Saveley & Henriot, Co.",78.32.5555,"2, rue du Commerce",-0.8329182279170227,0.23076923076923078
2034,2035,2035,10242,46.0,36.93,1,1698.78,4/20/2004 0:00,Shipped,2,4,2004,Vintage Cars,41,S24_3969,Microscale Inc.,2125551957,5290 North Pendale Street,1.1191496776890155,0.43956043956043955
2035,2036,2036,10280,33.0,41.85,14,1381.05,8/17/2004 0:00,Shipped,3,8,2004,Vintage Cars,41,S24_3969,Amica Models & Co.,011-4988555,Via Monte Bianco 34,-0.21647573140985277,0.2967032967032967
2036,2037,2037,10288,33.0,40.62,3,1340.46,9/1/2004 0:00,Shipped,3,9,2004,Vintage Cars,41,S24_3969,Handji Gifts& Co,+65 224 1555,Village Close - 106 Linden Road Sandown,-0.21647573140985277,0.2967032967032967
2037,2038,2038,10303,24.0,40.21,1,965.04,10/6/2004 0:00,Shipped,4,10,2004,Vintage Cars,41,S24_3969,"Iberia Gift Imports, Corp.",(95) 555 82 82,"C/ Romero, 33",-1.1411394761706077,0.1978021978021978
2038,2039,2039,10312,31.0,35.29,15,1093.99,10/21/2004 0:00,Shipped,4,10,2004,Vintage Cars,41,S24_3969,Mini Gifts Distributors Ltd.,4155551450,5677 Strong St.,-0.4219565635789094,0.27472527472527475
2039,2040,2040,10332,41.0,77.24,14,3166.84,11/17/2004 0:00,Shipped,4,11,2004,Vintage Cars,41,S24_3969,"AV Stores, Co.",(171) 555-1555,Fauntleroy Circus,0.6054475972663739,0.38461538461538464
2040,2041,2041,10346,22.0,97.44,4,2143.68,11/29/2004 0:00,Shipped,4,11,2004,Vintage Cars,41,S24_3969,Signal Gift Stores,7025551838,8489 Strong St.,-1.3466203083396644,0.17582417582417584
2041,2042,2042,10368,46.0,37.34,3,1717.64,1/19/2005 0:00,Shipped,1,1,2005,Vintage Cars,41,S24_3969,Mini Gifts Distributors Ltd.,4155551450,5677 Strong St.,1.1191496776890155,0.43956043956043955
2042,2043,2043,10380,43.0,95.03,12,4086.29,2/16/2005 0:00,Shipped,1,2,2005,Vintage Cars,41,S24_3969,Euro Shopping Channel,(91) 555 94 44,"C/ Moralzarzal, 86",0.8109284294354305,0.4065934065934066
2043,2044,2044,10408,15.0,36.93,1,553.95,4/22/2005 0:00,Shipped,2,4,2005,Vintage Cars,41,S24_3969,"Tokyo Collectables, Ltd",+81 3 3584 0555,2-2-8 Roppongi,-2.065803220931363,0.0989010989010989
2044,2045,2045,10420,15.0,43.49,3,652.35,5/29/2005 0:00,In Process,2,5,2005,Vintage Cars,41,S24_3969,Souveniers And Things Co.,+61 2 9495 8555,"Monitor Money Building, 815 Pacific Hwy",-2.065803220931363,0.0989010989010989
2045,2046,2046,10104,26.0,100.0,5,2921.62,1/31/2003 0:00,Shipped,1,1,2003,Classic Cars,118,S24_4048,Euro Shopping Channel,(91) 555 94 44,"C/ Moralzarzal, 86",-0.9356586440015511,0.21978021978021978
2046,2047,2047,10115,44.0,100.0,1,5568.64,4/4/2003 0:00,Shipped,2,4,2003,Classic Cars,118,S24_4048,Classic Legends Inc.,2125558493,5905 Pompton St.,0.9136688455199589,0.4175824175824176
2047,2048,2048,10127,20.0,96.99,7,1939.8,6/3/2003 0:00,Shipped,2,6,2003,Classic Cars,118,S24_4048,Muscle Machine Inc,2125557413,4092 Furth Circle,-1.552101140508721,0.15384615384615385
2048,2049,2049,10141,40.0,94.62,1,3784.8,8/1/2003 0:00,Shipped,3,8,2003,Classic Cars,118,S24_4048,Suominen Souveniers,+358 9 8045 555,"Software Engineering Center, SEC Oy",0.5027071811818455,0.37362637362637363
2049,2050,2050,10152,23.0,100.0,3,2802.09,9/25/2003 0:00,Shipped,3,9,2003,Classic Cars,118,S24_4048,"Australian Gift Network, Co",61-7-3844-6555,31 Duncan St. West End,-1.2438798922551362,0.18681318681318682
2050,2051,2051,10165,24.0,99.36,8,2384.64,10/22/2003 0:00,Shipped,4,10,2003,Classic Cars,118,S24_4048,"Dragon Souveniers, Ltd.",+65 221 7555,"Bronz Sok., Bronz Apt. 3/6 Tesvikiye",-1.1411394761706077,0.1978021978021978
2051,2052,2052,10176,29.0,100.0,7,2915.66,11/6/2003 0:00,Shipped,4,11,2003,Classic Cars,118,S24_4048,L'ordine Souveniers,0522-556555,Strada Provinciale 124,-0.6274373957479661,0.25274725274725274
2052,2053,2053,10184,49.0,100.0,2,5795.72,11/14/2003 0:00,Shipped,4,11,2003,Classic Cars,118,S24_4048,"Iberia Gift Imports, Corp.",(95) 555 82 82,"C/ Romero, 33",1.4273709259426004,0.4725274725274725
2053,2054,2054,10195,34.0,100.0,2,3699.88,11/25/2003 0:00,Shipped,4,11,2003,Classic Cars,118,S24_4048,Mini Classics,9145554562,3758 North Pendale Street,-0.11373531532532445,0.3076923076923077
2054,2055,2055,10207,28.0,100.0,3,2980.6,12/9/2003 0:00,Shipped,4,12,2003,Classic Cars,118,S24_4048,Diecast Collectables,6175552555,6251 Ingle Ln.,-0.7301778118324944,0.24175824175824176
2055,2056,2056,10220,37.0,100.0,7,5032.74,2/12/2004 0:00,Shipped,1,2,2004,Classic Cars,118,S24_4048,"Clover Collections, Co.",+353 1862 1555,25 Maiden Lane,0.19448593292826055,0.34065934065934067
2056,2057,2057,10230,45.0,100.0,5,4737.15,3/15/2004 0:00,Shipped,1,3,2004,Classic Cars,118,S24_4048,"Blauer See Auto, Co.",+49 69 66 90 2555,Lyonerstr. 34,1.016409261604487,0.42857142857142855
2057,2058,2058,10246,46.0,100.0,1,6311.2,5/5/2004 0:00,Shipped,2,5,2004,Classic Cars,118,S24_4048,Euro Shopping Channel,(91) 555 94 44,"C/ Moralzarzal, 86",1.1191496776890155,0.43956043956043955
2058,2059,2059,10271,22.0,100.0,1,3070.54,7/20/2004 0:00,Shipped,3,7,2004,Classic Cars,118,S24_4048,Mini Gifts Distributors Ltd.,4155551450,5677 Strong St.,-1.3466203083396644,0.17582417582417584
2059,2060,2060,10282,39.0,100.0,10,4797.39,8/20/2004 0:00,Shipped,3,8,2004,Classic Cars,118,S24_4048,Mini Gifts Distributors Ltd.,4155551450,5677 Strong St.,0.3999667650973172,0.3626373626373626
2060,2061,2061,10292,27.0,100.0,4,3832.38,9/8/2004 0:00,Shipped,3,9,2004,Classic Cars,118,S24_4048,Land of Toys Inc.,2125557818,897 Long Airport Avenue,-0.8329182279170227,0.23076923076923078
2061,2062,2062,10305,36.0,100.0,1,4641.48,10/13/2004 0:00,Shipped,4,10,2004,Classic Cars,118,S24_4048,Marta's Replicas Co.,6175558555,39323 Spinnaker Dr.,0.09174551684373221,0.32967032967032966
2062,2063,2063,10314,38.0,100.0,10,4000.26,10/22/2004 0:00,Shipped,4,10,2004,Classic Cars,118,S24_4048,Heintze Collectables,86 21 3555,Smagsloget 45,0.2972263490127889,0.3516483516483517
2063,2064,2064,10325,44.0,100.0,5,5325.76,11/5/2004 0:00,Shipped,4,11,2004,Classic Cars,118,S24_4048,Baane Mini Imports,07-98 9555,Erling Skakkes gate 78,0.9136688455199589,0.4175824175824176
2064,2065,2065,10336,31.0,100.0,5,4618.69,11/20/2004 0:00,Shipped,4,11,2004,Classic Cars,118,S24_4048,"La Corne D'abondance, Co.",(1) 42.34.2555,"265, boulevard Charonne",-0.4219565635789094,0.27472527472527475
2065,2066,2066,10349,23.0,100.0,2,3182.97,12/1/2004 0:00,Shipped,4,12,2004,Classic Cars,118,S24_4048,Muscle Machine Inc,2125557413,4092 Furth Circle,-1.2438798922551362,0.18681318681318682
2066,2067,2067,10359,22.0,100.0,7,2603.04,12/15/2004 0:00,Shipped,4,12,2004,Classic Cars,118,S24_4048,Reims Collectables,26.47.1555,59 rue de l'Abbaye,-1.3466203083396644,0.17582417582417584
2067,2068,2068,10371,28.0,50.32,9,1408.96,1/23/2005 0:00,Shipped,1,1,2005,Classic Cars,118,S24_4048,Mini Gifts Distributors Ltd.,4155551450,5677 Strong St.,-0.7301778118324944,0.24175824175824176
2068,2069,2069,10383,21.0,93.91,4,1972.11,2/22/2005 0:00,Shipped,1,2,2005,Classic Cars,118,S24_4048,Euro Shopping Channel,(91) 555 94 44,"C/ Moralzarzal, 86",-1.4493607244241928,0.16483516483516483
2069,2070,2070,10394,37.0,100.0,7,5207.75,3/15/2005 0:00,Shipped,1,3,2005,Classic Cars,118,S24_4048,Euro Shopping Channel,(91) 555 94 44,"C/ Moralzarzal, 86",0.19448593292826055,0.34065934065934067
2070,2071,2071,10412,31.0,100.0,1,4253.2,5/3/2005 0:00,Shipped,2,5,2005,Classic Cars,118,S24_4048,Euro Shopping Channel,(91) 555 94 44,"C/ Moralzarzal, 86",-0.4219565635789094,0.27472527472527475
2071,2072,2072,10103,25.0,100.0,15,2873.0,1/29/2003 0:00,Shipped,1,1,2003,Vintage Cars,97,S24_4258,Baane Mini Imports,07-98 9555,Erling Skakkes gate 78,-1.0383990600860795,0.2087912087912088
2072,2073,2073,10111,26.0,86.68,3,2253.68,3/25/2003 0:00,Shipped,1,3,2003,Vintage Cars,97,S24_4258,Mini Wheels Co.,6505555787,5557 North Pendale Street,-0.9356586440015511,0.21978021978021978
2073,2074,2074,10126,34.0,100.0,15,3576.12,5/28/2003 0:00,Shipped,2,5,2003,Vintage Cars,97,S24_4258,"Corrida Auto Replicas, Ltd",(91) 555 22 82,"C/ Araquil, 67",-0.11373531532532445,0.3076923076923077
2074,2075,2075,10139,29.0,100.0,4,3276.13,7/16/2003 0:00,Shipped,3,7,2003,Vintage Cars,97,S24_4258,Souveniers And Things Co.,+61 2 9495 8555,"Monitor Money Building, 815 Pacific Hwy",-0.6274373957479661,0.25274725274725274
2075,2076,2076,10149,20.0,90.57,1,1811.4,9/12/2003 0:00,Shipped,3,9,2003,Vintage Cars,97,S24_4258,Signal Collectibles Ltd.,4155554312,2793 Furth Circle,-1.552101140508721,0.15384615384615385
2076,2077,2077,10163,42.0,91.55,5,3845.1,10/20/2003 0:00,Shipped,4,10,2003,Vintage Cars,97,S24_4258,Classic Legends Inc.,2125558493,5905 Pompton St.,0.7081880133509022,0.3956043956043956
2077,2078,2078,10173,22.0,100.0,3,2571.14,11/5/2003 0:00,Shipped,4,11,2003,Vintage Cars,97,S24_4258,Rovelli Gifts,035-640555,Via Ludovico il Moro 22,-1.3466203083396644,0.17582417582417584
2078,2079,2079,10183,47.0,100.0,12,5035.11,11/13/2003 0:00,Shipped,4,11,2003,Vintage Cars,97,S24_4258,"Classic Gift Ideas, Inc",2155554695,782 First Street,1.2218900937735437,0.45054945054945056
2079,2080,2080,10193,20.0,100.0,4,2279.0,11/21/2003 0:00,Shipped,4,11,2003,Vintage Cars,97,S24_4258,"Australian Collectables, Ltd",61-9-3844-6555,7 Allen Street,-1.552101140508721,0.15384615384615385
2080,2081,2081,10206,33.0,97.39,10,3213.87,12/5/2003 0:00,Shipped,4,12,2003,Vintage Cars,97,S24_4258,Canadian Gift Exchange Network,(604) 555-3392,1900 Oak St.,-0.21647573140985277,0.2967032967032967
2081,2082,2082,10215,39.0,90.57,7,3532.23,1/29/2004 0:00,Shipped,1,1,2004,Vintage Cars,97,S24_4258,West Coast Collectables Co.,3105553722,3675 Furth Circle,0.3999667650973172,0.3626373626373626
2082,2083,2083,10228,33.0,100.0,6,3406.59,3/10/2004 0:00,Shipped,1,3,2004,Vintage Cars,97,S24_4258,Cambridge Collectables Co.,6175555555,4658 Baden Av.,-0.21647573140985277,0.2967032967032967
2083,2084,2084,10244,40.0,86.68,4,3467.2,4/29/2004 0:00,Shipped,2,4,2004,Vintage Cars,97,S24_4258,Euro Shopping Channel,(91) 555 94 44,"C/ Moralzarzal, 86",0.5027071811818455,0.37362637362637363
2084,2085,2085,10257,46.0,78.89,4,3628.94,6/14/2004 0:00,Shipped,2,6,2004,Vintage Cars,97,S24_4258,The Sharp Gifts Warehouse,4085553659,3086 Ingle Ln.,1.1191496776890155,0.43956043956043955
2085,2086,2086,10269,48.0,97.39,2,4674.72,7/16/2004 0:00,Shipped,3,7,2004,Vintage Cars,97,S24_4258,Salzburg Collectables,6562-9555,Geislweg 14,1.3246305098580722,0.46153846153846156
2086,2087,2087,10280,21.0,78.89,6,1656.69,8/17/2004 0:00,Shipped,3,8,2004,Vintage Cars,97,S24_4258,Amica Models & Co.,011-4988555,Via Monte Bianco 34,-1.4493607244241928,0.16483516483516483
2087,2088,2088,10290,45.0,100.0,1,5171.4,9/7/2004 0:00,Shipped,3,9,2004,Vintage Cars,97,S24_4258,Auto-Moto Classics Inc.,6175558428,16780 Pompton St.,1.016409261604487,0.42857142857142855
2088,2089,2089,10304,33.0,100.0,10,3342.57,10/11/2004 0:00,Shipped,4,10,2004,Vintage Cars,97,S24_4258,Auto Assoc. & Cie.,30.59.8555,"67, avenue de l'Europe",-0.21647573140985277,0.2967032967032967
2089,2090,2090,10312,44.0,100.0,7,4884.88,10/21/2004 0:00,Shipped,4,10,2004,Vintage Cars,97,S24_4258,Mini Gifts Distributors Ltd.,4155551450,5677 Strong St.,0.9136688455199589,0.4175824175824176
2090,2091,2091,10324,33.0,100.0,3,6267.69,11/5/2004 0:00,Shipped,4,11,2004,Vintage Cars,97,S24_4258,Vitachrome Inc.,2125551500,2678 Kingston Rd.,-0.21647573140985277,0.2967032967032967
2091,2092,2092,10333,39.0,100.0,1,4424.16,11/18/2004 0:00,Shipped,4,11,2004,Vintage Cars,97,S24_4258,Mini Wheels Co.,6505555787,5557 North Pendale Street,0.3999667650973172,0.3626373626373626
2092,2093,2093,10348,39.0,50.31,2,1962.09,11/1/2004 0:00,Shipped,4,11,2004,Vintage Cars,97,S24_4258,"Corrida Auto Replicas, Ltd",(91) 555 22 82,"C/ Araquil, 67",0.3999667650973172,0.3626373626373626
2093,2094,2094,10358,41.0,100.0,6,6847.0,12/10/2004 0:00,Shipped,4,12,2004,Vintage Cars,97,S24_4258,Euro Shopping Channel,(91) 555 94 44,"C/ Moralzarzal, 86",0.6054475972663739,0.38461538461538464
2094,2095,2095,10369,40.0,86.92,3,3476.8,1/20/2005 0:00,Shipped,1,1,2005,Vintage Cars,97,S24_4258,Collectables For Less Inc.,6175558555,7825 Douglas Av.,0.5027071811818455,0.37362637362637363
2095,2096,2096,10382,33.0,100.0,4,4592.61,2/17/2005 0:00,Shipped,1,2,2005,Vintage Cars,97,S24_4258,Mini Gifts Distributors Ltd.,4155551450,5677 Strong St.,-0.21647573140985277,0.2967032967032967
2096,2097,2097,10423,28.0,78.89,4,2208.92,5/30/2005 0:00,In Process,2,5,2005,Vintage Cars,97,S24_4258,Petit Auto,(02) 5554 67,Rue Joseph-Bens 532,-0.7301778118324944,0.24175824175824176
2097,2098,2098,10106,26.0,63.76,3,1657.76,2/17/2003 0:00,Shipped,1,2,2003,Planes,72,S24_4278,Rovelli Gifts,035-640555,Via Ludovico il Moro 22,-0.9356586440015511,0.21978021978021978
2098,2099,2099,10120,29.0,85.49,9,2479.21,4/29/2003 0:00,Shipped,2,4,2003,Planes,72,S24_4278,"Australian Collectors, Co.",03 9520 4555,636 St Kilda Road,-0.6274373957479661,0.25274725274725274
2099,2100,2100,10133,46.0,77.52,4,3565.92,6/27/2003 0:00,Shipped,2,6,2003,Planes,72,S24_4278,Euro Shopping Channel,(91) 555 94 44,"C/ Moralzarzal, 86",1.1191496776890155,0.43956043956043955
2100,2101,2101,10145,33.0,84.77,15,2797.41,8/25/2003 0:00,Shipped,3,8,2003,Planes,72,S24_4278,Toys4GrownUps.com,6265557265,78934 Hillside Dr.,-0.21647573140985277,0.2967032967032967
2101,2102,2102,10168,48.0,78.25,10,3756.0,10/28/2003 0:00,Shipped,4,10,2003,Planes,72,S24_4278,Technics Stores Inc.,6505556809,9408 Furth Circle,1.3246305098580722,0.46153846153846156
2102,2103,2103,10210,40.0,71.0,8,2840.0,1/12/2004 0:00,Shipped,1,1,2004,Planes,72,S24_4278,Osaka Souveniers Co.,+81 06 6342 5555,"Dojima Avanza 4F, 1-6-20 Dojima, Kita-ku",0.5027071811818455,0.37362637362637363
2103,2104,2104,10223,23.0,74.62,10,1716.26,2/20/2004 0:00,Shipped,1,2,2004,Planes,72,S24_4278,"Australian Collectors, Co.",03 9520 4555,636 St Kilda Road,-1.2438798922551362,0.18681318681318682
2104,2105,2105,10235,40.0,81.14,4,3245.6,4/2/2004 0:00,Shipped,2,4,2004,Planes,72,S24_4278,"Royal Canadian Collectables, Ltd.",(604) 555-4555,23 Tsawassen Blvd.,0.5027071811818455,0.37362637362637363
2105,2106,2106,10250,37.0,74.62,5,2760.94,5/11/2004 0:00,Shipped,2,5,2004,Planes,72,S24_4278,The Sharp Gifts Warehouse,4085553659,3086 Ingle Ln.,0.19448593292826055,0.34065934065934067
2106,2107,2107,10263,24.0,75.35,11,1808.4,6/28/2004 0:00,Shipped,2,6,2004,Planes,72,S24_4278,Gift Depot Inc.,2035552570,25593 South Bay Ln.,-1.1411394761706077,0.1978021978021978
2107,2108,2108,10275,27.0,62.31,10,1682.37,7/23/2004 0:00,Shipped,3,7,2004,Planes,72,S24_4278,La Rochelle Gifts,40.67.8555,"67, rue des Cinquante Otages",-0.8329182279170227,0.23076923076923078
2108,2109,2109,10284,21.0,71.0,2,1491.0,8/21/2004 0:00,Shipped,3,8,2004,Planes,72,S24_4278,"Norway Gifts By Mail, Co.",+47 2212 1555,"Drammensveien 126 A, PB 744 Sentrum",-1.4493607244241928,0.16483516483516483
2109,2110,2110,10297,23.0,72.45,5,1666.35,9/16/2004 0:00,Shipped,3,9,2004,Planes,72,S24_4278,"Clover Collections, Co.",+353 1862 1555,25 Maiden Lane,-1.2438798922551362,0.18681318681318682
2110,2111,2111,10308,44.0,83.32,8,3666.08,10/15/2004 0:00,Shipped,4,10,2004,Planes,72,S24_4278,Mini Classics,9145554562,3758 North Pendale Street,0.9136688455199589,0.4175824175824176
2111,2112,2112,10317,35.0,83.32,1,2916.2,11/2/2004 0:00,Shipped,4,11,2004,Planes,72,S24_4278,Technics Stores Inc.,6505556809,9408 Furth Circle,-0.010994899240796116,0.31868131868131866
2112,2113,2113,10328,43.0,60.86,4,2616.98,11/12/2004 0:00,Shipped,4,11,2004,Planes,72,S24_4278,Rovelli Gifts,035-640555,Via Ludovico il Moro 22,0.8109284294354305,0.4065934065934066
2113,2114,2114,10340,40.0,84.77,1,3390.8,11/24/2004 0:00,Shipped,4,11,2004,Planes,72,S24_4278,Enaco Distributors,(93) 203 4555,"Rambla de Catalu¤a, 23",0.5027071811818455,0.37362637362637363
2114,2115,2115,10353,35.0,89.9,3,3146.5,12/4/2004 0:00,Shipped,4,12,2004,Planes,72,S24_4278,Gift Ideas Corp.,2035554407,2440 Pompton St.,-0.010994899240796116,0.31868131868131866
2115,2116,2116,10361,25.0,62.46,1,1561.5,12/17/2004 0:00,Shipped,4,12,2004,Planes,72,S24_4278,Souveniers And Things Co.,+61 2 9495 8555,"Monitor Money Building, 815 Pacific Hwy",-1.0383990600860795,0.2087912087912088
2116,2117,2117,10375,43.0,100.0,2,10039.6,2/3/2005 0:00,Shipped,1,2,2005,Planes,72,S24_4278,La Rochelle Gifts,40.67.8555,"67, rue des Cinquante Otages",0.8109284294354305,0.4065934065934066
2117,2118,2118,10386,50.0,63.34,8,3167.0,3/1/2005 0:00,Resolved,1,3,2005,Planes,72,S24_4278,Euro Shopping Channel,(91) 555 94 44,"C/ Moralzarzal, 86",1.5301113420271288,0.4835164835164835
2118,2119,2119,10398,45.0,78.25,14,3521.25,3/30/2005 0:00,Shipped,1,3,2005,Planes,72,S24_4278,Reims Collectables,26.47.1555,59 rue de l'Abbaye,1.016409261604487,0.42857142857142855
2119,2120,2120,10401,52.0,81.14,4,4219.28,4/3/2005 0:00,On Hold,2,4,2005,Planes,72,S24_4278,Tekni Collectables Inc.,2015559350,7476 Moss Rd.,1.7355921741961855,0.5054945054945055
2120,2121,2121,10416,48.0,74.62,5,3581.76,5/10/2005 0:00,Shipped,2,5,2005,Planes,72,S24_4278,L'ordine Souveniers,0522-556555,Strada Provinciale 124,1.3246305098580722,0.46153846153846156
2121,2122,2122,10108,31.0,68.71,10,2130.01,3/3/2003 0:00,Shipped,1,3,2003,Classic Cars,80,S24_4620,Cruz & Sons Co.,+63 2 555 3587,15 McCallum Street - NatWest Center #13-03,-0.4219565635789094,0.27472527472527475
2122,2123,2123,10122,29.0,71.14,14,2063.06,5/8/2003 0:00,Shipped,2,5,2003,Classic Cars,80,S24_4620,Marseille Mini Autos,91.24.4555,"12, rue des Bouchers",-0.6274373957479661,0.25274725274725274
2123,2124,2124,10135,23.0,87.31,11,2008.13,7/2/2003 0:00,Shipped,3,7,2003,Classic Cars,80,S24_4620,Mini Gifts Distributors Ltd.,4155551450,5677 Strong St.,-1.2438798922551362,0.18681318681318682
2124,2125,2125,10147,31.0,64.67,11,2004.77,9/5/2003 0:00,Shipped,3,9,2003,Classic Cars,80,S24_4620,Collectables For Less Inc.,6175558555,7825 Douglas Av.,-0.4219565635789094,0.27472527472527475
2125,2126,2126,10159,23.0,67.1,6,1543.3,10/10/2003 0:00,Shipped,4,10,2003,Classic Cars,80,S24_4620,Corporate Gift Ideas Co.,6505551386,7734 Strong St.,-1.2438798922551362,0.18681318681318682
2126,2127,2127,10169,24.0,94.58,6,2269.92,11/4/2003 0:00,Shipped,4,11,2003,Classic Cars,80,S24_4620,"Anna's Decorations, Ltd",02 9936 8555,201 Miller Street,-1.1411394761706077,0.1978021978021978
2127,2128,2128,10180,28.0,71.14,1,1991.92,11/11/2003 0:00,Shipped,4,11,2003,Classic Cars,80,S24_4620,Daedalus Designs Imports,20.16.1555,"184, chausse de Tournai",-0.7301778118324944,0.24175824175824176
2128,2129,2129,10191,44.0,66.29,7,2916.76,11/20/2003 0:00,Shipped,4,11,2003,Classic Cars,80,S24_4620,"Toms Spezialitten, Ltd",0221-5554327,Mehrheimerstr. 369,0.9136688455199589,0.4175824175824176
2129,2130,2130,10211,22.0,92.16,6,2027.52,1/15/2004 0:00,Shipped,1,1,2004,Classic Cars,80,S24_4620,Auto Canal Petit,(1) 47.55.6555,"25, rue Lauriston",-1.3466203083396644,0.17582417582417584
2130,2131,2131,10225,46.0,70.33,13,3235.18,2/22/2004 0:00,Shipped,1,2,2004,Classic Cars,80,S24_4620,"Vida Sport, Ltd",0897-034555,Grenzacherweg 237,1.1191496776890155,0.43956043956043955
2131,2132,2132,10238,22.0,93.77,7,2062.94,4/9/2004 0:00,Shipped,2,4,2004,Classic Cars,80,S24_4620,Danish Wholesale Imports,31 12 3555,Vinb'ltet 34,-1.3466203083396644,0.17582417582417584
2132,2133,2133,10252,38.0,87.31,3,3317.78,5/26/2004 0:00,Shipped,2,5,2004,Classic Cars,80,S24_4620,Auto Canal Petit,(1) 47.55.6555,"25, rue Lauriston",0.2972263490127889,0.3516483516483517
2133,2134,2134,10264,47.0,83.27,1,3913.69,6/30/2004 0:00,Shipped,2,6,2004,Classic Cars,80,S24_4620,Gifts4AllAges.com,6175559555,8616 Spinnaker Dr.,1.2218900937735437,0.45054945054945056
2134,2135,2135,10276,48.0,75.18,7,3608.64,8/2/2004 0:00,Shipped,3,8,2004,Classic Cars,80,S24_4620,Online Mini Collectables,6175557555,7635 Spinnaker Dr.,1.3246305098580722,0.46153846153846156
2135,2136,2136,10287,40.0,88.12,16,3524.8,8/30/2004 0:00,Shipped,3,8,2004,Classic Cars,80,S24_4620,"Vida Sport, Ltd",0897-034555,Grenzacherweg 237,0.5027071811818455,0.37362637362637363
2136,2137,2137,10299,32.0,80.84,1,2586.88,9/30/2004 0:00,Shipped,3,9,2004,Classic Cars,80,S24_4620,"Toys of Finland, Co.",90-224 8555,Keskuskatu 45,-0.3192161474943811,0.2857142857142857
2137,2138,2138,10310,49.0,97.01,14,4753.49,10/16/2004 0:00,Shipped,4,10,2004,Classic Cars,80,S24_4620,"Toms Spezialitten, Ltd",0221-5554327,Mehrheimerstr. 369,1.4273709259426004,0.4725274725274725
2138,2139,2139,10319,43.0,85.69,2,3684.67,11/3/2004 0:00,Shipped,4,11,2004,Classic Cars,80,S24_4620,Microscale Inc.,2125551957,5290 North Pendale Street,0.8109284294354305,0.4065934065934066
2139,2140,2140,10331,41.0,100.0,2,5715.4,11/17/2004 0:00,Shipped,4,11,2004,Classic Cars,80,S24_4620,Motor Mint Distributors Inc.,2155559857,11328 Douglas Av.,0.6054475972663739,0.38461538461538464
2140,2141,2141,10343,30.0,100.0,1,3098.7,11/24/2004 0:00,Shipped,4,11,2004,Classic Cars,80,S24_4620,Reims Collectables,26.47.1555,59 rue de l'Abbaye,-0.5246969796634378,0.26373626373626374
2141,2142,2142,10355,28.0,95.39,9,2670.92,12/7/2004 0:00,Shipped,4,12,2004,Classic Cars,80,S24_4620,Euro Shopping Channel,(91) 555 94 44,"C/ Moralzarzal, 86",-0.7301778118324944,0.24175824175824176
2142,2143,2143,10363,43.0,100.0,9,5154.41,1/6/2005 0:00,Shipped,1,1,2005,Classic Cars,80,S24_4620,Suominen Souveniers,+358 9 8045 555,"Software Engineering Center, SEC Oy",0.8109284294354305,0.4065934065934066
2143,2144,2144,10378,41.0,100.0,2,4894.17,2/10/2005 0:00,Shipped,1,2,2005,Classic Cars,80,S24_4620,Euro Shopping Channel,(91) 555 94 44,"C/ Moralzarzal, 86",0.6054475972663739,0.38461538461538464
2144,2145,2145,10390,30.0,82.42,10,2472.6,3/4/2005 0:00,Shipped,1,3,2005,Classic Cars,80,S24_4620,Mini Gifts Distributors Ltd.,4155551450,5677 Strong St.,-0.5246969796634378,0.26373626373626374
2145,2146,2146,10103,31.0,100.0,3,3224.31,1/29/2003 0:00,Shipped,1,1,2003,Trucks and Buses,96,S32_1268,Baane Mini Imports,07-98 9555,Erling Skakkes gate 78,-0.4219565635789094,0.27472527472527475
2146,2147,2147,10114,32.0,100.0,7,3667.52,4/1/2003 0:00,Shipped,2,4,2003,Trucks and Buses,96,S32_1268,"La Corne D'abondance, Co.",(1) 42.34.2555,"265, boulevard Charonne",-0.3192161474943811,0.2857142857142857
2147,2148,2148,10126,43.0,96.31,3,4141.33,5/28/2003 0:00,Shipped,2,5,2003,Trucks and Buses,96,S32_1268,"Corrida Auto Replicas, Ltd",(91) 555 22 82,"C/ Araquil, 67",0.8109284294354305,0.4065934065934066
2148,2149,2149,10140,26.0,100.0,3,2829.58,7/24/2003 0:00,Shipped,3,7,2003,Trucks and Buses,96,S32_1268,Technics Stores Inc.,6505556809,9408 Furth Circle,-0.9356586440015511,0.21978021978021978
2149,2150,2150,10151,27.0,100.0,10,3068.55,9/21/2003 0:00,Shipped,3,9,2003,Trucks and Buses,96,S32_1268,"Oulu Toy Supplies, Inc.",981-443655,Torikatu 38,-0.8329182279170227,0.23076923076923078
2150,2151,2151,10164,24.0,100.0,1,2634.96,10/21/2003 0:00,Resolved,4,10,2003,Trucks and Buses,96,S32_1268,Mini Auto Werke,7675-3555,Kirchgasse 6,-1.1411394761706077,0.1978021978021978
2151,2152,2152,10175,22.0,100.0,8,2436.72,11/6/2003 0:00,Shipped,4,11,2003,Trucks and Buses,96,S32_1268,"Stylish Desk Decors, Co.",(171) 555-0297,35 King George,-1.3466203083396644,0.17582417582417584
2152,2153,2153,10184,46.0,100.0,13,4607.36,11/14/2003 0:00,Shipped,4,11,2003,Trucks and Buses,96,S32_1268,"Iberia Gift Imports, Corp.",(95) 555 82 82,"C/ Romero, 33",1.1191496776890155,0.43956043956043955
2153,2154,2154,10194,37.0,97.27,3,3598.99,11/25/2003 0:00,Shipped,4,11,2003,Trucks and Buses,96,S32_1268,"Saveley & Henriot, Co.",78.32.5555,"2, rue du Commerce",0.19448593292826055,0.34065934065934067
2154,2155,2155,10207,49.0,80.9,14,3964.1,12/9/2003 0:00,Shipped,4,12,2003,Trucks and Buses,96,S32_1268,Diecast Collectables,6175552555,6251 Ingle Ln.,1.4273709259426004,0.4725274725274725
2155,2156,2156,10217,21.0,100.0,3,2244.9,2/4/2004 0:00,Shipped,1,2,2004,Trucks and Buses,96,S32_1268,Handji Gifts& Co,+65 224 1555,Village Close - 106 Linden Road Sandown,-1.4493607244241928,0.16483516483516483
2156,2157,2157,10229,25.0,100.0,8,2793.0,3/11/2004 0:00,Shipped,1,3,2004,Trucks and Buses,96,S32_1268,Mini Gifts Distributors Ltd.,4155551450,5677 Strong St.,-1.0383990600860795,0.2087912087912088
2157,2158,2158,10245,37.0,100.0,1,4133.64,5/4/2004 0:00,Shipped,2,5,2004,Trucks and Buses,96,S32_1268,Super Scale Inc.,2035559545,567 North Pendale Street,0.19448593292826055,0.34065934065934067
2158,2159,2159,10259,45.0,86.68,11,3900.6,6/15/2004 0:00,Shipped,2,6,2004,Trucks and Buses,96,S32_1268,Handji Gifts& Co,+65 224 1555,Village Close - 106 Linden Road Sandown,1.016409261604487,0.42857142857142855
2159,2160,2160,10270,32.0,85.72,1,2743.04,7/19/2004 0:00,Shipped,3,7,2004,Trucks and Buses,96,S32_1268,Souveniers And Things Co.,+61 2 9495 8555,"Monitor Money Building, 815 Pacific Hwy",-0.3192161474943811,0.2857142857142857
2160,2161,2161,10281,29.0,82.83,8,2402.07,8/19/2004 0:00,Shipped,3,8,2004,Trucks and Buses,96,S32_1268,Diecast Classics Inc.,2155551555,7586 Pompton St.,-0.6274373957479661,0.25274725274725274
2161,2162,2162,10291,26.0,83.79,3,2178.54,9/8/2004 0:00,Shipped,3,9,2004,Trucks and Buses,96,S32_1268,Scandinavian Gift Ideas,0695-34 6555,?kergatan 24,-0.9356586440015511,0.21978021978021978
2162,2163,2163,10305,28.0,100.0,12,3155.04,10/13/2004 0:00,Shipped,4,10,2004,Trucks and Buses,96,S32_1268,Marta's Replicas Co.,6175558555,39323 Spinnaker Dr.,-0.7301778118324944,0.24175824175824176
2163,2164,2164,10313,27.0,87.64,6,2366.28,10/22/2004 0:00,Shipped,4,10,2004,Trucks and Buses,96,S32_1268,Canadian Gift Exchange Network,(604) 555-3392,1900 Oak St.,-0.8329182279170227,0.23076923076923078
2164,2165,2165,10324,20.0,98.18,11,1963.6,11/5/2004 0:00,Shipped,4,11,2004,Trucks and Buses,96,S32_1268,Vitachrome Inc.,2125551500,2678 Kingston Rd.,-1.552101140508721,0.15384615384615385
2165,2166,2166,10335,44.0,100.0,1,4746.28,11/19/2004 0:00,Shipped,4,11,2004,Trucks and Buses,96,S32_1268,Mini Gifts Distributors Ltd.,4155551450,5677 Strong St.,0.9136688455199589,0.4175824175824176
2166,2167,2167,10348,42.0,100.0,3,6386.94,11/1/2004 0:00,Shipped,4,11,2004,Trucks and Buses,96,S32_1268,"Corrida Auto Replicas, Ltd",(91) 555 22 82,"C/ Araquil, 67",0.7081880133509022,0.3956043956043956
2167,2168,2168,10358,41.0,100.0,1,4428.0,12/10/2004 0:00,Shipped,4,12,2004,Trucks and Buses,96,S32_1268,Euro Shopping Channel,(91) 555 94 44,"C/ Moralzarzal, 86",0.6054475972663739,0.38461538461538464
2168,2169,2169,10371,26.0,100.0,1,4044.04,1/23/2005 0:00,Shipped,1,1,2005,Trucks and Buses,96,S32_1268,Mini Gifts Distributors Ltd.,4155551450,5677 Strong St.,-0.9356586440015511,0.21978021978021978
2169,2170,2170,10382,26.0,100.0,6,2708.42,2/17/2005 0:00,Shipped,1,2,2005,Trucks and Buses,96,S32_1268,Mini Gifts Distributors Ltd.,4155551450,5677 Strong St.,-0.9356586440015511,0.21978021978021978
2170,2171,2171,10411,26.0,100.0,1,2904.72,5/1/2005 0:00,Shipped,2,5,2005,Trucks and Buses,96,S32_1268,Quebec Home Shopping Network,(514) 555-8054,43 rue St. Laurent,-0.9356586440015511,0.21978021978021978
2171,2172,2172,10425,41.0,86.68,11,3553.88,5/31/2005 0:00,In Process,2,5,2005,Trucks and Buses,96,S32_1268,La Rochelle Gifts,40.67.8555,"67, rue des Cinquante Otages",0.6054475972663739,0.38461538461538464
2172,2173,2173,10107,20.0,92.9,8,1858.0,2/24/2003 0:00,Shipped,1,2,2003,Motorcycles,99,S32_1374,Land of Toys Inc.,2125557818,897 Long Airport Avenue,-1.552101140508721,0.15384615384615385
2173,2174,2174,10120,22.0,100.0,6,2461.36,4/29/2003 0:00,Shipped,2,4,2003,Motorcycles,99,S32_1374,"Australian Collectors, Co.",03 9520 4555,636 St Kilda Road,-1.3466203083396644,0.17582417582417584
2174,2175,2175,10133,23.0,100.0,1,2642.01,6/27/2003 0:00,Shipped,2,6,2003,Motorcycles,99,S32_1374,Euro Shopping Channel,(91) 555 94 44,"C/ Moralzarzal, 86",-1.2438798922551362,0.18681318681318682
2175,2176,2176,10145,33.0,93.9,12,3098.7,8/25/2003 0:00,Shipped,3,8,2003,Motorcycles,99,S32_1374,Toys4GrownUps.com,6265557265,78934 Hillside Dr.,-0.21647573140985277,0.2967032967032967
2176,2177,2177,10168,28.0,100.0,7,3244.36,10/28/2003 0:00,Shipped,4,10,2003,Motorcycles,99,S32_1374,Technics Stores Inc.,6505556809,9408 Furth Circle,-0.7301778118324944,0.24175824175824176
2177,2178,2178,10188,44.0,98.89,7,4351.16,11/18/2003 0:00,Shipped,4,11,2003,Motorcycles,99,S32_1374,Herkku Gifts,+47 2267 3215,"Drammen 121, PR 744 Sentrum",0.9136688455199589,0.4175824175824176
2178,2179,2179,10210,46.0,79.91,5,3675.86,1/12/2004 0:00,Shipped,1,1,2004,Motorcycles,99,S32_1374,Osaka Souveniers Co.,+81 06 6342 5555,"Dojima Avanza 4F, 1-6-20 Dojima, Kita-ku",1.1191496776890155,0.43956043956043955
2179,2180,2180,10223,21.0,100.0,7,2475.27,2/20/2004 0:00,Shipped,1,2,2004,Motorcycles,99,S32_1374,"Australian Collectors, Co.",03 9520 4555,636 St Kilda Road,-1.4493607244241928,0.16483516483516483
2180,2181,2181,10235,41.0,100.0,1,4177.49,4/2/2004 0:00,Shipped,2,4,2004,Motorcycles,99,S32_1374,"Royal Canadian Collectables, Ltd.",(604) 555-4555,23 Tsawassen Blvd.,0.6054475972663739,0.38461538461538464
2181,2182,2182,10250,31.0,100.0,2,3282.28,5/11/2004 0:00,Shipped,2,5,2004,Motorcycles,99,S32_1374,The Sharp Gifts Warehouse,4085553659,3086 Ingle Ln.,-0.4219565635789094,0.27472527472527475
2182,2183,2183,10263,31.0,79.91,8,2477.21,6/28/2004 0:00,Shipped,2,6,2004,Motorcycles,99,S32_1374,Gift Depot Inc.,2035552570,25593 South Bay Ln.,-0.4219565635789094,0.27472527472527475
2183,2184,2184,10275,23.0,81.91,7,1883.93,7/23/2004 0:00,Shipped,3,7,2004,Motorcycles,99,S32_1374,La Rochelle Gifts,40.67.8555,"67, rue des Cinquante Otages",-1.2438798922551362,0.18681318681318682
2184,2185,2185,10285,37.0,98.89,12,3658.93,8/27/2004 0:00,Shipped,3,8,2004,Motorcycles,99,S32_1374,Marta's Replicas Co.,6175558555,39323 Spinnaker Dr.,0.19448593292826055,0.34065934065934067
2185,2186,2186,10297,26.0,100.0,2,2856.88,9/16/2004 0:00,Shipped,3,9,2004,Motorcycles,99,S32_1374,"Clover Collections, Co.",+353 1862 1555,25 Maiden Lane,-0.9356586440015511,0.21978021978021978
2186,2187,2187,10308,24.0,79.91,5,1917.84,10/15/2004 0:00,Shipped,4,10,2004,Motorcycles,99,S32_1374,Mini Classics,9145554562,3758 North Pendale Street,-1.1411394761706077,0.1978021978021978
2187,2188,2188,10318,47.0,100.0,7,5305.36,11/2/2004 0:00,Shipped,4,11,2004,Motorcycles,99,S32_1374,Diecast Classics Inc.,2155551555,7586 Pompton St.,1.2218900937735437,0.45054945054945056
2188,2189,2189,10329,45.0,63.91,11,2875.95,11/15/2004 0:00,Shipped,4,11,2004,Motorcycles,99,S32_1374,Land of Toys Inc.,2125557818,897 Long Airport Avenue,1.016409261604487,0.42857142857142855
2189,2190,2190,10340,55.0,100.0,2,6482.85,11/24/2004 0:00,Shipped,4,11,2004,Motorcycles,99,S32_1374,Enaco Distributors,(93) 203 4555,"Rambla de Catalu¤a, 23",2.0438134224497704,0.5384615384615384
2190,2191,2191,10353,46.0,81.17,5,3733.82,12/4/2004 0:00,Shipped,4,12,2004,Motorcycles,99,S32_1374,Gift Ideas Corp.,2035554407,2440 Pompton St.,1.1191496776890155,0.43956043956043955
2191,2192,2192,10363,50.0,100.0,2,6576.5,1/6/2005 0:00,Shipped,1,1,2005,Motorcycles,99,S32_1374,Suominen Souveniers,+358 9 8045 555,"Software Engineering Center, SEC Oy",1.5301113420271288,0.4835164835164835
2192,2193,2193,10375,37.0,100.0,3,6353.27,2/3/2005 0:00,Shipped,1,2,2005,Motorcycles,99,S32_1374,La Rochelle Gifts,40.67.8555,"67, rue des Cinquante Otages",0.19448593292826055,0.34065934065934067
2193,2194,2194,10387,44.0,94.9,1,4175.6,3/2/2005 0:00,Shipped,1,3,2005,Motorcycles,99,S32_1374,"Dragon Souveniers, Ltd.",+65 221 7555,"Bronz Sok., Bronz Apt. 3/6 Tesvikiye",0.9136688455199589,0.4175824175824176
2194,2195,2195,10401,49.0,100.0,1,4992.61,4/3/2005 0:00,On Hold,2,4,2005,Motorcycles,99,S32_1374,Tekni Collectables Inc.,2015559350,7476 Moss Rd.,1.4273709259426004,0.4725274725274725
2195,2196,2196,10416,45.0,100.0,2,4764.6,5/10/2005 0:00,Shipped,2,5,2005,Motorcycles,99,S32_1374,L'ordine Souveniers,0522-556555,Strada Provinciale 124,1.016409261604487,0.42857142857142855
2196,2197,2197,10108,27.0,43.45,13,1173.15,3/3/2003 0:00,Shipped,1,3,2003,Motorcycles,40,S32_2206,Cruz & Sons Co.,+63 2 555 3587,15 McCallum Street - NatWest Center #13-03,-0.8329182279170227,0.23076923076923078
2197,2198,2198,10122,31.0,44.66,17,1384.46,5/8/2003 0:00,Shipped,2,5,2003,Motorcycles,40,S32_2206,Marseille Mini Autos,91.24.4555,"12, rue des Bouchers",-0.4219565635789094,0.27472527472527475
2198,2199,2199,10135,33.0,40.23,14,1327.59,7/2/2003 0:00,Shipped,3,7,2003,Motorcycles,40,S32_2206,Mini Gifts Distributors Ltd.,4155551450,5677 Strong St.,-0.21647573140985277,0.2967032967032967
2199,2200,2200,10145,31.0,35.8,1,1109.8,8/25/2003 0:00,Shipped,3,8,2003,Motorcycles,40,S32_2206,Toys4GrownUps.com,6265557265,78934 Hillside Dr.,-0.4219565635789094,0.27472527472527475
2200,2201,2201,10159,35.0,35.4,9,1239.0,10/10/2003 0:00,Shipped,4,10,2003,Motorcycles,40,S32_2206,Corporate Gift Ideas Co.,6505551386,7734 Strong St.,-0.010994899240796116,0.31868131868131866
2201,2202,2202,10169,26.0,39.83,9,1035.58,11/4/2003 0:00,Shipped,4,11,2003,Motorcycles,40,S32_2206,"Anna's Decorations, Ltd",02 9936 8555,201 Miller Street,-0.9356586440015511,0.21978021978021978
2202,2203,2203,10180,34.0,45.46,4,1545.64,11/11/2003 0:00,Shipped,4,11,2003,Motorcycles,40,S32_2206,Daedalus Designs Imports,20.16.1555,"184, chausse de Tournai",-0.11373531532532445,0.3076923076923077
2203,2204,2204,10190,46.0,32.99,1,1517.54,11/19/2003 0:00,Shipped,4,11,2003,Motorcycles,40,S32_2206,Euro Shopping Channel,(91) 555 94 44,"C/ Moralzarzal, 86",1.1191496776890155,0.43956043956043955
2204,2205,2205,10211,41.0,42.24,9,1731.84,1/15/2004 0:00,Shipped,1,1,2004,Motorcycles,40,S32_2206,Auto Canal Petit,(1) 47.55.6555,"25, rue Lauriston",0.6054475972663739,0.38461538461538464
2205,2206,2206,10224,43.0,39.43,2,1695.49,2/21/2004 0:00,Shipped,1,2,2004,Motorcycles,40,S32_2206,Daedalus Designs Imports,20.16.1555,"184, chausse de Tournai",0.8109284294354305,0.4065934065934066
2206,2207,2207,10237,26.0,40.23,2,1045.98,4/5/2004 0:00,Shipped,2,4,2004,Motorcycles,40,S32_2206,Vitachrome Inc.,2125551500,2678 Kingston Rd.,-0.9356586440015511,0.21978021978021978
2207,2208,2208,10252,36.0,48.28,6,1738.08,5/26/2004 0:00,Shipped,2,5,2004,Motorcycles,40,S32_2206,Auto Canal Petit,(1) 47.55.6555,"25, rue Lauriston",0.09174551684373221,0.32967032967032966
2208,2209,2209,10264,20.0,32.59,4,651.8,6/30/2004 0:00,Shipped,2,6,2004,Motorcycles,40,S32_2206,Gifts4AllAges.com,6175559555,8616 Spinnaker Dr.,-1.552101140508721,0.15384615384615385
2209,2210,2210,10276,27.0,36.61,10,988.47,8/2/2004 0:00,Shipped,3,8,2004,Motorcycles,40,S32_2206,Online Mini Collectables,6175557555,7635 Spinnaker Dr.,-0.8329182279170227,0.23076923076923078
2210,2211,2211,10285,37.0,41.03,1,1518.11,8/27/2004 0:00,Shipped,3,8,2004,Motorcycles,40,S32_2206,Marta's Replicas Co.,6175558555,39323 Spinnaker Dr.,0.19448593292826055,0.34065934065934067
2211,2212,2212,10299,24.0,42.24,4,1013.76,9/30/2004 0:00,Shipped,3,9,2004,Motorcycles,40,S32_2206,"Toys of Finland, Co.",90-224 8555,Keskuskatu 45,-1.1411394761706077,0.1978021978021978
2212,2213,2213,10310,36.0,43.05,17,1549.8,10/16/2004 0:00,Shipped,4,10,2004,Motorcycles,40,S32_2206,"Toms Spezialitten, Ltd",0221-5554327,Mehrheimerstr. 369,0.09174551684373221,0.32967032967032966
2213,2214,2214,10319,29.0,38.22,5,1108.38,11/3/2004 0:00,Shipped,4,11,2004,Motorcycles,40,S32_2206,Microscale Inc.,2125551957,5290 North Pendale Street,-0.6274373957479661,0.25274725274725274
2214,2215,2215,10331,28.0,100.0,3,4102.56,11/17/2004 0:00,Shipped,4,11,2004,Motorcycles,40,S32_2206,Motor Mint Distributors Inc.,2155559857,11328 Douglas Av.,-0.7301778118324944,0.24175824175824176
2215,2216,2216,10343,29.0,100.0,5,3713.16,11/24/2004 0:00,Shipped,4,11,2004,Motorcycles,40,S32_2206,Reims Collectables,26.47.1555,59 rue de l'Abbaye,-0.6274373957479661,0.25274725274725274
2216,2217,2217,10355,38.0,39.83,10,1513.54,12/7/2004 0:00,Shipped,4,12,2004,Motorcycles,40,S32_2206,Euro Shopping Channel,(91) 555 94 44,"C/ Moralzarzal, 86",0.2972263490127889,0.3516483516483517
2217,2218,2218,10364,48.0,48.28,1,2317.44,1/6/2005 0:00,Shipped,1,1,2005,Motorcycles,40,S32_2206,Marseille Mini Autos,91.24.4555,"12, rue des Bouchers",1.3246305098580722,0.46153846153846156
2218,2219,2219,10378,40.0,82.46,1,3298.4,2/10/2005 0:00,Shipped,1,2,2005,Motorcycles,40,S32_2206,Euro Shopping Channel,(91) 555 94 44,"C/ Moralzarzal, 86",0.5027071811818455,0.37362637362637363
2219,2220,2220,10390,41.0,44.56,11,1826.96,3/4/2005 0:00,Shipped,1,3,2005,Motorcycles,40,S32_2206,Mini Gifts Distributors Ltd.,4155551450,5677 Strong St.,0.6054475972663739,0.38461538461538464
2220,2221,2221,10403,30.0,40.23,2,1206.9,4/8/2005 0:00,Shipped,2,4,2005,Motorcycles,40,S32_2206,"UK Collectables, Ltd.",(171) 555-2282,Berkeley Gardens 12  Brewery,-0.5246969796634378,0.26373626373626374
2221,2222,2222,10104,35.0,47.62,11,1666.7,1/31/2003 0:00,Shipped,1,1,2003,Trucks and Buses,54,S32_2509,Euro Shopping Channel,(91) 555 94 44,"C/ Moralzarzal, 86",-0.010994899240796116,0.31868131868131866
2222,2223,2223,10114,28.0,55.73,2,1560.44,4/1/2003 0:00,Shipped,2,4,2003,Trucks and Buses,54,S32_2509,"La Corne D'abondance, Co.",(1) 42.34.2555,"265, boulevard Charonne",-0.7301778118324944,0.24175824175824176
2223,2224,2224,10127,45.0,51.95,13,2337.75,6/3/2003 0:00,Shipped,2,6,2003,Trucks and Buses,54,S32_2509,Muscle Machine Inc,2125557413,4092 Furth Circle,1.016409261604487,0.42857142857142855
2224,2225,2225,10141,24.0,45.99,7,1103.76,8/1/2003 0:00,Shipped,3,8,2003,Trucks and Buses,54,S32_2509,Suominen Souveniers,+358 9 8045 555,"Software Engineering Center, SEC Oy",-1.1411394761706077,0.1978021978021978
2225,2226,2226,10151,41.0,63.85,5,2617.85,9/21/2003 0:00,Shipped,3,9,2003,Trucks and Buses,54,S32_2509,"Oulu Toy Supplies, Inc.",981-443655,Torikatu 38,0.6054475972663739,0.38461538461538464
2226,2227,2227,10165,48.0,45.99,14,2207.52,10/22/2003 0:00,Shipped,4,10,2003,Trucks and Buses,54,S32_2509,"Dragon Souveniers, Ltd.",+65 221 7555,"Bronz Sok., Bronz Apt. 3/6 Tesvikiye",1.3246305098580722,0.46153846153846156
2227,2228,2228,10175,50.0,63.31,3,3165.5,11/6/2003 0:00,Shipped,4,11,2003,Trucks and Buses,54,S32_2509,"Stylish Desk Decors, Co.",(171) 555-0297,35 King George,1.5301113420271288,0.4835164835164835
2228,2229,2229,10184,33.0,62.77,8,2071.41,11/14/2003 0:00,Shipped,4,11,2003,Trucks and Buses,54,S32_2509,"Iberia Gift Imports, Corp.",(95) 555 82 82,"C/ Romero, 33",-0.21647573140985277,0.2967032967032967
2229,2230,2230,10195,32.0,43.29,8,1385.28,11/25/2003 0:00,Shipped,4,11,2003,Trucks and Buses,54,S32_2509,Mini Classics,9145554562,3758 North Pendale Street,-0.3192161474943811,0.2857142857142857
2230,2231,2231,10207,27.0,60.06,9,1621.62,12/9/2003 0:00,Shipped,4,12,2003,Trucks and Buses,54,S32_2509,Diecast Collectables,6175552555,6251 Ingle Ln.,-0.8329182279170227,0.23076923076923078
2231,2232,2232,10219,35.0,55.19,4,1931.65,2/10/2004 0:00,Shipped,1,2,2004,Trucks and Buses,54,S32_2509,Signal Collectibles Ltd.,4155554312,2793 Furth Circle,-0.010994899240796116,0.31868131868131866
2232,2233,2233,10229,23.0,54.11,3,1244.53,3/11/2004 0:00,Shipped,1,3,2004,Trucks and Buses,54,S32_2509,Mini Gifts Distributors Ltd.,4155551450,5677 Strong St.,-1.2438798922551362,0.18681318681318682
2233,2234,2234,10246,35.0,48.7,7,1704.5,5/5/2004 0:00,Shipped,2,5,2004,Trucks and Buses,54,S32_2509,Euro Shopping Channel,(91) 555 94 44,"C/ Moralzarzal, 86",-0.010994899240796116,0.31868131868131866
2234,2235,2235,10259,40.0,43.83,6,1753.2,6/15/2004 0:00,Shipped,2,6,2004,Trucks and Buses,54,S32_2509,Handji Gifts& Co,+65 224 1555,Village Close - 106 Linden Road Sandown,0.5027071811818455,0.37362637362637363
2235,2236,2236,10271,35.0,47.62,7,1666.7,7/20/2004 0:00,Shipped,3,7,2004,Trucks and Buses,54,S32_2509,Mini Gifts Distributors Ltd.,4155551450,5677 Strong St.,-0.010994899240796116,0.31868131868131866
2236,2237,2237,10281,31.0,55.19,3,1710.89,8/19/2004 0:00,Shipped,3,8,2004,Trucks and Buses,54,S32_2509,Diecast Classics Inc.,2155551555,7586 Pompton St.,-0.4219565635789094,0.27472527472527475
2237,2238,2238,10292,50.0,46.53,10,2326.5,9/8/2004 0:00,Shipped,3,9,2004,Trucks and Buses,54,S32_2509,Land of Toys Inc.,2125557818,897 Long Airport Avenue,1.5301113420271288,0.4835164835164835
2238,2239,2239,10305,40.0,57.9,7,2316.0,10/13/2004 0:00,Shipped,4,10,2004,Trucks and Buses,54,S32_2509,Marta's Replicas Co.,6175558555,39323 Spinnaker Dr.,0.5027071811818455,0.37362637362637363
2239,2240,2240,10313,38.0,45.45,1,1727.1,10/22/2004 0:00,Shipped,4,10,2004,Trucks and Buses,54,S32_2509,Canadian Gift Exchange Network,(604) 555-3392,1900 Oak St.,0.2972263490127889,0.3516483516483517
2240,2241,2241,10325,38.0,100.0,3,8844.12,11/5/2004 0:00,Shipped,4,11,2004,Trucks and Buses,54,S32_2509,Baane Mini Imports,07-98 9555,Erling Skakkes gate 78,0.2972263490127889,0.3516483516483517
2241,2242,2242,10335,40.0,60.6,3,2424.0,11/19/2004 0:00,Shipped,4,11,2004,Trucks and Buses,54,S32_2509,Mini Gifts Distributors Ltd.,4155551450,5677 Strong St.,0.5027071811818455,0.37362637362637363
2242,2243,2243,10349,33.0,46.53,1,1535.49,12/1/2004 0:00,Shipped,4,12,2004,Trucks and Buses,54,S32_2509,Muscle Machine Inc,2125557413,4092 Furth Circle,-0.21647573140985277,0.2967032967032967
2243,2244,2244,10359,36.0,100.0,3,6358.68,12/15/2004 0:00,Shipped,4,12,2004,Trucks and Buses,54,S32_2509,Reims Collectables,26.47.1555,59 rue de l'Abbaye,0.09174551684373221,0.32967032967032966
2244,2245,2245,10371,20.0,66.47,2,1329.4,1/23/2005 0:00,Shipped,1,1,2005,Trucks and Buses,54,S32_2509,Mini Gifts Distributors Ltd.,4155551450,5677 Strong St.,-1.552101140508721,0.15384615384615385
2245,2246,2246,10383,32.0,53.18,5,1701.76,2/22/2005 0:00,Shipped,1,2,2005,Trucks and Buses,54,S32_2509,Euro Shopping Channel,(91) 555 94 44,"C/ Moralzarzal, 86",-0.3192161474943811,0.2857142857142857
2246,2247,2247,10394,36.0,62.77,3,2259.72,3/15/2005 0:00,Shipped,1,3,2005,Trucks and Buses,54,S32_2509,Euro Shopping Channel,(91) 555 94 44,"C/ Moralzarzal, 86",0.09174551684373221,0.32967032967032966
2247,2248,2248,10412,19.0,48.7,7,925.3,5/3/2005 0:00,Shipped,2,5,2005,Trucks and Buses,54,S32_2509,Euro Shopping Channel,(91) 555 94 44,"C/ Moralzarzal, 86",-1.6548415565932495,0.14285714285714285
2248,2249,2249,10425,11.0,43.83,6,482.13,5/31/2005 0:00,In Process,2,5,2005,Trucks and Buses,54,S32_2509,La Rochelle Gifts,40.67.8555,"67, rue des Cinquante Otages",-2.476764885269476,0.054945054945054944
2249,2250,2250,10104,49.0,65.87,4,3227.63,1/31/2003 0:00,Shipped,1,1,2003,Trains,62,S32_3207,Euro Shopping Channel,(91) 555 94 44,"C/ Moralzarzal, 86",1.4273709259426004,0.4725274725274725
2250,2251,2251,10116,27.0,63.38,1,1711.26,4/11/2003 0:00,Shipped,2,4,2003,Trains,62,S32_3207,Royale Belge,(071) 23 67 2555,"Boulevard Tirou, 255",-0.8329182279170227,0.23076923076923078
2251,2252,2252,10127,29.0,70.84,6,2054.36,6/3/2003 0:00,Shipped,2,6,2003,Trains,62,S32_3207,Muscle Machine Inc,2125557413,4092 Furth Circle,-0.6274373957479661,0.25274725274725274
2252,2253,2253,10142,42.0,74.57,16,3131.94,8/8/2003 0:00,Shipped,3,8,2003,Trains,62,S32_3207,Mini Gifts Distributors Ltd.,4155551450,5677 Strong St.,0.7081880133509022,0.3956043956043956
2253,2254,2254,10152,33.0,50.95,2,1681.35,9/25/2003 0:00,Shipped,3,9,2003,Trains,62,S32_3207,"Australian Gift Network, Co",61-7-3844-6555,31 Duncan St. West End,-0.21647573140985277,0.2967032967032967
2254,2255,2255,10165,44.0,53.44,7,2351.36,10/22/2003 0:00,Shipped,4,10,2003,Trains,62,S32_3207,"Dragon Souveniers, Ltd.",+65 221 7555,"Bronz Sok., Bronz Apt. 3/6 Tesvikiye",0.9136688455199589,0.4175824175824176
2255,2256,2256,10176,22.0,64.0,6,1408.0,11/6/2003 0:00,Shipped,4,11,2003,Trains,62,S32_3207,L'ordine Souveniers,0522-556555,Strada Provinciale 124,-1.3466203083396644,0.17582417582417584
2256,2257,2257,10184,48.0,50.95,1,2445.6,11/14/2003 0:00,Shipped,4,11,2003,Trains,62,S32_3207,"Iberia Gift Imports, Corp.",(95) 555 82 82,"C/ Romero, 33",1.3246305098580722,0.46153846153846156
2257,2258,2258,10195,33.0,54.68,1,1804.44,11/25/2003 0:00,Shipped,4,11,2003,Trains,62,S32_3207,Mini Classics,9145554562,3758 North Pendale Street,-0.21647573140985277,0.2967032967032967
2258,2259,2259,10207,45.0,56.55,2,2544.75,12/9/2003 0:00,Shipped,4,12,2003,Trains,62,S32_3207,Diecast Collectables,6175552555,6251 Ingle Ln.,1.016409261604487,0.42857142857142855
2259,2260,2260,10220,20.0,52.82,6,1056.4,2/12/2004 0:00,Shipped,1,2,2004,Trains,62,S32_3207,"Clover Collections, Co.",+353 1862 1555,25 Maiden Lane,-1.552101140508721,0.15384615384615385
2260,2261,2261,10230,46.0,60.9,4,2801.4,3/15/2004 0:00,Shipped,1,3,2004,Trains,62,S32_3207,"Blauer See Auto, Co.",+49 69 66 90 2555,Lyonerstr. 34,1.1191496776890155,0.43956043956043955
2261,2262,2262,10247,40.0,49.71,6,1988.4,5/5/2004 0:00,Shipped,2,5,2004,Trains,62,S32_3207,Suominen Souveniers,+358 9 8045 555,"Software Engineering Center, SEC Oy",0.5027071811818455,0.37362637362637363
2262,2263,2263,10272,45.0,64.63,6,2908.35,7/20/2004 0:00,Shipped,3,7,2004,Trains,62,S32_3207,Diecast Classics Inc.,2155551555,7586 Pompton St.,1.016409261604487,0.42857142857142855
2263,2264,2264,10282,36.0,59.65,9,2147.4,8/20/2004 0:00,Shipped,3,8,2004,Trains,62,S32_3207,Mini Gifts Distributors Ltd.,4155551450,5677 Strong St.,0.09174551684373221,0.32967032967032966
2264,2265,2265,10292,31.0,67.73,3,2099.63,9/8/2004 0:00,Shipped,3,9,2004,Trains,62,S32_3207,Land of Toys Inc.,2125557818,897 Long Airport Avenue,-0.4219565635789094,0.27472527472527475
2265,2266,2266,10306,46.0,50.33,17,2315.18,10/14/2004 0:00,Shipped,4,10,2004,Trains,62,S32_3207,"AV Stores, Co.",(171) 555-1555,Fauntleroy Circus,1.1191496776890155,0.43956043956043955
2266,2267,2267,10314,35.0,66.49,9,2327.15,10/22/2004 0:00,Shipped,4,10,2004,Trains,62,S32_3207,Heintze Collectables,86 21 3555,Smagsloget 45,-0.010994899240796116,0.31868131868131866
2267,2268,2268,10325,28.0,100.0,2,5377.4,11/5/2004 0:00,Shipped,4,11,2004,Trains,62,S32_3207,Baane Mini Imports,07-98 9555,Erling Skakkes gate 78,-0.7301778118324944,0.24175824175824176
2268,2269,2269,10336,31.0,84.71,9,2626.01,11/20/2004 0:00,Shipped,4,11,2004,Trains,62,S32_3207,"La Corne D'abondance, Co.",(1) 42.34.2555,"265, boulevard Charonne",-0.4219565635789094,0.27472527472527475
2269,2270,2270,10350,27.0,100.0,14,4406.4,12/2/2004 0:00,Shipped,4,12,2004,Trains,62,S32_3207,Euro Shopping Channel,(91) 555 94 44,"C/ Moralzarzal, 86",-0.8329182279170227,0.23076923076923078
2270,2271,2271,10359,22.0,100.0,1,4301.22,12/15/2004 0:00,Shipped,4,12,2004,Trains,62,S32_3207,Reims Collectables,26.47.1555,59 rue de l'Abbaye,-1.3466203083396644,0.17582417582417584
2271,2272,2272,10371,30.0,99.55,11,2986.5,1/23/2005 0:00,Shipped,1,1,2005,Trains,62,S32_3207,Mini Gifts Distributors Ltd.,4155551450,5677 Strong St.,-0.5246969796634378,0.26373626373626374
2272,2273,2273,10383,44.0,36.07,8,1587.08,2/22/2005 0:00,Shipped,1,2,2005,Trains,62,S32_3207,Euro Shopping Channel,(91) 555 94 44,"C/ Moralzarzal, 86",0.9136688455199589,0.4175824175824176
2273,2274,2274,10394,30.0,60.28,4,1808.4,3/15/2005 0:00,Shipped,1,3,2005,Trains,62,S32_3207,Euro Shopping Channel,(91) 555 94 44,"C/ Moralzarzal, 86",-0.5246969796634378,0.26373626373626374
2274,2275,2275,10413,24.0,49.71,6,1193.04,5/5/2005 0:00,Shipped,2,5,2005,Trains,62,S32_3207,Gift Depot Inc.,2035552570,25593 South Bay Ln.,-1.1411394761706077,0.1978021978021978
2275,2276,2276,10103,45.0,75.63,7,3403.35,1/29/2003 0:00,Shipped,1,1,2003,Trucks and Buses,64,S32_3522,Baane Mini Imports,07-98 9555,Erling Skakkes gate 78,1.016409261604487,0.42857142857142855
2276,2277,2277,10113,23.0,68.52,1,1575.96,3/26/2003 0:00,Shipped,1,3,2003,Trucks and Buses,64,S32_3522,Mini Gifts Distributors Ltd.,4155551450,5677 Strong St.,-1.2438798922551362,0.18681318681318682
2277,2278,2278,10126,26.0,62.7,7,1630.2,5/28/2003 0:00,Shipped,2,5,2003,Trucks and Buses,64,S32_3522,"Corrida Auto Replicas, Ltd",(91) 555 22 82,"C/ Araquil, 67",-0.9356586440015511,0.21978021978021978
2278,2279,2279,10140,28.0,60.76,7,1701.28,7/24/2003 0:00,Shipped,3,7,2003,Trucks and Buses,64,S32_3522,Technics Stores Inc.,6505556809,9408 Furth Circle,-0.7301778118324944,0.24175824175824176
2279,2280,2280,10150,49.0,58.18,4,2850.82,9/19/2003 0:00,Shipped,3,9,2003,Trucks and Buses,64,S32_3522,"Dragon Souveniers, Ltd.",+65 221 7555,"Bronz Sok., Bronz Apt. 3/6 Tesvikiye",1.4273709259426004,0.4725274725274725
2280,2281,2281,10164,49.0,54.94,5,2692.06,10/21/2003 0:00,Resolved,4,10,2003,Trucks and Buses,64,S32_3522,Mini Auto Werke,7675-3555,Kirchgasse 6,1.4273709259426004,0.4725274725274725
2281,2282,2282,10175,29.0,74.98,12,2174.42,11/6/2003 0:00,Shipped,4,11,2003,Trucks and Buses,64,S32_3522,"Stylish Desk Decors, Co.",(171) 555-0297,35 King George,-0.6274373957479661,0.25274725274725274
2282,2283,2283,10183,49.0,64.64,4,3167.36,11/13/2003 0:00,Shipped,4,11,2003,Trucks and Buses,64,S32_3522,"Classic Gift Ideas, Inc",2155554695,782 First Street,1.4273709259426004,0.4725274725274725
2283,2284,2284,10194,39.0,54.94,7,2142.66,11/25/2003 0:00,Shipped,4,11,2003,Trucks and Buses,64,S32_3522,"Saveley & Henriot, Co.",78.32.5555,"2, rue du Commerce",0.3999667650973172,0.3626373626373626
2284,2285,2285,10206,36.0,58.82,2,2117.52,12/5/2003 0:00,Shipped,4,12,2003,Trucks and Buses,64,S32_3522,Canadian Gift Exchange Network,(604) 555-3392,1900 Oak St.,0.09174551684373221,0.32967032967032966
2285,2286,2286,10217,39.0,62.05,7,2419.95,2/4/2004 0:00,Shipped,1,2,2004,Trucks and Buses,64,S32_3522,Handji Gifts& Co,+65 224 1555,Village Close - 106 Linden Road Sandown,0.3999667650973172,0.3626373626373626
2286,2287,2287,10229,30.0,73.04,12,2191.2,3/11/2004 0:00,Shipped,1,3,2004,Trucks and Buses,64,S32_3522,Mini Gifts Distributors Ltd.,4155551450,5677 Strong St.,-0.5246969796634378,0.26373626373626374
2287,2288,2288,10245,44.0,69.16,5,3043.04,5/4/2004 0:00,Shipped,2,5,2004,Trucks and Buses,64,S32_3522,Super Scale Inc.,2035559545,567 North Pendale Street,0.9136688455199589,0.4175824175824176
2288,2289,2289,10258,20.0,61.41,2,1228.2,6/15/2004 0:00,Shipped,2,6,2004,Trucks and Buses,64,S32_3522,"Tokyo Collectables, Ltd",+81 3 3584 0555,2-2-8 Roppongi,-1.552101140508721,0.15384615384615385
2289,2290,2290,10270,21.0,63.35,5,1330.35,7/19/2004 0:00,Shipped,3,7,2004,Trucks and Buses,64,S32_3522,Souveniers And Things Co.,+61 2 9495 8555,"Monitor Money Building, 815 Pacific Hwy",-1.4493607244241928,0.16483516483516483
2290,2291,2291,10281,36.0,77.57,12,2792.52,8/19/2004 0:00,Shipped,3,8,2004,Trucks and Buses,64,S32_3522,Diecast Classics Inc.,2155551555,7586 Pompton St.,0.09174551684373221,0.32967032967032966
2291,2292,2292,10291,32.0,71.75,7,2296.0,9/8/2004 0:00,Shipped,3,9,2004,Trucks and Buses,64,S32_3522,Scandinavian Gift Ideas,0695-34 6555,?kergatan 24,-0.3192161474943811,0.2857142857142857
2292,2293,2293,10304,36.0,73.04,2,2629.44,10/11/2004 0:00,Shipped,4,10,2004,Trucks and Buses,64,S32_3522,Auto Assoc. & Cie.,30.59.8555,"67, avenue de l'Europe",0.09174551684373221,0.32967032967032966
2293,2294,2294,10313,34.0,56.24,10,1912.16,10/22/2004 0:00,Shipped,4,10,2004,Trucks and Buses,64,S32_3522,Canadian Gift Exchange Network,(604) 555-3392,1900 Oak St.,-0.11373531532532445,0.3076923076923077
2294,2295,2295,10324,48.0,100.0,4,8209.44,11/5/2004 0:00,Shipped,4,11,2004,Trucks and Buses,64,S32_3522,Vitachrome Inc.,2125551500,2678 Kingston Rd.,1.3246305098580722,0.46153846153846156
2295,2296,2296,10333,33.0,73.69,4,2431.77,11/18/2004 0:00,Shipped,4,11,2004,Trucks and Buses,64,S32_3522,Mini Wheels Co.,6505555787,5557 North Pendale Street,-0.21647573140985277,0.2967032967032967
2296,2297,2297,10348,31.0,100.0,5,3139.99,11/1/2004 0:00,Shipped,4,11,2004,Trucks and Buses,64,S32_3522,"Corrida Auto Replicas, Ltd",(91) 555 22 82,"C/ Araquil, 67",-0.4219565635789094,0.27472527472527475
2297,2298,2298,10358,36.0,100.0,2,5669.64,12/10/2004 0:00,Shipped,4,12,2004,Trucks and Buses,64,S32_3522,Euro Shopping Channel,(91) 555 94 44,"C/ Moralzarzal, 86",0.09174551684373221,0.32967032967032966
2298,2299,2299,10370,25.0,100.0,3,3160.25,1/20/2005 0:00,Shipped,1,1,2005,Trucks and Buses,64,S32_3522,"Anna's Decorations, Ltd",02 9936 8555,201 Miller Street,-1.0383990600860795,0.2087912087912088
2299,2300,2300,10382,48.0,100.0,8,6799.68,2/17/2005 0:00,Shipped,1,2,2005,Trucks and Buses,64,S32_3522,Mini Gifts Distributors Ltd.,4155551450,5677 Strong St.,1.3246305098580722,0.46153846153846156
2300,2301,2301,10411,27.0,69.16,5,1867.32,5/1/2005 0:00,Shipped,2,5,2005,Trucks and Buses,64,S32_3522,Quebec Home Shopping Network,(514) 555-8054,43 rue St. Laurent,-0.8329182279170227,0.23076923076923078
2301,2302,2302,10424,44.0,61.41,2,2702.04,5/31/2005 0:00,In Process,2,5,2005,Trucks and Buses,64,S32_3522,Euro Shopping Channel,(91) 555 94 44,"C/ Moralzarzal, 86",0.9136688455199589,0.4175824175824176
2302,2303,2303,10106,33.0,72.92,5,2406.36,2/17/2003 0:00,Shipped,1,2,2003,Vintage Cars,68,S32_4289,Rovelli Gifts,035-640555,Via Ludovico il Moro 22,-0.21647573140985277,0.2967032967032967
2303,2304,2304,10120,29.0,72.23,11,2094.67,4/29/2003 0:00,Shipped,2,4,2003,Vintage Cars,68,S32_4289,"Australian Collectors, Co.",03 9520 4555,636 St Kilda Road,-0.6274373957479661,0.25274725274725274
2304,2305,2305,10133,49.0,57.1,6,2797.9,6/27/2003 0:00,Shipped,2,6,2003,Vintage Cars,68,S32_4289,Euro Shopping Channel,(91) 555 94 44,"C/ Moralzarzal, 86",1.4273709259426004,0.4725274725274725
2305,2306,2306,10144,20.0,81.86,1,1637.2,8/13/2003 0:00,Shipped,3,8,2003,Vintage Cars,68,S32_4289,Royale Belge,(071) 23 67 2555,"Boulevard Tirou, 255",-1.552101140508721,0.15384615384615385
2306,2307,2307,10168,31.0,73.61,12,2281.91,10/28/2003 0:00,Shipped,4,10,2003,Vintage Cars,68,S32_4289,Technics Stores Inc.,6505556809,9408 Furth Circle,-0.4219565635789094,0.27472527472527475
2307,2308,2308,10210,39.0,59.16,10,2307.24,1/12/2004 0:00,Shipped,1,1,2004,Vintage Cars,68,S32_4289,Osaka Souveniers Co.,+81 06 6342 5555,"Dojima Avanza 4F, 1-6-20 Dojima, Kita-ku",0.3999667650973172,0.3626373626373626
2308,2309,2309,10223,20.0,66.04,12,1320.8,2/20/2004 0:00,Shipped,1,2,2004,Vintage Cars,68,S32_4289,"Australian Collectors, Co.",03 9520 4555,636 St Kilda Road,-1.552101140508721,0.15384615384615385
2309,2310,2310,10235,34.0,77.73,6,2642.82,4/2/2004 0:00,Shipped,2,4,2004,Vintage Cars,68,S32_4289,"Royal Canadian Collectables, Ltd.",(604) 555-4555,23 Tsawassen Blvd.,-0.11373531532532445,0.3076923076923077
2310,2311,2311,10250,50.0,61.22,7,3061.0,5/11/2004 0:00,Shipped,2,5,2004,Vintage Cars,68,S32_4289,The Sharp Gifts Warehouse,4085553659,3086 Ingle Ln.,1.5301113420271288,0.4835164835164835
2311,2312,2312,10262,40.0,79.11,2,3164.4,6/24/2004 0:00,Cancelled,2,6,2004,Vintage Cars,68,S32_4289,Euro Shopping Channel,(91) 555 94 44,"C/ Moralzarzal, 86",0.5027071811818455,0.37362637362637363
2312,2313,2313,10275,28.0,63.97,12,1791.16,7/23/2004 0:00,Shipped,3,7,2004,Vintage Cars,68,S32_4289,La Rochelle Gifts,40.67.8555,"67, rue des Cinquante Otages",-0.7301778118324944,0.24175824175824176
2313,2314,2314,10284,50.0,81.86,4,4093.0,8/21/2004 0:00,Shipped,3,8,2004,Vintage Cars,68,S32_4289,"Norway Gifts By Mail, Co.",+47 2212 1555,"Drammensveien 126 A, PB 744 Sentrum",1.5301113420271288,0.4835164835164835
2314,2315,2315,10297,28.0,79.8,7,2234.4,9/16/2004 0:00,Shipped,3,9,2004,Vintage Cars,68,S32_4289,"Clover Collections, Co.",+353 1862 1555,25 Maiden Lane,-0.7301778118324944,0.24175824175824176
2315,2316,2316,10308,46.0,66.04,10,3037.84,10/15/2004 0:00,Shipped,4,10,2004,Vintage Cars,68,S32_4289,Mini Classics,9145554562,3758 North Pendale Street,1.1191496776890155,0.43956043956043955
2316,2317,2317,10316,24.0,59.16,2,1419.84,11/1/2004 0:00,Shipped,4,11,2004,Vintage Cars,68,S32_4289,giftsbymail.co.uk,(198) 555-8888,Garden House Crowther Way,-1.1411394761706077,0.1978021978021978
2317,2318,2318,10328,24.0,81.17,5,1948.08,11/12/2004 0:00,Shipped,4,11,2004,Vintage Cars,68,S32_4289,Rovelli Gifts,035-640555,Via Ludovico il Moro 22,-1.1411394761706077,0.1978021978021978
2318,2319,2319,10340,39.0,59.16,3,2307.24,11/24/2004 0:00,Shipped,4,11,2004,Vintage Cars,68,S32_4289,Enaco Distributors,(93) 203 4555,"Rambla de Catalu¤a, 23",0.3999667650973172,0.3626373626373626
2319,2320,2320,10353,40.0,44.51,7,1780.4,12/4/2004 0:00,Shipped,4,12,2004,Vintage Cars,68,S32_4289,Gift Ideas Corp.,2035554407,2440 Pompton St.,0.5027071811818455,0.37362637362637363
2320,2321,2321,10361,49.0,72.33,2,3544.17,12/17/2004 0:00,Shipped,4,12,2004,Vintage Cars,68,S32_4289,Souveniers And Things Co.,+61 2 9495 8555,"Monitor Money Building, 815 Pacific Hwy",1.4273709259426004,0.4725274725274725
2321,2322,2322,10375,44.0,82.26,4,3619.44,2/3/2005 0:00,Shipped,1,2,2005,Vintage Cars,68,S32_4289,La Rochelle Gifts,40.67.8555,"67, rue des Cinquante Otages",0.9136688455199589,0.4175824175824176
2322,2323,2323,10388,35.0,100.0,8,3918.95,3/3/2005 0:00,Shipped,1,3,2005,Vintage Cars,68,S32_4289,FunGiftIdeas.com,5085552555,1785 First Street,-0.010994899240796116,0.31868131868131866
2323,2324,2324,10398,22.0,67.41,4,1483.02,3/30/2005 0:00,Shipped,1,3,2005,Vintage Cars,68,S32_4289,Reims Collectables,26.47.1555,59 rue de l'Abbaye,-1.3466203083396644,0.17582417582417584
2324,2325,2325,10401,62.0,77.73,6,4819.26,4/3/2005 0:00,On Hold,2,4,2005,Vintage Cars,68,S32_4289,Tekni Collectables Inc.,2015559350,7476 Moss Rd.,2.7629963350414686,0.6153846153846154
2325,2326,2326,10416,26.0,61.22,7,1591.72,5/10/2005 0:00,Shipped,2,5,2005,Vintage Cars,68,S32_4289,L'ordine Souveniers,0522-556555,Strada Provinciale 124,-0.9356586440015511,0.21978021978021978
2326,2327,2327,10108,31.0,100.0,16,3669.78,3/3/2003 0:00,Shipped,1,3,2003,Motorcycles,102,S32_4485,Cruz & Sons Co.,+63 2 555 3587,15 McCallum Street - NatWest Center #13-03,-0.4219565635789094,0.27472527472527475
2327,2328,2328,10121,25.0,86.74,3,2168.5,5/7/2003 0:00,Shipped,2,5,2003,Motorcycles,102,S32_4485,Reims Collectables,26.47.1555,59 rue de l'Abbaye,-1.0383990600860795,0.2087912087912088
2328,2329,2329,10135,30.0,89.8,17,2694.0,7/2/2003 0:00,Shipped,3,7,2003,Motorcycles,102,S32_4485,Mini Gifts Distributors Ltd.,4155551450,5677 Strong St.,-0.5246969796634378,0.26373626373626374
2329,2330,2330,10145,27.0,100.0,4,3251.34,8/25/2003 0:00,Shipped,3,8,2003,Motorcycles,102,S32_4485,Toys4GrownUps.com,6265557265,78934 Hillside Dr.,-0.8329182279170227,0.23076923076923078
2330,2331,2331,10159,23.0,100.0,12,2347.15,10/10/2003 0:00,Shipped,4,10,2003,Motorcycles,102,S32_4485,Corporate Gift Ideas Co.,6505551386,7734 Strong St.,-1.2438798922551362,0.18681318681318682
2331,2332,2332,10169,34.0,100.0,12,3920.88,11/4/2003 0:00,Shipped,4,11,2003,Motorcycles,102,S32_4485,"Anna's Decorations, Ltd",02 9936 8555,201 Miller Street,-0.11373531532532445,0.3076923076923077
2332,2333,2333,10180,22.0,100.0,7,2514.6,11/11/2003 0:00,Shipped,4,11,2003,Motorcycles,102,S32_4485,Daedalus Designs Imports,20.16.1555,"184, chausse de Tournai",-1.3466203083396644,0.17582417582417584
2333,2334,2334,10190,42.0,85.72,4,3600.24,11/19/2003 0:00,Shipped,4,11,2003,Motorcycles,102,S32_4485,Euro Shopping Channel,(91) 555 94 44,"C/ Moralzarzal, 86",0.7081880133509022,0.3956043956043956
2334,2335,2335,10211,37.0,100.0,12,4040.03,1/15/2004 0:00,Shipped,1,1,2004,Motorcycles,102,S32_4485,Auto Canal Petit,(1) 47.55.6555,"25, rue Lauriston",0.19448593292826055,0.34065934065934067
2335,2336,2336,10224,30.0,100.0,5,3336.9,2/21/2004 0:00,Shipped,1,2,2004,Motorcycles,102,S32_4485,Daedalus Designs Imports,20.16.1555,"184, chausse de Tournai",-0.5246969796634378,0.26373626373626374
2336,2337,2337,10237,27.0,100.0,5,3113.64,4/5/2004 0:00,Shipped,2,4,2004,Motorcycles,102,S32_4485,Vitachrome Inc.,2125551500,2678 Kingston Rd.,-0.8329182279170227,0.23076923076923078
2337,2338,2338,10252,25.0,100.0,9,2832.0,5/26/2004 0:00,Shipped,2,5,2004,Motorcycles,102,S32_4485,Auto Canal Petit,(1) 47.55.6555,"25, rue Lauriston",-1.0383990600860795,0.2087912087912088
2338,2339,2339,10264,34.0,97.97,7,3330.98,6/30/2004 0:00,Shipped,2,6,2004,Motorcycles,102,S32_4485,Gifts4AllAges.com,6175559555,8616 Spinnaker Dr.,-0.11373531532532445,0.3076923076923077
2339,2340,2340,10276,38.0,100.0,13,4304.64,8/2/2004 0:00,Shipped,3,8,2004,Motorcycles,102,S32_4485,Online Mini Collectables,6175557555,7635 Spinnaker Dr.,0.2972263490127889,0.3516483516483517
2340,2341,2341,10285,26.0,100.0,4,2600.26,8/27/2004 0:00,Shipped,3,8,2004,Motorcycles,102,S32_4485,Marta's Replicas Co.,6175558555,39323 Spinnaker Dr.,-0.9356586440015511,0.21978021978021978
2341,2342,2342,10299,38.0,100.0,7,4382.16,9/30/2004 0:00,Shipped,3,9,2004,Motorcycles,102,S32_4485,"Toys of Finland, Co.",90-224 8555,Keskuskatu 45,0.2972263490127889,0.3516483516483517
2342,2343,2343,10309,50.0,84.7,3,4235.0,10/15/2004 0:00,Shipped,4,10,2004,Motorcycles,102,S32_4485,Baane Mini Imports,07-98 9555,Erling Skakkes gate 78,1.5301113420271288,0.4835164835164835
2343,2344,2344,10319,22.0,100.0,8,2626.8,11/3/2004 0:00,Shipped,4,11,2004,Motorcycles,102,S32_4485,Microscale Inc.,2125551957,5290 North Pendale Street,-1.3466203083396644,0.17582417582417584
2344,2345,2345,10331,32.0,100.0,4,5026.56,11/17/2004 0:00,Shipped,4,11,2004,Motorcycles,102,S32_4485,Motor Mint Distributors Inc.,2155559857,11328 Douglas Av.,-0.3192161474943811,0.2857142857142857
2345,2346,2346,10341,31.0,71.02,4,2201.62,11/24/2004 0:00,Shipped,4,11,2004,Motorcycles,102,S32_4485,Salzburg Collectables,6562-9555,Geislweg 14,-0.4219565635789094,0.27472527472527475
2346,2347,2347,10355,40.0,100.0,5,4326.8,12/7/2004 0:00,Shipped,4,12,2004,Motorcycles,102,S32_4485,Euro Shopping Channel,(91) 555 94 44,"C/ Moralzarzal, 86",0.5027071811818455,0.37362637362637363
2347,2348,2348,10365,22.0,100.0,3,3425.18,1/7/2005 0:00,Shipped,1,1,2005,Motorcycles,102,S32_4485,Mini Creations Ltd.,5085559555,4575 Hillside Dr.,-1.3466203083396644,0.17582417582417584
2348,2349,2349,10375,41.0,100.0,15,4701.88,2/3/2005 0:00,Shipped,1,2,2005,Motorcycles,102,S32_4485,La Rochelle Gifts,40.67.8555,"67, rue des Cinquante Otages",0.6054475972663739,0.38461538461538464
2349,2350,2350,10390,45.0,48.98,12,2204.1,3/4/2005 0:00,Shipped,1,3,2005,Motorcycles,102,S32_4485,Mini Gifts Distributors Ltd.,4155551450,5677 Strong St.,1.016409261604487,0.42857142857142855
2350,2351,2351,10403,45.0,100.0,5,5189.4,4/8/2005 0:00,Shipped,2,4,2005,Motorcycles,102,S32_4485,"UK Collectables, Ltd.",(171) 555-2282,Berkeley Gardens 12  Brewery,1.016409261604487,0.42857142857142855
2351,2352,2352,10106,39.0,40.15,6,1565.85,2/17/2003 0:00,Shipped,1,2,2003,Vintage Cars,43,S50_1341,Rovelli Gifts,035-640555,Via Ludovico il Moro 22,0.3999667650973172,0.3626373626373626
2352,2353,2353,10120,49.0,50.62,12,2480.38,4/29/2003 0:00,Shipped,2,4,2003,Vintage Cars,43,S50_1341,"Australian Collectors, Co.",03 9520 4555,636 St Kilda Road,1.4273709259426004,0.4725274725274725
2353,2354,2354,10133,27.0,50.19,7,1355.13,6/27/2003 0:00,Shipped,2,6,2003,Vintage Cars,43,S50_1341,Euro Shopping Channel,(91) 555 94 44,"C/ Moralzarzal, 86",-0.8329182279170227,0.23076923076923078
2354,2355,2355,10143,34.0,36.66,1,1246.44,8/10/2003 0:00,Shipped,3,8,2003,Vintage Cars,43,S50_1341,Mini Creations Ltd.,5085559555,4575 Hillside Dr.,-0.11373531532532445,0.3076923076923077
2355,2356,2356,10156,20.0,41.02,1,820.4,10/8/2003 0:00,Shipped,4,10,2003,Vintage Cars,43,S50_1341,Euro Shopping Channel,(91) 555 94 44,"C/ Moralzarzal, 86",-1.552101140508721,0.15384615384615385
2356,2357,2357,10168,48.0,51.93,13,2492.64,10/28/2003 0:00,Shipped,4,10,2003,Vintage Cars,43,S50_1341,Technics Stores Inc.,6505556809,9408 Furth Circle,1.3246305098580722,0.46153846153846156
2357,2358,2358,10199,29.0,38.4,1,1113.6,12/1/2003 0:00,Shipped,4,12,2003,Vintage Cars,43,S50_1341,West Coast Collectables Co.,3105553722,3675 Furth Circle,-0.6274373957479661,0.25274725274725274
2358,2359,2359,10210,43.0,41.02,11,1763.86,1/12/2004 0:00,Shipped,1,1,2004,Vintage Cars,43,S50_1341,Osaka Souveniers Co.,+81 06 6342 5555,"Dojima Avanza 4F, 1-6-20 Dojima, Kita-ku",0.8109284294354305,0.4065934065934066
2359,2360,2360,10223,41.0,46.26,13,1896.66,2/20/2004 0:00,Shipped,1,2,2004,Vintage Cars,43,S50_1341,"Australian Collectors, Co.",03 9520 4555,636 St Kilda Road,0.6054475972663739,0.38461538461538464
2360,2361,2361,10235,41.0,35.35,7,1449.35,4/2/2004 0:00,Shipped,2,4,2004,Vintage Cars,43,S50_1341,"Royal Canadian Collectables, Ltd.",(604) 555-4555,23 Tsawassen Blvd.,0.6054475972663739,0.38461538461538464
2361,2362,2362,10250,36.0,51.93,8,1869.48,5/11/2004 0:00,Shipped,2,5,2004,Vintage Cars,43,S50_1341,The Sharp Gifts Warehouse,4085553659,3086 Ingle Ln.,0.09174551684373221,0.32967032967032966
2362,2363,2363,10262,49.0,37.97,3,1860.53,6/24/2004 0:00,Cancelled,2,6,2004,Vintage Cars,43,S50_1341,Euro Shopping Channel,(91) 555 94 44,"C/ Moralzarzal, 86",1.4273709259426004,0.4725274725274725
2363,2364,2364,10275,38.0,45.39,13,1724.82,7/23/2004 0:00,Shipped,3,7,2004,Vintage Cars,43,S50_1341,La Rochelle Gifts,40.67.8555,"67, rue des Cinquante Otages",0.2972263490127889,0.3516483516483517
2364,2365,2365,10284,33.0,51.93,5,1713.69,8/21/2004 0:00,Shipped,3,8,2004,Vintage Cars,43,S50_1341,"Norway Gifts By Mail, Co.",+47 2212 1555,"Drammensveien 126 A, PB 744 Sentrum",-0.21647573140985277,0.2967032967032967
2365,2366,2366,10296,26.0,48.44,1,1259.44,9/15/2004 0:00,Shipped,3,9,2004,Vintage Cars,43,S50_1341,"Bavarian Collectables Imports, Co.",+49 89 61 08 9555,Hansastr. 15,-0.9356586440015511,0.21978021978021978
2366,2367,2367,10308,47.0,43.64,11,2051.08,10/15/2004 0:00,Shipped,4,10,2004,Vintage Cars,43,S50_1341,Mini Classics,9145554562,3758 North Pendale Street,1.2218900937735437,0.45054945054945056
2367,2368,2368,10316,34.0,47.57,3,1617.38,11/1/2004 0:00,Shipped,4,11,2004,Vintage Cars,43,S50_1341,giftsbymail.co.uk,(198) 555-8888,Garden House Crowther Way,-0.11373531532532445,0.3076923076923077
2368,2369,2369,10328,34.0,51.93,7,1765.62,11/12/2004 0:00,Shipped,4,11,2004,Vintage Cars,43,S50_1341,Rovelli Gifts,035-640555,Via Ludovico il Moro 22,-0.11373531532532445,0.3076923076923077
2369,2370,2370,10340,40.0,50.62,4,2024.8,11/24/2004 0:00,Shipped,4,11,2004,Vintage Cars,43,S50_1341,Enaco Distributors,(93) 203 4555,"Rambla de Catalu¤a, 23",0.5027071811818455,0.37362637362637363
2370,2371,2371,10353,40.0,82.21,8,3288.4,12/4/2004 0:00,Shipped,4,12,2004,Vintage Cars,43,S50_1341,Gift Ideas Corp.,2035554407,2440 Pompton St.,0.5027071811818455,0.37362637362637363
2371,2372,2372,10361,33.0,82.59,3,2725.47,12/17/2004 0:00,Shipped,4,12,2004,Vintage Cars,43,S50_1341,Souveniers And Things Co.,+61 2 9495 8555,"Monitor Money Building, 815 Pacific Hwy",-0.21647573140985277,0.2967032967032967
2372,2373,2373,10375,49.0,65.8,5,3224.2,2/3/2005 0:00,Shipped,1,2,2005,Vintage Cars,43,S50_1341,La Rochelle Gifts,40.67.8555,"67, rue des Cinquante Otages",1.4273709259426004,0.4725274725274725
2373,2374,2374,10388,27.0,100.0,1,3211.38,3/3/2005 0:00,Shipped,1,3,2005,Vintage Cars,43,S50_1341,FunGiftIdeas.com,5085552555,1785 First Street,-0.8329182279170227,0.23076923076923078
2374,2375,2375,10398,49.0,36.66,5,1796.34,3/30/2005 0:00,Shipped,1,3,2005,Vintage Cars,43,S50_1341,Reims Collectables,26.47.1555,59 rue de l'Abbaye,1.4273709259426004,0.4725274725274725
2375,2376,2376,10401,56.0,35.35,7,1979.6,4/3/2005 0:00,On Hold,2,4,2005,Vintage Cars,43,S50_1341,Tekni Collectables Inc.,2015559350,7476 Moss Rd.,2.146553838534299,0.5494505494505495
2376,2377,2377,10416,37.0,51.93,8,1921.41,5/10/2005 0:00,Shipped,2,5,2005,Vintage Cars,43,S50_1341,L'ordine Souveniers,0522-556555,Strada Provinciale 124,0.19448593292826055,0.34065934065934067
2377,2378,2378,10104,33.0,100.0,7,3705.24,1/31/2003 0:00,Shipped,1,1,2003,Trucks and Buses,115,S50_1392,Euro Shopping Channel,(91) 555 94 44,"C/ Moralzarzal, 86",-0.21647573140985277,0.2967032967032967
2378,2379,2379,10115,27.0,100.0,3,2843.91,4/4/2003 0:00,Shipped,2,4,2003,Trucks and Buses,115,S50_1392,Classic Legends Inc.,2125558493,5905 Pompton St.,-0.8329182279170227,0.23076923076923078
2379,2380,2380,10127,46.0,100.0,9,6176.42,6/3/2003 0:00,Shipped,2,6,2003,Trucks and Buses,115,S50_1392,Muscle Machine Inc,2125557413,4092 Furth Circle,1.1191496776890155,0.43956043956043955
2380,2381,2381,10141,44.0,100.0,3,5500.44,8/1/2003 0:00,Shipped,3,8,2003,Trucks and Buses,115,S50_1392,Suominen Souveniers,+358 9 8045 555,"Software Engineering Center, SEC Oy",0.9136688455199589,0.4175824175824176
2381,2382,2382,10151,26.0,100.0,1,3220.1,9/21/2003 0:00,Shipped,3,9,2003,Trucks and Buses,115,S50_1392,"Oulu Toy Supplies, Inc.",981-443655,Torikatu 38,-0.9356586440015511,0.21978021978021978
2382,2383,2383,10165,48.0,94.92,10,4556.16,10/22/2003 0:00,Shipped,4,10,2003,Trucks and Buses,115,S50_1392,"Dragon Souveniers, Ltd.",+65 221 7555,"Bronz Sok., Bronz Apt. 3/6 Tesvikiye",1.3246305098580722,0.46153846153846156
2383,2384,2384,10176,23.0,100.0,9,3114.89,11/6/2003 0:00,Shipped,4,11,2003,Trucks and Buses,115,S50_1392,L'ordine Souveniers,0522-556555,Strada Provinciale 124,-1.2438798922551362,0.18681318681318682
2384,2385,2385,10184,45.0,100.0,4,4948.2,11/14/2003 0:00,Shipped,4,11,2003,Trucks and Buses,115,S50_1392,"Iberia Gift Imports, Corp.",(95) 555 82 82,"C/ Romero, 33",1.016409261604487,0.42857142857142855
2385,2386,2386,10195,49.0,100.0,4,5161.17,11/25/2003 0:00,Shipped,4,11,2003,Trucks and Buses,115,S50_1392,Mini Classics,9145554562,3758 North Pendale Street,1.4273709259426004,0.4725274725274725
2386,2387,2387,10207,28.0,94.92,5,2657.76,12/9/2003 0:00,Shipped,4,12,2003,Trucks and Buses,115,S50_1392,Diecast Collectables,6175552555,6251 Ingle Ln.,-0.7301778118324944,0.24175824175824176
2387,2388,2388,10220,37.0,100.0,9,3983.05,2/12/2004 0:00,Shipped,1,2,2004,Trucks and Buses,115,S50_1392,"Clover Collections, Co.",+353 1862 1555,25 Maiden Lane,0.19448593292826055,0.34065934065934067
2388,2389,2389,10230,34.0,100.0,7,3974.94,3/15/2004 0:00,Shipped,1,3,2004,Trucks and Buses,115,S50_1392,"Blauer See Auto, Co.",+49 69 66 90 2555,Lyonerstr. 34,-0.11373531532532445,0.3076923076923077
2389,2390,2390,10246,22.0,100.0,3,2928.42,5/5/2004 0:00,Shipped,2,5,2004,Trucks and Buses,115,S50_1392,Euro Shopping Channel,(91) 555 94 44,"C/ Moralzarzal, 86",-1.3466203083396644,0.17582417582417584
2390,2391,2391,10259,29.0,100.0,2,3054.57,6/15/2004 0:00,Shipped,2,6,2004,Trucks and Buses,115,S50_1392,Handji Gifts& Co,+65 224 1555,Village Close - 106 Linden Road Sandown,-0.6274373957479661,0.25274725274725274
2391,2392,2392,10271,34.0,98.39,3,3345.26,7/20/2004 0:00,Shipped,3,7,2004,Trucks and Buses,115,S50_1392,Mini Gifts Distributors Ltd.,4155551450,5677 Strong St.,-0.11373531532532445,0.3076923076923077
2392,2393,2393,10282,38.0,100.0,12,4310.72,8/20/2004 0:00,Shipped,3,8,2004,Trucks and Buses,115,S50_1392,Mini Gifts Distributors Ltd.,4155551450,5677 Strong St.,0.2972263490127889,0.3516483516483517
2393,2394,2394,10292,41.0,100.0,6,4983.14,9/8/2004 0:00,Shipped,3,9,2004,Trucks and Buses,115,S50_1392,Land of Toys Inc.,2125557818,897 Long Airport Avenue,0.6054475972663739,0.38461538461538464
2394,2395,2395,10305,42.0,100.0,3,4618.32,10/13/2004 0:00,Shipped,4,10,2004,Trucks and Buses,115,S50_1392,Marta's Replicas Co.,6175558555,39323 Spinnaker Dr.,0.7081880133509022,0.3956043956043956
2395,2396,2396,10314,28.0,100.0,12,3403.12,10/22/2004 0:00,Shipped,4,10,2004,Trucks and Buses,115,S50_1392,Heintze Collectables,86 21 3555,Smagsloget 45,-0.7301778118324944,0.24175824175824176
2396,2397,2397,10325,38.0,100.0,4,5190.42,11/5/2004 0:00,Shipped,4,11,2004,Trucks and Buses,115,S50_1392,Baane Mini Imports,07-98 9555,Erling Skakkes gate 78,0.2972263490127889,0.3516483516483517
2397,2398,2398,10336,23.0,100.0,8,3141.57,11/20/2004 0:00,Shipped,4,11,2004,Trucks and Buses,115,S50_1392,"La Corne D'abondance, Co.",(1) 42.34.2555,"265, boulevard Charonne",-1.2438798922551362,0.18681318681318682
2398,2399,2399,10350,31.0,71.4,8,2213.4,12/2/2004 0:00,Shipped,4,12,2004,Trucks and Buses,115,S50_1392,Euro Shopping Channel,(91) 555 94 44,"C/ Moralzarzal, 86",-0.4219565635789094,0.27472527472527475
2399,2400,2400,10359,46.0,100.0,2,4896.7,12/15/2004 0:00,Shipped,4,12,2004,Trucks and Buses,115,S50_1392,Reims Collectables,26.47.1555,59 rue de l'Abbaye,1.1191496776890155,0.43956043956043955
2400,2401,2401,10371,48.0,56.55,10,2714.4,1/23/2005 0:00,Shipped,1,1,2005,Trucks and Buses,115,S50_1392,Mini Gifts Distributors Ltd.,4155551450,5677 Strong St.,1.3246305098580722,0.46153846153846156
2401,2402,2402,10383,29.0,100.0,13,3087.05,2/22/2005 0:00,Shipped,1,2,2005,Trucks and Buses,115,S50_1392,Euro Shopping Channel,(91) 555 94 44,"C/ Moralzarzal, 86",-0.6274373957479661,0.25274725274725274
2402,2403,2403,10395,46.0,100.0,4,5692.96,3/17/2005 0:00,Shipped,1,3,2005,Trucks and Buses,115,S50_1392,Lyon Souveniers,+33 1 46 62 7555,27 rue du Colonel Pierre Avia,1.1191496776890155,0.43956043956043955
2403,2404,2404,10412,26.0,100.0,3,3460.86,5/3/2005 0:00,Shipped,2,5,2005,Trucks and Buses,115,S50_1392,Euro Shopping Channel,(91) 555 94 44,"C/ Moralzarzal, 86",-0.9356586440015511,0.21978021978021978
2404,2405,2405,10425,18.0,100.0,2,1895.94,5/31/2005 0:00,In Process,2,5,2005,Trucks and Buses,115,S50_1392,La Rochelle Gifts,40.67.8555,"67, rue des Cinquante Otages",-1.7575819726777777,0.13186813186813187
2405,2406,2406,10104,32.0,53.31,2,1705.92,1/31/2003 0:00,Shipped,1,1,2003,Trains,58,S50_1514,Euro Shopping Channel,(91) 555 94 44,"C/ Moralzarzal, 86",-0.3192161474943811,0.2857142857142857
2406,2407,2407,10117,21.0,49.21,11,1033.41,4/16/2003 0:00,Shipped,2,4,2003,Trains,58,S50_1514,"Dragon Souveniers, Ltd.",+65 221 7555,"Bronz Sok., Bronz Apt. 3/6 Tesvikiye",-1.4493607244241928,0.16483516483516483
2407,2408,2408,10127,46.0,69.12,4,3179.52,6/3/2003 0:00,Shipped,2,6,2003,Trains,58,S50_1514,Muscle Machine Inc,2125557413,4092 Furth Circle,1.1191496776890155,0.43956043956043955
2408,2409,2409,10142,42.0,49.79,14,2091.18,8/8/2003 0:00,Shipped,3,8,2003,Trains,58,S50_1514,Mini Gifts Distributors Ltd.,4155551450,5677 Strong St.,0.7081880133509022,0.3956043956043956
2409,2410,2410,10153,31.0,57.41,13,1779.71,9/28/2003 0:00,Shipped,3,9,2003,Trains,58,S50_1514,Euro Shopping Channel,(91) 555 94 44,"C/ Moralzarzal, 86",-0.4219565635789094,0.27472527472527475
2410,2411,2411,10165,38.0,66.78,5,2537.64,10/22/2003 0:00,Shipped,4,10,2003,Trains,58,S50_1514,"Dragon Souveniers, Ltd.",+65 221 7555,"Bronz Sok., Bronz Apt. 3/6 Tesvikiye",0.2972263490127889,0.3516483516483517
2411,2412,2412,10176,38.0,64.44,4,2448.72,11/6/2003 0:00,Shipped,4,11,2003,Trains,58,S50_1514,L'ordine Souveniers,0522-556555,Strada Provinciale 124,0.2972263490127889,0.3516483516483517
2412,2413,2413,10185,20.0,48.62,15,972.4,11/14/2003 0:00,Shipped,4,11,2003,Trains,58,S50_1514,Mini Creations Ltd.,5085559555,4575 Hillside Dr.,-1.552101140508721,0.15384615384615385
2413,2414,2414,10196,46.0,62.09,7,2856.14,11/26/2003 0:00,Shipped,4,11,2003,Trains,58,S50_1514,Super Scale Inc.,2035559545,567 North Pendale Street,1.1191496776890155,0.43956043956043955
2414,2415,2415,10208,30.0,65.61,15,1968.3,1/2/2004 0:00,Shipped,1,1,2004,Trains,58,S50_1514,"Saveley & Henriot, Co.",78.32.5555,"2, rue du Commerce",-0.5246969796634378,0.26373626373626374
2415,2416,2416,10220,30.0,68.54,4,2056.2,2/12/2004 0:00,Shipped,1,2,2004,Trains,58,S50_1514,"Clover Collections, Co.",+353 1862 1555,25 Maiden Lane,-0.5246969796634378,0.26373626373626374
2416,2417,2417,10230,43.0,52.14,2,2242.02,3/15/2004 0:00,Shipped,1,3,2004,Trains,58,S50_1514,"Blauer See Auto, Co.",+49 69 66 90 2555,Lyonerstr. 34,0.8109284294354305,0.4065934065934066
2417,2418,2418,10247,49.0,63.85,4,3128.65,5/5/2004 0:00,Shipped,2,5,2004,Trains,58,S50_1514,Suominen Souveniers,+358 9 8045 555,"Software Engineering Center, SEC Oy",1.4273709259426004,0.4725274725274725
2418,2419,2419,10272,43.0,56.82,4,2443.26,7/20/2004 0:00,Shipped,3,7,2004,Trains,58,S50_1514,Diecast Classics Inc.,2155551555,7586 Pompton St.,0.8109284294354305,0.4065934065934066
2419,2420,2420,10282,37.0,66.78,7,2470.86,8/20/2004 0:00,Shipped,3,8,2004,Trains,58,S50_1514,Mini Gifts Distributors Ltd.,4155551450,5677 Strong St.,0.19448593292826055,0.34065934065934067
2420,2421,2421,10292,35.0,55.07,1,1927.45,9/8/2004 0:00,Shipped,3,9,2004,Trains,58,S50_1514,Land of Toys Inc.,2125557818,897 Long Airport Avenue,-0.010994899240796116,0.31868131868131866
2421,2422,2422,10306,34.0,60.34,15,2051.56,10/14/2004 0:00,Shipped,4,10,2004,Trains,58,S50_1514,"AV Stores, Co.",(171) 555-1555,Fauntleroy Circus,-0.11373531532532445,0.3076923076923077
2422,2423,2423,10314,38.0,61.51,7,2337.38,10/22/2004 0:00,Shipped,4,10,2004,Trains,58,S50_1514,Heintze Collectables,86 21 3555,Smagsloget 45,0.2972263490127889,0.3516483516483517
2423,2424,2424,10325,44.0,100.0,7,5932.96,11/5/2004 0:00,Shipped,4,11,2004,Trains,58,S50_1514,Baane Mini Imports,07-98 9555,Erling Skakkes gate 78,0.9136688455199589,0.4175824175824176
2424,2425,2425,10337,21.0,100.0,6,2296.77,11/21/2004 0:00,Shipped,4,11,2004,Trains,58,S50_1514,Classic Legends Inc.,2125558493,5905 Pompton St.,-1.4493607244241928,0.16483516483516483
2425,2426,2426,10350,44.0,100.0,17,6490.88,12/2/2004 0:00,Shipped,4,12,2004,Trains,58,S50_1514,Euro Shopping Channel,(91) 555 94 44,"C/ Moralzarzal, 86",0.9136688455199589,0.4175824175824176
2426,2427,2427,10359,25.0,64.93,4,1623.25,12/15/2004 0:00,Shipped,4,12,2004,Trains,58,S50_1514,Reims Collectables,26.47.1555,59 rue de l'Abbaye,-1.0383990600860795,0.2087912087912088
2427,2428,2428,10372,24.0,58.58,9,1405.92,1/26/2005 0:00,Shipped,1,1,2005,Trains,58,S50_1514,"Tokyo Collectables, Ltd",+81 3 3584 0555,2-2-8 Roppongi,-1.1411394761706077,0.1978021978021978
2428,2429,2429,10383,38.0,60.06,10,2282.28,2/22/2005 0:00,Shipped,1,2,2005,Trains,58,S50_1514,Euro Shopping Channel,(91) 555 94 44,"C/ Moralzarzal, 86",0.2972263490127889,0.3516483516483517
2429,2430,2430,10395,45.0,100.0,3,8977.05,3/17/2005 0:00,Shipped,1,3,2005,Trains,58,S50_1514,Lyon Souveniers,+33 1 46 62 7555,27 rue du Colonel Pierre Avia,1.016409261604487,0.42857142857142855
2430,2431,2431,10413,51.0,63.85,4,3256.35,5/5/2005 0:00,Shipped,2,5,2005,Trains,58,S50_1514,Gift Depot Inc.,2035552570,25593 South Bay Ln.,1.632851758111657,0.4945054945054945
2431,2432,2432,10108,34.0,82.99,14,2821.66,3/3/2003 0:00,Shipped,1,3,2003,Motorcycles,81,S50_4713,Cruz & Sons Co.,+63 2 555 3587,15 McCallum Street - NatWest Center #13-03,-0.11373531532532445,0.3076923076923077
2432,2433,2433,10121,44.0,74.85,1,3293.4,5/7/2003 0:00,Shipped,2,5,2003,Motorcycles,81,S50_4713,Reims Collectables,26.47.1555,59 rue de l'Abbaye,0.9136688455199589,0.4175824175824176
2433,2434,2434,10135,44.0,96.0,15,4224.0,7/2/2003 0:00,Shipped,3,7,2003,Motorcycles,81,S50_4713,Mini Gifts Distributors Ltd.,4155551450,5677 Strong St.,0.9136688455199589,0.4175824175824176
2434,2435,2435,10145,38.0,81.36,2,3091.68,8/25/2003 0:00,Shipped,3,8,2003,Motorcycles,81,S50_4713,Toys4GrownUps.com,6265557265,78934 Hillside Dr.,0.2972263490127889,0.3516483516483517
2435,2436,2436,10159,31.0,71.6,10,2219.6,10/10/2003 0:00,Shipped,4,10,2003,Motorcycles,81,S50_4713,Corporate Gift Ideas Co.,6505551386,7734 Strong St.,-0.4219565635789094,0.27472527472527475
2436,2437,2437,10169,48.0,80.55,10,3866.4,11/4/2003 0:00,Shipped,4,11,2003,Motorcycles,81,S50_4713,"Anna's Decorations, Ltd",02 9936 8555,201 Miller Street,1.3246305098580722,0.46153846153846156
2437,2438,2438,10180,21.0,93.56,5,1964.76,11/11/2003 0:00,Shipped,4,11,2003,Motorcycles,81,S50_4713,Daedalus Designs Imports,20.16.1555,"184, chausse de Tournai",-1.4493607244241928,0.16483516483516483
2438,2439,2439,10190,40.0,66.72,2,2668.8,11/19/2003 0:00,Shipped,4,11,2003,Motorcycles,81,S50_4713,Euro Shopping Channel,(91) 555 94 44,"C/ Moralzarzal, 86",0.5027071811818455,0.37362637362637363
2439,2440,2440,10211,40.0,80.55,10,3222.0,1/15/2004 0:00,Shipped,1,1,2004,Motorcycles,81,S50_4713,Auto Canal Petit,(1) 47.55.6555,"25, rue Lauriston",0.5027071811818455,0.37362637362637363
2440,2441,2441,10224,50.0,77.29,3,3864.5,2/21/2004 0:00,Shipped,1,2,2004,Motorcycles,81,S50_4713,Daedalus Designs Imports,20.16.1555,"184, chausse de Tournai",1.5301113420271288,0.4835164835164835
2441,2442,2442,10237,20.0,68.34,3,1366.8,4/5/2004 0:00,Shipped,2,4,2004,Motorcycles,81,S50_4713,Vitachrome Inc.,2125551500,2678 Kingston Rd.,-1.552101140508721,0.15384615384615385
2442,2443,2443,10252,48.0,72.41,7,3475.68,5/26/2004 0:00,Shipped,2,5,2004,Motorcycles,81,S50_4713,Auto Canal Petit,(1) 47.55.6555,"25, rue Lauriston",1.3246305098580722,0.46153846153846156
2443,2444,2444,10264,47.0,89.5,5,4206.5,6/30/2004 0:00,Shipped,2,6,2004,Motorcycles,81,S50_4713,Gifts4AllAges.com,6175559555,8616 Spinnaker Dr.,1.2218900937735437,0.45054945054945056
2444,2445,2445,10276,21.0,70.78,11,1486.38,8/2/2004 0:00,Shipped,3,8,2004,Motorcycles,81,S50_4713,Online Mini Collectables,6175557555,7635 Spinnaker Dr.,-1.4493607244241928,0.16483516483516483
2445,2446,2446,10285,39.0,78.92,2,3077.88,8/27/2004 0:00,Shipped,3,8,2004,Motorcycles,81,S50_4713,Marta's Replicas Co.,6175558555,39323 Spinnaker Dr.,0.3999667650973172,0.3626373626373626
2446,2447,2447,10299,44.0,80.55,5,3544.2,9/30/2004 0:00,Shipped,3,9,2004,Motorcycles,81,S50_4713,"Toys of Finland, Co.",90-224 8555,Keskuskatu 45,0.9136688455199589,0.4175824175824176
2447,2448,2448,10309,28.0,88.68,1,2483.04,10/15/2004 0:00,Shipped,4,10,2004,Motorcycles,81,S50_4713,Baane Mini Imports,07-98 9555,Erling Skakkes gate 78,-0.7301778118324944,0.24175824175824176
2448,2449,2449,10319,45.0,77.29,6,3478.05,11/3/2004 0:00,Shipped,4,11,2004,Motorcycles,81,S50_4713,Microscale Inc.,2125551957,5290 North Pendale Street,1.016409261604487,0.42857142857142855
2449,2450,2450,10331,20.0,100.0,5,3657.8,11/17/2004 0:00,Shipped,4,11,2004,Motorcycles,81,S50_4713,Motor Mint Distributors Inc.,2155559857,11328 Douglas Av.,-1.552101140508721,0.15384615384615385
2450,2451,2451,10341,38.0,100.0,3,4682.36,11/24/2004 0:00,Shipped,4,11,2004,Motorcycles,81,S50_4713,Salzburg Collectables,6562-9555,Geislweg 14,0.2972263490127889,0.3516483516483517
2451,2452,2452,10356,26.0,100.0,4,3937.7,12/9/2004 0:00,Shipped,4,12,2004,Motorcycles,81,S50_4713,Lyon Souveniers,+33 1 46 62 7555,27 rue du Colonel Pierre Avia,-0.9356586440015511,0.21978021978021978
2452,2453,2453,10365,44.0,100.0,2,4984.32,1/7/2005 0:00,Shipped,1,1,2005,Motorcycles,81,S50_4713,Mini Creations Ltd.,5085559555,4575 Hillside Dr.,0.9136688455199589,0.4175824175824176
2453,2454,2454,10375,49.0,100.0,8,5406.66,2/3/2005 0:00,Shipped,1,2,2005,Motorcycles,81,S50_4713,La Rochelle Gifts,40.67.8555,"67, rue des Cinquante Otages",1.4273709259426004,0.4725274725274725
2454,2455,2455,10390,22.0,100.0,13,3491.18,3/4/2005 0:00,Shipped,1,3,2005,Motorcycles,81,S50_4713,Mini Gifts Distributors Ltd.,4155551450,5677 Strong St.,-1.3466203083396644,0.17582417582417584
2455,2456,2456,10403,31.0,68.34,3,2118.54,4/8/2005 0:00,Shipped,2,4,2005,Motorcycles,81,S50_4713,"UK Collectables, Ltd.",(171) 555-2282,Berkeley Gardens 12  Brewery,-0.4219565635789094,0.27472527472527475
2456,2457,2457,10105,41.0,70.67,5,2897.47,2/11/2003 0:00,Shipped,1,2,2003,Ships,66,S700_1138,Danish Wholesale Imports,31 12 3555,Vinb'ltet 34,0.6054475972663739,0.38461538461538464
2457,2458,2458,10119,25.0,76.67,14,1916.75,4/28/2003 0:00,Shipped,2,4,2003,Ships,66,S700_1138,Salzburg Collectables,6562-9555,Geislweg 14,-1.0383990600860795,0.2087912087912088
2458,2459,2459,10129,31.0,60.0,5,1860.0,6/12/2003 0:00,Shipped,2,6,2003,Ships,66,S700_1138,"Stylish Desk Decors, Co.",(171) 555-0297,35 King George,-0.4219565635789094,0.27472527472527475
2459,2460,2460,10142,41.0,64.0,2,2624.0,8/8/2003 0:00,Shipped,3,8,2003,Ships,66,S700_1138,Mini Gifts Distributors Ltd.,4155551450,5677 Strong St.,0.6054475972663739,0.38461538461538464
2460,2461,2461,10153,43.0,64.67,1,2780.81,9/28/2003 0:00,Shipped,3,9,2003,Ships,66,S700_1138,Euro Shopping Channel,(91) 555 94 44,"C/ Moralzarzal, 86",0.8109284294354305,0.4065934065934066
2461,2462,2462,10167,43.0,75.34,12,3239.62,10/23/2003 0:00,Cancelled,4,10,2003,Ships,66,S700_1138,Scandinavian Gift Ideas,0695-34 6555,?kergatan 24,0.8109284294354305,0.4065934065934066
2462,2463,2463,10177,24.0,76.0,3,1824.0,11/7/2003 0:00,Shipped,4,11,2003,Ships,66,S700_1138,CAF Imports,+34 913 728 555,"Merchants House, 27-30 Merchant's Quay",-1.1411394761706077,0.1978021978021978
2463,2464,2464,10185,21.0,54.0,3,1134.0,11/14/2003 0:00,Shipped,4,11,2003,Ships,66,S700_1138,Mini Creations Ltd.,5085559555,4575 Hillside Dr.,-1.4493607244241928,0.16483516483516483
2464,2465,2465,10197,23.0,64.67,9,1487.41,11/26/2003 0:00,Shipped,4,11,2003,Ships,66,S700_1138,Enaco Distributors,(93) 203 4555,"Rambla de Catalu¤a, 23",-1.2438798922551362,0.18681318681318682
2465,2466,2466,10208,38.0,74.67,3,2837.46,1/2/2004 0:00,Shipped,1,1,2004,Ships,66,S700_1138,"Saveley & Henriot, Co.",78.32.5555,"2, rue du Commerce",0.2972263490127889,0.3516483516483517
2466,2467,2467,10222,31.0,62.67,15,1942.77,2/19/2004 0:00,Shipped,1,2,2004,Ships,66,S700_1138,Collectable Mini Designs Co.,7605558146,361 Furth Circle,-0.4219565635789094,0.27472527472527475
2467,2468,2468,10233,36.0,70.67,3,2544.12,3/29/2004 0:00,Shipped,1,3,2004,Ships,66,S700_1138,Tekni Collectables Inc.,2015559350,7476 Moss Rd.,0.09174551684373221,0.32967032967032966
2468,2469,2469,10248,36.0,71.34,6,2568.24,5/7/2004 0:00,Cancelled,2,5,2004,Ships,66,S700_1138,Land of Toys Inc.,2125557818,897 Long Airport Avenue,0.09174551684373221,0.32967032967032966
2469,2470,2470,10261,34.0,62.0,4,2108.0,6/17/2004 0:00,Shipped,2,6,2004,Ships,66,S700_1138,Quebec Home Shopping Network,(514) 555-8054,43 rue St. Laurent,-0.11373531532532445,0.3076923076923077
2470,2471,2471,10273,21.0,65.34,7,1372.14,7/21/2004 0:00,Shipped,3,7,2004,Ships,66,S700_1138,Petit Auto,(02) 5554 67,Rue Joseph-Bens 532,-1.4493607244241928,0.16483516483516483
2471,2472,2472,10283,45.0,78.67,9,3540.15,8/20/2004 0:00,Shipped,3,8,2004,Ships,66,S700_1138,"Royal Canadian Collectables, Ltd.",(604) 555-4555,23 Tsawassen Blvd.,1.016409261604487,0.42857142857142855
2472,2473,2473,10295,26.0,75.34,4,1958.84,9/10/2004 0:00,Shipped,3,9,2004,Ships,66,S700_1138,Gifts4AllAges.com,6175559555,8616 Spinnaker Dr.,-0.9356586440015511,0.21978021978021978
2473,2474,2474,10306,50.0,54.0,3,2700.0,10/14/2004 0:00,Shipped,4,10,2004,Ships,66,S700_1138,"AV Stores, Co.",(171) 555-1555,Fauntleroy Circus,1.5301113420271288,0.4835164835164835
2474,2475,2475,10315,41.0,62.0,2,2542.0,10/29/2004 0:00,Shipped,4,10,2004,Ships,66,S700_1138,La Rochelle Gifts,40.67.8555,"67, rue des Cinquante Otages",0.6054475972663739,0.38461538461538464
2475,2476,2476,10326,39.0,60.0,1,2340.0,11/9/2004 0:00,Shipped,4,11,2004,Ships,66,S700_1138,"Volvo Model Replicas, Co",0921-12 3555,Berguvsvgen  8,0.3999667650973172,0.3626373626373626
2476,2477,2477,10339,22.0,100.0,5,2816.44,11/23/2004 0:00,Shipped,4,11,2004,Ships,66,S700_1138,"Tokyo Collectables, Ltd",+81 3 3584 0555,2-2-8 Roppongi,-1.3466203083396644,0.17582417582417584
2477,2478,2478,10350,46.0,76.67,11,3526.82,12/2/2004 0:00,Shipped,4,12,2004,Ships,66,S700_1138,Euro Shopping Channel,(91) 555 94 44,"C/ Moralzarzal, 86",1.1191496776890155,0.43956043956043955
2478,2479,2479,10373,44.0,100.0,14,4627.92,1/31/2005 0:00,Shipped,1,1,2005,Ships,66,S700_1138,"Oulu Toy Supplies, Inc.",981-443655,Torikatu 38,0.9136688455199589,0.4175824175824176
2479,2480,2480,10385,25.0,77.34,1,1933.5,2/28/2005 0:00,Shipped,1,2,2005,Ships,66,S700_1138,Mini Gifts Distributors Ltd.,4155551450,5677 Strong St.,-1.0383990600860795,0.2087912087912088
2480,2481,2481,10396,39.0,66.67,1,2600.13,3/23/2005 0:00,Shipped,1,3,2005,Ships,66,S700_1138,Mini Gifts Distributors Ltd.,4155551450,5677 Strong St.,0.3999667650973172,0.3626373626373626
2481,2482,2482,10414,37.0,71.34,6,2639.58,5/6/2005 0:00,On Hold,2,5,2005,Ships,66,S700_1138,Gifts4AllAges.com,6175559555,8616 Spinnaker Dr.,0.19448593292826055,0.34065934065934067
2482,2483,2483,10106,31.0,100.0,7,3312.97,2/17/2003 0:00,Shipped,1,2,2003,Planes,91,S700_1691,Rovelli Gifts,035-640555,Via Ludovico il Moro 22,-0.4219565635789094,0.27472527472527475
2483,2484,2484,10120,47.0,82.21,13,3863.87,4/29/2003 0:00,Shipped,2,4,2003,Planes,91,S700_1691,"Australian Collectors, Co.",03 9520 4555,636 St Kilda Road,1.2218900937735437,0.45054945054945056
2484,2485,2485,10133,24.0,77.64,8,1863.36,6/27/2003 0:00,Shipped,2,6,2003,Planes,91,S700_1691,Euro Shopping Channel,(91) 555 94 44,"C/ Moralzarzal, 86",-1.1411394761706077,0.1978021978021978
2485,2486,2486,10143,36.0,100.0,2,3945.96,8/10/2003 0:00,Shipped,3,8,2003,Planes,91,S700_1691,Mini Creations Ltd.,5085559555,4575 Hillside Dr.,0.09174551684373221,0.32967032967032966
2486,2487,2487,10156,48.0,100.0,2,4954.08,10/8/2003 0:00,Shipped,4,10,2003,Planes,91,S700_1691,Euro Shopping Channel,(91) 555 94 44,"C/ Moralzarzal, 86",1.3246305098580722,0.46153846153846156
2487,2488,2488,10168,28.0,98.65,14,2762.2,10/28/2003 0:00,Shipped,4,10,2003,Planes,91,S700_1691,Technics Stores Inc.,6505556809,9408 Furth Circle,-0.7301778118324944,0.24175824175824176
2488,2489,2489,10199,48.0,83.12,2,3989.76,12/1/2003 0:00,Shipped,4,12,2003,Planes,91,S700_1691,West Coast Collectables Co.,3105553722,3675 Furth Circle,1.3246305098580722,0.46153846153846156
2489,2490,2490,10210,21.0,78.55,12,1649.55,1/12/2004 0:00,Shipped,1,1,2004,Planes,91,S700_1691,Osaka Souveniers Co.,+81 06 6342 5555,"Dojima Avanza 4F, 1-6-20 Dojima, Kita-ku",-1.4493607244241928,0.16483516483516483
2490,2491,2491,10223,25.0,100.0,14,2534.75,2/20/2004 0:00,Shipped,1,2,2004,Planes,91,S700_1691,"Australian Collectors, Co.",03 9520 4555,636 St Kilda Road,-1.0383990600860795,0.2087912087912088
2491,2492,2492,10235,25.0,100.0,8,2580.25,4/2/2004 0:00,Shipped,2,4,2004,Planes,91,S700_1691,"Royal Canadian Collectables, Ltd.",(604) 555-4555,23 Tsawassen Blvd.,-1.0383990600860795,0.2087912087912088
2492,2493,2493,10250,31.0,91.34,9,2831.54,5/11/2004 0:00,Shipped,2,5,2004,Planes,91,S700_1691,The Sharp Gifts Warehouse,4085553659,3086 Ingle Ln.,-0.4219565635789094,0.27472527472527475
2493,2494,2494,10262,40.0,84.03,4,3361.2,6/24/2004 0:00,Cancelled,2,6,2004,Planes,91,S700_1691,Euro Shopping Channel,(91) 555 94 44,"C/ Moralzarzal, 86",0.5027071811818455,0.37362637362637363
2494,2495,2495,10275,32.0,89.51,14,2864.32,7/23/2004 0:00,Shipped,3,7,2004,Planes,91,S700_1691,La Rochelle Gifts,40.67.8555,"67, rue des Cinquante Otages",-0.3192161474943811,0.2857142857142857
2495,2496,2496,10284,24.0,83.12,6,1994.88,8/21/2004 0:00,Shipped,3,8,2004,Planes,91,S700_1691,"Norway Gifts By Mail, Co.",+47 2212 1555,"Drammensveien 126 A, PB 744 Sentrum",-1.1411394761706077,0.1978021978021978
2496,2497,2497,10296,42.0,100.0,2,4296.6,9/15/2004 0:00,Shipped,3,9,2004,Planes,91,S700_1691,"Bavarian Collectables Imports, Co.",+49 89 61 08 9555,Hansastr. 15,0.7081880133509022,0.3956043956043956
2497,2498,2498,10308,21.0,100.0,12,2224.95,10/15/2004 0:00,Shipped,4,10,2004,Planes,91,S700_1691,Mini Classics,9145554562,3758 North Pendale Street,-1.4493607244241928,0.16483516483516483
2498,2499,2499,10316,34.0,82.21,4,2795.14,11/1/2004 0:00,Shipped,4,11,2004,Planes,91,S700_1691,giftsbymail.co.uk,(198) 555-8888,Garden House Crowther Way,-0.11373531532532445,0.3076923076923077
2499,2500,2500,10328,27.0,100.0,8,2762.1,11/12/2004 0:00,Shipped,4,11,2004,Planes,91,S700_1691,Rovelli Gifts,035-640555,Via Ludovico il Moro 22,-0.8329182279170227,0.23076923076923078
2500,2501,2501,10340,30.0,88.6,5,2658.0,11/24/2004 0:00,Shipped,4,11,2004,Planes,91,S700_1691,Enaco Distributors,(93) 203 4555,"Rambla de Catalu¤a, 23",-0.5246969796634378,0.26373626373626374
2501,2502,2502,10353,39.0,100.0,9,5043.87,12/4/2004 0:00,Shipped,4,12,2004,Planes,91,S700_1691,Gift Ideas Corp.,2035554407,2440 Pompton St.,0.3999667650973172,0.3626373626373626
2502,2503,2503,10361,20.0,60.54,4,1210.8,12/17/2004 0:00,Shipped,4,12,2004,Planes,91,S700_1691,Souveniers And Things Co.,+61 2 9495 8555,"Monitor Money Building, 815 Pacific Hwy",-1.552101140508721,0.15384615384615385
2503,2504,2504,10375,37.0,81.87,6,3029.19,2/3/2005 0:00,Shipped,1,2,2005,Planes,91,S700_1691,La Rochelle Gifts,40.67.8555,"67, rue des Cinquante Otages",0.19448593292826055,0.34065934065934067
2504,2505,2505,10388,46.0,100.0,2,10066.6,3/3/2005 0:00,Shipped,1,3,2005,Planes,91,S700_1691,FunGiftIdeas.com,5085552555,1785 First Street,1.1191496776890155,0.43956043956043955
2505,2506,2506,10398,47.0,87.69,6,4121.43,3/30/2005 0:00,Shipped,1,3,2005,Planes,91,S700_1691,Reims Collectables,26.47.1555,59 rue de l'Abbaye,1.2218900937735437,0.45054945054945056
2506,2507,2507,10401,11.0,100.0,8,1135.31,4/3/2005 0:00,On Hold,2,4,2005,Planes,91,S700_1691,Tekni Collectables Inc.,2015559350,7476 Moss Rd.,-2.476764885269476,0.054945054945054944
2507,2508,2508,10416,23.0,91.34,9,2100.82,5/10/2005 0:00,Shipped,2,5,2005,Planes,91,S700_1691,L'ordine Souveniers,0522-556555,Strada Provinciale 124,-1.2438798922551362,0.18681318681318682
2508,2509,2509,10105,29.0,70.15,12,2034.35,2/11/2003 0:00,Shipped,1,2,2003,Ships,86,S700_1938,Danish Wholesale Imports,31 12 3555,Vinb'ltet 34,-0.6274373957479661,0.25274725274725274
2509,2510,2510,10117,38.0,79.68,6,3027.84,4/16/2003 0:00,Shipped,2,4,2003,Ships,86,S700_1938,"Dragon Souveniers, Ltd.",+65 221 7555,"Bronz Sok., Bronz Apt. 3/6 Tesvikiye",0.2972263490127889,0.3516483516483517
2510,2511,2511,10128,32.0,97.0,3,3104.0,6/6/2003 0:00,Shipped,2,6,2003,Ships,86,S700_1938,Euro Shopping Channel,(91) 555 94 44,"C/ Moralzarzal, 86",-0.3192161474943811,0.2857142857142857
2511,2512,2512,10142,43.0,84.01,9,3612.43,8/8/2003 0:00,Shipped,3,8,2003,Ships,86,S700_1938,Mini Gifts Distributors Ltd.,4155551450,5677 Strong St.,0.8109284294354305,0.4065934065934066
2512,2513,2513,10153,31.0,87.48,8,2711.88,9/28/2003 0:00,Shipped,3,9,2003,Ships,86,S700_1938,Euro Shopping Channel,(91) 555 94 44,"C/ Moralzarzal, 86",-0.4219565635789094,0.27472527472527475
2513,2514,2514,10166,29.0,100.0,3,3013.97,10/21/2003 0:00,Shipped,4,10,2003,Ships,86,S700_1938,FunGiftIdeas.com,5085552555,1785 First Street,-0.6274373957479661,0.25274725274725274
2514,2515,2515,10177,31.0,88.34,10,2738.54,11/7/2003 0:00,Shipped,4,11,2003,Ships,86,S700_1938,CAF Imports,+34 913 728 555,"Merchants House, 27-30 Merchant's Quay",-0.4219565635789094,0.27472527472527475
2515,2516,2516,10185,30.0,94.4,10,2832.0,11/14/2003 0:00,Shipped,4,11,2003,Ships,86,S700_1938,Mini Creations Ltd.,5085559555,4575 Hillside Dr.,-0.5246969796634378,0.26373626373626374
2516,2517,2517,10196,50.0,94.4,2,4720.0,11/26/2003 0:00,Shipped,4,11,2003,Ships,86,S700_1938,Super Scale Inc.,2035559545,567 North Pendale Street,1.5301113420271288,0.4835164835164835
2517,2518,2518,10208,40.0,80.55,10,3222.0,1/2/2004 0:00,Shipped,1,1,2004,Ships,86,S700_1938,"Saveley & Henriot, Co.",78.32.5555,"2, rue du Commerce",0.5027071811818455,0.37362637362637363
2518,2519,2519,10221,23.0,97.0,4,2231.0,2/18/2004 0:00,Shipped,1,2,2004,Ships,86,S700_1938,Petit Auto,(02) 5554 67,Rue Joseph-Bens 532,-1.2438798922551362,0.18681318681318682
2519,2520,2520,10232,26.0,88.34,7,2296.84,3/20/2004 0:00,Shipped,1,3,2004,Ships,86,S700_1938,giftsbymail.co.uk,(198) 555-8888,Garden House Crowther Way,-0.9356586440015511,0.21978021978021978
2520,2521,2521,10248,40.0,100.0,13,4157.2,5/7/2004 0:00,Cancelled,2,5,2004,Ships,86,S700_1938,Land of Toys Inc.,2125557818,897 Long Airport Avenue,0.5027071811818455,0.37362637362637363
2521,2522,2522,10273,21.0,100.0,14,2146.2,7/21/2004 0:00,Shipped,3,7,2004,Ships,86,S700_1938,Petit Auto,(02) 5554 67,Rue Joseph-Bens 532,-1.4493607244241928,0.16483516483516483
2522,2523,2523,10282,43.0,86.61,2,3724.23,8/20/2004 0:00,Shipped,3,8,2004,Ships,86,S700_1938,Mini Gifts Distributors Ltd.,4155551450,5677 Strong St.,0.8109284294354305,0.4065934065934066
2523,2524,2524,10293,29.0,71.89,5,2084.81,9/9/2004 0:00,Shipped,3,9,2004,Ships,86,S700_1938,Amica Models & Co.,011-4988555,Via Monte Bianco 34,-0.6274373957479661,0.25274725274725274
2524,2525,2525,10306,38.0,91.81,10,3488.78,10/14/2004 0:00,Shipped,4,10,2004,Ships,86,S700_1938,"AV Stores, Co.",(171) 555-1555,Fauntleroy Circus,0.2972263490127889,0.3516483516483517
2525,2526,2526,10314,23.0,76.22,2,1753.06,10/22/2004 0:00,Shipped,4,10,2004,Ships,86,S700_1938,Heintze Collectables,86 21 3555,Smagsloget 45,-1.2438798922551362,0.18681318681318682
2526,2527,2527,10327,20.0,100.0,7,3469.2,11/10/2004 0:00,Resolved,4,11,2004,Ships,86,S700_1938,Danish Wholesale Imports,31 12 3555,Vinb'ltet 34,-1.552101140508721,0.15384615384615385
2527,2528,2528,10337,36.0,70.3,9,2530.8,11/21/2004 0:00,Shipped,4,11,2004,Ships,86,S700_1938,Classic Legends Inc.,2125558493,5905 Pompton St.,0.09174551684373221,0.32967032967032966
2528,2529,2529,10350,28.0,100.0,4,2924.32,12/2/2004 0:00,Shipped,4,12,2004,Ships,86,S700_1938,Euro Shopping Channel,(91) 555 94 44,"C/ Moralzarzal, 86",-0.7301778118324944,0.24175824175824176
2529,2530,2530,10372,44.0,100.0,2,4496.8,1/26/2005 0:00,Shipped,1,1,2005,Ships,86,S700_1938,"Tokyo Collectables, Ltd",+81 3 3584 0555,2-2-8 Roppongi,0.9136688455199589,0.4175824175824176
2530,2531,2531,10384,49.0,100.0,1,6397.44,2/23/2005 0:00,Shipped,1,2,2005,Ships,86,S700_1938,Corporate Gift Ideas Co.,6505551386,7734 Strong St.,1.4273709259426004,0.4725274725274725
2531,2532,2532,10397,32.0,80.55,5,2577.6,3/28/2005 0:00,Shipped,1,3,2005,Ships,86,S700_1938,Alpha Cognac,61.77.6555,1 rue Alsace-Lorraine,-0.3192161474943811,0.2857142857142857
2532,2533,2533,10414,34.0,100.0,13,3533.62,5/6/2005 0:00,On Hold,2,5,2005,Ships,86,S700_1938,Gifts4AllAges.com,6175559555,8616 Spinnaker Dr.,-0.11373531532532445,0.3076923076923077
2533,2534,2534,10106,30.0,100.0,16,3177.3,2/17/2003 0:00,Shipped,1,2,2003,Ships,90,S700_2047,Rovelli Gifts,035-640555,Via Ludovico il Moro 22,-0.5246969796634378,0.26373626373626374
2534,2535,2535,10119,29.0,94.14,7,2730.06,4/28/2003 0:00,Shipped,2,4,2003,Ships,90,S700_2047,Salzburg Collectables,6562-9555,Geislweg 14,-0.6274373957479661,0.25274725274725274
2535,2536,2536,10131,22.0,85.99,8,1891.78,6/16/2003 0:00,Shipped,2,6,2003,Ships,90,S700_2047,Gift Ideas Corp.,2035554407,2440 Pompton St.,-1.3466203083396644,0.17582417582417584
2536,2537,2537,10143,26.0,100.0,11,2612.48,8/10/2003 0:00,Shipped,3,8,2003,Ships,90,S700_2047,Mini Creations Ltd.,5085559555,4575 Hillside Dr.,-0.9356586440015511,0.21978021978021978
2537,2538,2538,10155,32.0,91.43,9,2925.76,10/6/2003 0:00,Shipped,4,10,2003,Ships,90,S700_2047,"Toys of Finland, Co.",90-224 8555,Keskuskatu 45,-0.3192161474943811,0.2857142857142857
2538,2539,2539,10167,29.0,100.0,5,2940.02,10/23/2003 0:00,Cancelled,4,10,2003,Ships,90,S700_2047,Scandinavian Gift Ideas,0695-34 6555,?kergatan 24,-0.6274373957479661,0.25274725274725274
2539,2540,2540,10178,34.0,96.86,8,3293.24,11/8/2003 0:00,Shipped,4,11,2003,Ships,90,S700_2047,Alpha Cognac,61.77.6555,1 rue Alsace-Lorraine,-0.11373531532532445,0.3076923076923077
2540,2541,2541,10186,24.0,99.57,5,2389.68,11/14/2003 0:00,Shipped,4,11,2003,Ships,90,S700_2047,"Double Decker Gift Stores, Ltd",(171) 555-7555,120 Hanover Sq.,-1.1411394761706077,0.1978021978021978
2541,2542,2542,10197,24.0,90.52,2,2172.48,11/26/2003 0:00,Shipped,4,11,2003,Ships,90,S700_2047,Enaco Distributors,(93) 203 4555,"Rambla de Catalu¤a, 23",-1.1411394761706077,0.1978021978021978
2542,2543,2543,10209,33.0,88.71,4,2927.43,1/9/2004 0:00,Shipped,1,1,2004,Ships,90,S700_2047,"Men 'R' US Retailers, Ltd.",2155554369,6047 Douglas Av.,-0.21647573140985277,0.2967032967032967
2543,2544,2544,10222,26.0,100.0,8,2659.54,2/19/2004 0:00,Shipped,1,2,2004,Ships,90,S700_2047,Collectable Mini Designs Co.,7605558146,361 Furth Circle,-0.9356586440015511,0.21978021978021978
2544,2545,2545,10249,40.0,95.95,4,3838.0,5/8/2004 0:00,Shipped,2,5,2004,Ships,90,S700_2047,Cambridge Collectables Co.,6175555555,4658 Baden Av.,0.5027071811818455,0.37362637362637363
2545,2546,2546,10262,44.0,94.14,13,4142.16,6/24/2004 0:00,Cancelled,2,6,2004,Ships,90,S700_2047,Euro Shopping Channel,(91) 555 94 44,"C/ Moralzarzal, 86",0.9136688455199589,0.4175824175824176
2546,2547,2547,10274,24.0,90.52,5,2172.48,7/21/2004 0:00,Shipped,3,7,2004,Ships,90,S700_2047,Collectables For Less Inc.,6175558555,7825 Douglas Av.,-1.1411394761706077,0.1978021978021978
2547,2548,2548,10283,20.0,94.14,2,1882.8,8/20/2004 0:00,Shipped,3,8,2004,Ships,90,S700_2047,"Royal Canadian Collectables, Ltd.",(604) 555-4555,23 Tsawassen Blvd.,-1.552101140508721,0.15384615384615385
2548,2549,2549,10296,34.0,100.0,11,3477.86,9/15/2004 0:00,Shipped,3,9,2004,Ships,90,S700_2047,"Bavarian Collectables Imports, Co.",+49 89 61 08 9555,Hansastr. 15,-0.11373531532532445,0.3076923076923077
2549,2550,2550,10307,34.0,97.76,5,3323.84,10/14/2004 0:00,Shipped,4,10,2004,Ships,90,S700_2047,"Classic Gift Ideas, Inc",2155554695,782 First Street,-0.11373531532532445,0.3076923076923077
2550,2551,2551,10316,45.0,93.24,13,4195.8,11/1/2004 0:00,Shipped,4,11,2004,Ships,90,S700_2047,giftsbymail.co.uk,(198) 555-8888,Garden House Crowther Way,1.016409261604487,0.42857142857142855
2551,2552,2552,10328,41.0,100.0,9,4156.58,11/12/2004 0:00,Shipped,4,11,2004,Ships,90,S700_2047,Rovelli Gifts,035-640555,Via Ludovico il Moro 22,0.6054475972663739,0.38461538461538464
2552,2553,2553,10339,55.0,71.25,15,3918.75,11/23/2004 0:00,Shipped,4,11,2004,Ships,90,S700_2047,"Tokyo Collectables, Ltd",+81 3 3584 0555,2-2-8 Roppongi,2.0438134224497704,0.5384615384615384
2553,2554,2554,10352,23.0,100.0,3,2352.67,12/3/2004 0:00,Shipped,4,12,2004,Ships,90,S700_2047,Auto-Moto Classics Inc.,6175558428,16780 Pompton St.,-1.2438798922551362,0.18681318681318682
2554,2555,2555,10361,24.0,45.39,14,1089.36,12/17/2004 0:00,Shipped,4,12,2004,Ships,90,S700_2047,Souveniers And Things Co.,+61 2 9495 8555,"Monitor Money Building, 815 Pacific Hwy",-1.1411394761706077,0.1978021978021978
2555,2556,2556,10373,32.0,84.41,15,2701.12,1/31/2005 0:00,Shipped,1,1,2005,Ships,90,S700_2047,"Oulu Toy Supplies, Inc.",981-443655,Torikatu 38,-0.3192161474943811,0.2857142857142857
2556,2557,2557,10386,29.0,85.76,13,2487.04,3/1/2005 0:00,Resolved,1,3,2005,Ships,90,S700_2047,Euro Shopping Channel,(91) 555 94 44,"C/ Moralzarzal, 86",-0.6274373957479661,0.25274725274725274
2557,2558,2558,10398,36.0,100.0,7,3910.32,3/30/2005 0:00,Shipped,1,3,2005,Ships,90,S700_2047,Reims Collectables,26.47.1555,59 rue de l'Abbaye,0.09174551684373221,0.32967032967032966
2558,2559,2559,10400,46.0,87.8,5,4038.8,4/1/2005 0:00,Shipped,2,4,2005,Ships,90,S700_2047,The Sharp Gifts Warehouse,4085553659,3086 Ingle Ln.,1.1191496776890155,0.43956043956043955
2559,2560,2560,10415,32.0,95.95,4,3070.4,5/9/2005 0:00,Disputed,2,5,2005,Ships,90,S700_2047,"Australian Collectables, Ltd",61-9-3844-6555,7 Allen Street,-0.3192161474943811,0.2857142857142857
2560,2561,2561,10106,34.0,100.0,9,3763.46,2/17/2003 0:00,Shipped,1,2,2003,Planes,99,S700_2466,Rovelli Gifts,035-640555,Via Ludovico il Moro 22,-0.11373531532532445,0.3076923076923077
2561,2562,2562,10120,24.0,100.0,15,2584.8,4/29/2003 0:00,Shipped,2,4,2003,Planes,99,S700_2466,"Australian Collectors, Co.",03 9520 4555,636 St Kilda Road,-1.1411394761706077,0.1978021978021978
2562,2563,2563,10131,40.0,100.0,1,4427.6,6/16/2003 0:00,Shipped,2,6,2003,Planes,99,S700_2466,Gift Ideas Corp.,2035554407,2440 Pompton St.,0.5027071811818455,0.37362637362637363
2563,2564,2564,10143,26.0,82.77,4,2152.02,8/10/2003 0:00,Shipped,3,8,2003,Planes,99,S700_2466,Mini Creations Ltd.,5085559555,4575 Hillside Dr.,-0.9356586440015511,0.21978021978021978
2564,2565,2565,10155,20.0,100.0,2,2353.4,10/6/2003 0:00,Shipped,4,10,2003,Planes,99,S700_2466,"Toys of Finland, Co.",90-224 8555,Keskuskatu 45,-1.552101140508721,0.15384615384615385
2565,2566,2566,10168,31.0,100.0,16,3431.39,10/28/2003 0:00,Shipped,4,10,2003,Planes,99,S700_2466,Technics Stores Inc.,6505556809,9408 Furth Circle,-0.4219565635789094,0.27472527472527475
2566,2567,2567,10178,22.0,87.75,1,1930.5,11/8/2003 0:00,Shipped,4,11,2003,Planes,99,S700_2466,Alpha Cognac,61.77.6555,1 rue Alsace-Lorraine,-1.3466203083396644,0.17582417582417584
2567,2568,2568,10198,42.0,100.0,1,4774.56,11/27/2003 0:00,Shipped,4,11,2003,Planes,99,S700_2466,Cruz & Sons Co.,+63 2 555 3587,15 McCallum Street - NatWest Center #13-03,0.7081880133509022,0.3956043956043956
2568,2569,2569,10210,26.0,99.72,14,2592.72,1/12/2004 0:00,Shipped,1,1,2004,Planes,99,S700_2466,Osaka Souveniers Co.,+81 06 6342 5555,"Dojima Avanza 4F, 1-6-20 Dojima, Kita-ku",-0.9356586440015511,0.21978021978021978
2569,2570,2570,10222,37.0,87.75,1,3246.75,2/19/2004 0:00,Shipped,1,2,2004,Planes,99,S700_2466,Collectable Mini Designs Co.,7605558146,361 Furth Circle,0.19448593292826055,0.34065934065934067
2570,2571,2571,10235,38.0,88.75,10,3372.5,4/2/2004 0:00,Shipped,2,4,2004,Planes,99,S700_2466,"Royal Canadian Collectables, Ltd.",(604) 555-4555,23 Tsawassen Blvd.,0.2972263490127889,0.3516483516483517
2571,2572,2572,10250,35.0,100.0,11,3909.15,5/11/2004 0:00,Shipped,2,5,2004,Planes,99,S700_2466,The Sharp Gifts Warehouse,4085553659,3086 Ingle Ln.,-0.010994899240796116,0.31868131868131866
2572,2573,2573,10262,33.0,90.75,6,2994.75,6/24/2004 0:00,Cancelled,2,6,2004,Planes,99,S700_2466,Euro Shopping Channel,(91) 555 94 44,"C/ Moralzarzal, 86",-0.21647573140985277,0.2967032967032967
2573,2574,2574,10275,39.0,100.0,16,4472.52,7/23/2004 0:00,Shipped,3,7,2004,Planes,99,S700_2466,La Rochelle Gifts,40.67.8555,"67, rue des Cinquante Otages",0.3999667650973172,0.3626373626373626
2574,2575,2575,10284,45.0,100.0,8,4576.95,8/21/2004 0:00,Shipped,3,8,2004,Planes,99,S700_2466,"Norway Gifts By Mail, Co.",+47 2212 1555,"Drammensveien 126 A, PB 744 Sentrum",1.016409261604487,0.42857142857142855
2575,2576,2576,10296,24.0,100.0,4,2441.04,9/15/2004 0:00,Shipped,3,9,2004,Planes,99,S700_2466,"Bavarian Collectables Imports, Co.",+49 89 61 08 9555,Hansastr. 15,-1.1411394761706077,0.1978021978021978
2576,2577,2577,10308,35.0,88.75,14,3106.25,10/15/2004 0:00,Shipped,4,10,2004,Planes,99,S700_2466,Mini Classics,9145554562,3758 North Pendale Street,-0.010994899240796116,0.31868131868131866
2577,2578,2578,10316,23.0,100.0,6,2706.41,11/1/2004 0:00,Shipped,4,11,2004,Planes,99,S700_2466,giftsbymail.co.uk,(198) 555-8888,Garden House Crowther Way,-1.2438798922551362,0.18681318681318682
2578,2579,2579,10328,37.0,100.0,10,4021.53,11/12/2004 0:00,Shipped,4,11,2004,Planes,99,S700_2466,Rovelli Gifts,035-640555,Via Ludovico il Moro 22,0.19448593292826055,0.34065934065934067
2579,2580,2580,10340,55.0,87.75,7,4826.25,11/24/2004 0:00,Shipped,4,11,2004,Planes,99,S700_2466,Enaco Distributors,(93) 203 4555,"Rambla de Catalu¤a, 23",2.0438134224497704,0.5384615384615384
2580,2581,2581,10352,49.0,100.0,2,4935.28,12/3/2004 0:00,Shipped,4,12,2004,Planes,99,S700_2466,Auto-Moto Classics Inc.,6175558428,16780 Pompton St.,1.4273709259426004,0.4725274725274725
2581,2582,2582,10361,26.0,100.0,9,2754.7,12/17/2004 0:00,Shipped,4,12,2004,Planes,99,S700_2466,Souveniers And Things Co.,+61 2 9495 8555,"Monitor Money Building, 815 Pacific Hwy",-0.9356586440015511,0.21978021978021978
2582,2583,2583,10375,33.0,100.0,1,3856.71,2/3/2005 0:00,Shipped,1,2,2005,Planes,99,S700_2466,La Rochelle Gifts,40.67.8555,"67, rue des Cinquante Otages",-0.21647573140985277,0.2967032967032967
2583,2584,2584,10386,37.0,83.84,14,3102.08,3/1/2005 0:00,Resolved,1,3,2005,Planes,99,S700_2466,Euro Shopping Channel,(91) 555 94 44,"C/ Moralzarzal, 86",0.19448593292826055,0.34065934065934067
2584,2585,2585,10398,22.0,86.76,8,1908.72,3/30/2005 0:00,Shipped,1,3,2005,Planes,99,S700_2466,Reims Collectables,26.47.1555,59 rue de l'Abbaye,-1.3466203083396644,0.17582417582417584
2585,2586,2586,10401,85.0,88.75,10,7543.75,4/3/2005 0:00,On Hold,2,4,2005,Planes,99,S700_2466,Tekni Collectables Inc.,2015559350,7476 Moss Rd.,5.12602590498562,0.8681318681318682
2586,2587,2587,10416,22.0,100.0,11,2457.18,5/10/2005 0:00,Shipped,2,5,2005,Planes,99,S700_2466,L'ordine Souveniers,0522-556555,Strada Provinciale 124,-1.3466203083396644,0.17582417582417584
2587,2588,2588,10105,31.0,65.77,3,2038.87,2/11/2003 0:00,Shipped,1,2,2003,Ships,72,S700_2610,Danish Wholesale Imports,31 12 3555,Vinb'ltet 34,-0.4219565635789094,0.27472527472527475
2588,2589,2589,10119,38.0,65.77,12,2499.26,4/28/2003 0:00,Shipped,2,4,2003,Ships,72,S700_2610,Salzburg Collectables,6562-9555,Geislweg 14,0.2972263490127889,0.3516483516483517
2589,2590,2590,10129,45.0,85.29,3,3838.05,6/12/2003 0:00,Shipped,2,6,2003,Ships,72,S700_2610,"Stylish Desk Decors, Co.",(171) 555-0297,35 King George,1.016409261604487,0.42857142857142855
2590,2591,2591,10143,31.0,85.29,16,2643.99,8/10/2003 0:00,Shipped,3,8,2003,Ships,72,S700_2610,Mini Creations Ltd.,5085559555,4575 Hillside Dr.,-0.4219565635789094,0.27472527472527475
2591,2592,2592,10154,36.0,64.33,1,2315.88,10/2/2003 0:00,Shipped,4,10,2003,Ships,72,S700_2610,Boards & Toys Co.,3105552373,4097 Douglas Av.,0.09174551684373221,0.32967032967032966
2592,2593,2593,10167,46.0,70.11,10,3225.06,10/23/2003 0:00,Cancelled,4,10,2003,Ships,72,S700_2610,Scandinavian Gift Ideas,0695-34 6555,?kergatan 24,1.1191496776890155,0.43956043956043955
2593,2594,2594,10177,32.0,76.62,1,2451.84,11/7/2003 0:00,Shipped,4,11,2003,Ships,72,S700_2610,CAF Imports,+34 913 728 555,"Merchants House, 27-30 Merchant's Quay",-0.3192161474943811,0.2857142857142857
2594,2595,2595,10185,39.0,57.82,1,2254.98,11/14/2003 0:00,Shipped,4,11,2003,Ships,72,S700_2610,Mini Creations Ltd.,5085559555,4575 Hillside Dr.,0.3999667650973172,0.3626373626373626
2595,2596,2596,10197,50.0,78.79,7,3939.5,11/26/2003 0:00,Shipped,4,11,2003,Ships,72,S700_2610,Enaco Distributors,(93) 203 4555,"Rambla de Catalu¤a, 23",1.5301113420271288,0.4835164835164835
2596,2597,2597,10208,46.0,74.45,1,3424.7,1/2/2004 0:00,Shipped,1,1,2004,Ships,72,S700_2610,"Saveley & Henriot, Co.",78.32.5555,"2, rue du Commerce",1.1191496776890155,0.43956043956043955
2597,2598,2598,10222,36.0,80.95,13,2914.2,2/19/2004 0:00,Shipped,1,2,2004,Ships,72,S700_2610,Collectable Mini Designs Co.,7605558146,361 Furth Circle,0.09174551684373221,0.32967032967032966
2598,2599,2599,10233,29.0,82.4,1,2389.6,3/29/2004 0:00,Shipped,1,3,2004,Ships,72,S700_2610,Tekni Collectables Inc.,2015559350,7476 Moss Rd.,-0.6274373957479661,0.25274725274725274
2599,2600,2600,10248,32.0,75.89,4,2428.48,5/7/2004 0:00,Cancelled,2,5,2004,Ships,72,S700_2610,Land of Toys Inc.,2125557818,897 Long Airport Avenue,-0.3192161474943811,0.2857142857142857
2600,2601,2601,10261,44.0,68.67,2,3021.48,6/17/2004 0:00,Shipped,2,6,2004,Ships,72,S700_2610,Quebec Home Shopping Network,(514) 555-8054,43 rue St. Laurent,0.9136688455199589,0.4175824175824176
2601,2602,2602,10273,42.0,62.16,5,2610.72,7/21/2004 0:00,Shipped,3,7,2004,Ships,72,S700_2610,Petit Auto,(02) 5554 67,Rue Joseph-Bens 532,0.7081880133509022,0.3956043956043956
2602,2603,2603,10283,47.0,65.77,7,3091.19,8/20/2004 0:00,Shipped,3,8,2004,Ships,72,S700_2610,"Royal Canadian Collectables, Ltd.",(604) 555-4555,23 Tsawassen Blvd.,1.2218900937735437,0.45054945054945056
2603,2604,2604,10295,44.0,58.55,2,2576.2,9/10/2004 0:00,Shipped,3,9,2004,Ships,72,S700_2610,Gifts4AllAges.com,6175559555,8616 Spinnaker Dr.,0.9136688455199589,0.4175824175824176
2604,2605,2605,10306,43.0,75.17,1,3232.31,10/14/2004 0:00,Shipped,4,10,2004,Ships,72,S700_2610,"AV Stores, Co.",(171) 555-1555,Fauntleroy Circus,0.8109284294354305,0.4065934065934066
2605,2606,2606,10316,48.0,74.45,18,3573.6,11/1/2004 0:00,Shipped,4,11,2004,Ships,72,S700_2610,giftsbymail.co.uk,(198) 555-8888,Garden House Crowther Way,1.3246305098580722,0.46153846153846156
2606,2607,2607,10327,21.0,96.31,1,2022.51,11/10/2004 0:00,Resolved,4,11,2004,Ships,72,S700_2610,Danish Wholesale Imports,31 12 3555,Vinb'ltet 34,-1.4493607244241928,0.16483516483516483
2607,2608,2608,10339,50.0,74.35,9,3717.5,11/23/2004 0:00,Shipped,4,11,2004,Ships,72,S700_2610,"Tokyo Collectables, Ltd",+81 3 3584 0555,2-2-8 Roppongi,1.5301113420271288,0.4835164835164835
2608,2609,2609,10350,29.0,75.35,12,2185.15,12/2/2004 0:00,Shipped,4,12,2004,Ships,72,S700_2610,Euro Shopping Channel,(91) 555 94 44,"C/ Moralzarzal, 86",-0.6274373957479661,0.25274725274725274
2609,2610,2610,10373,41.0,70.33,16,2883.53,1/31/2005 0:00,Shipped,1,1,2005,Ships,72,S700_2610,"Oulu Toy Supplies, Inc.",981-443655,Torikatu 38,0.6054475972663739,0.38461538461538464
2610,2611,2611,10386,37.0,100.0,10,5017.57,3/1/2005 0:00,Resolved,1,3,2005,Ships,72,S700_2610,Euro Shopping Channel,(91) 555 94 44,"C/ Moralzarzal, 86",0.19448593292826055,0.34065934065934067
2611,2612,2612,10397,22.0,66.5,4,1463.0,3/28/2005 0:00,Shipped,1,3,2005,Ships,72,S700_2610,Alpha Cognac,61.77.6555,1 rue Alsace-Lorraine,-1.3466203083396644,0.17582417582417584
2612,2613,2613,10414,31.0,75.89,4,2352.59,5/6/2005 0:00,On Hold,2,5,2005,Ships,72,S700_2610,Gifts4AllAges.com,6175559555,8616 Spinnaker Dr.,-0.4219565635789094,0.27472527472527475
2613,2614,2614,10103,42.0,100.0,6,4460.82,1/29/2003 0:00,Shipped,1,1,2003,Classic Cars,101,S700_2824,Baane Mini Imports,07-98 9555,Erling Skakkes gate 78,0.7081880133509022,0.3956043956043956
2614,2615,2615,10114,42.0,100.0,10,4758.18,4/1/2003 0:00,Shipped,2,4,2003,Classic Cars,101,S700_2824,"La Corne D'abondance, Co.",(1) 42.34.2555,"265, boulevard Charonne",0.7081880133509022,0.3956043956043956
2615,2616,2616,10126,45.0,100.0,6,4597.2,5/28/2003 0:00,Shipped,2,5,2003,Classic Cars,101,S700_2824,"Corrida Auto Replicas, Ltd",(91) 555 22 82,"C/ Araquil, 67",1.016409261604487,0.42857142857142855
2616,2617,2617,10140,36.0,100.0,6,4114.8,7/24/2003 0:00,Shipped,3,7,2003,Classic Cars,101,S700_2824,Technics Stores Inc.,6505556809,9408 Furth Circle,0.09174551684373221,0.32967032967032966
2617,2618,2618,10150,20.0,100.0,3,2104.0,9/19/2003 0:00,Shipped,3,9,2003,Classic Cars,101,S700_2824,"Dragon Souveniers, Ltd.",+65 221 7555,"Bronz Sok., Bronz Apt. 3/6 Tesvikiye",-1.552101140508721,0.15384615384615385
2618,2619,2619,10164,39.0,81.93,4,3195.27,10/21/2003 0:00,Resolved,4,10,2003,Classic Cars,101,S700_2824,Mini Auto Werke,7675-3555,Kirchgasse 6,0.3999667650973172,0.3626373626373626
2619,2620,2620,10175,42.0,85.98,11,3611.16,11/6/2003 0:00,Shipped,4,11,2003,Classic Cars,101,S700_2824,"Stylish Desk Decors, Co.",(171) 555-0297,35 King George,0.7081880133509022,0.3956043956043956
2620,2621,2621,10183,23.0,86.99,3,2000.77,11/13/2003 0:00,Shipped,4,11,2003,Classic Cars,101,S700_2824,"Classic Gift Ideas, Inc",2155554695,782 First Street,-1.2438798922551362,0.18681318681318682
2621,2622,2622,10194,26.0,89.01,6,2314.26,11/25/2003 0:00,Shipped,4,11,2003,Classic Cars,101,S700_2824,"Saveley & Henriot, Co.",78.32.5555,"2, rue du Commerce",-0.9356586440015511,0.21978021978021978
2622,2623,2623,10206,33.0,100.0,1,3871.89,12/5/2003 0:00,Shipped,4,12,2003,Classic Cars,101,S700_2824,Canadian Gift Exchange Network,(604) 555-3392,1900 Oak St.,-0.21647573140985277,0.2967032967032967
2623,2624,2624,10217,31.0,88.0,6,2728.0,2/4/2004 0:00,Shipped,1,2,2004,Classic Cars,101,S700_2824,Handji Gifts& Co,+65 224 1555,Village Close - 106 Linden Road Sandown,-0.4219565635789094,0.27472527472527475
2624,2625,2625,10229,50.0,100.0,11,5614.0,3/11/2004 0:00,Shipped,1,3,2004,Classic Cars,101,S700_2824,Mini Gifts Distributors Ltd.,4155551450,5677 Strong St.,1.5301113420271288,0.4835164835164835
2625,2626,2626,10245,44.0,100.0,4,4628.8,5/4/2004 0:00,Shipped,2,5,2004,Classic Cars,101,S700_2824,Super Scale Inc.,2035559545,567 North Pendale Street,0.9136688455199589,0.4175824175824176
2626,2627,2627,10258,45.0,80.92,1,3641.4,6/15/2004 0:00,Shipped,2,6,2004,Classic Cars,101,S700_2824,"Tokyo Collectables, Ltd",+81 3 3584 0555,2-2-8 Roppongi,1.016409261604487,0.42857142857142855
2627,2628,2628,10270,46.0,88.0,4,4048.0,7/19/2004 0:00,Shipped,3,7,2004,Classic Cars,101,S700_2824,Souveniers And Things Co.,+61 2 9495 8555,"Monitor Money Building, 815 Pacific Hwy",1.1191496776890155,0.43956043956043955
2628,2629,2629,10281,27.0,85.98,11,2321.46,8/19/2004 0:00,Shipped,3,8,2004,Classic Cars,101,S700_2824,Diecast Classics Inc.,2155551555,7586 Pompton St.,-0.8329182279170227,0.23076923076923078
2629,2630,2630,10291,28.0,100.0,6,3256.96,9/8/2004 0:00,Shipped,3,9,2004,Classic Cars,101,S700_2824,Scandinavian Gift Ideas,0695-34 6555,?kergatan 24,-0.7301778118324944,0.24175824175824176
2630,2631,2631,10304,40.0,100.0,1,4208.0,10/11/2004 0:00,Shipped,4,10,2004,Classic Cars,101,S700_2824,Auto Assoc. & Cie.,30.59.8555,"67, avenue de l'Europe",0.5027071811818455,0.37362637362637363
2631,2632,2632,10313,30.0,99.13,9,2973.9,10/22/2004 0:00,Shipped,4,10,2004,Classic Cars,101,S700_2824,Canadian Gift Exchange Network,(604) 555-3392,1900 Oak St.,-0.5246969796634378,0.26373626373626374
2632,2633,2633,10324,34.0,100.0,5,4248.3,11/5/2004 0:00,Shipped,4,11,2004,Classic Cars,101,S700_2824,Vitachrome Inc.,2125551500,2678 Kingston Rd.,-0.11373531532532445,0.3076923076923077
2633,2634,2634,10336,46.0,100.0,2,9558.8,11/20/2004 0:00,Shipped,4,11,2004,Classic Cars,101,S700_2824,"La Corne D'abondance, Co.",(1) 42.34.2555,"265, boulevard Charonne",1.1191496776890155,0.43956043956043955
2634,2635,2635,10348,32.0,82.83,7,2650.56,11/1/2004 0:00,Shipped,4,11,2004,Classic Cars,101,S700_2824,"Corrida Auto Replicas, Ltd",(91) 555 22 82,"C/ Araquil, 67",-0.3192161474943811,0.2857142857142857
2635,2636,2636,10358,27.0,100.0,3,3761.37,12/10/2004 0:00,Shipped,4,12,2004,Classic Cars,101,S700_2824,Euro Shopping Channel,(91) 555 94 44,"C/ Moralzarzal, 86",-0.8329182279170227,0.23076923076923078
2636,2637,2637,10371,34.0,100.0,3,4301.34,1/23/2005 0:00,Shipped,1,1,2005,Classic Cars,101,S700_2824,Mini Gifts Distributors Ltd.,4155551450,5677 Strong St.,-0.11373531532532445,0.3076923076923077
2637,2638,2638,10382,34.0,54.84,9,1864.56,2/17/2005 0:00,Shipped,1,2,2005,Classic Cars,101,S700_2824,Mini Gifts Distributors Ltd.,4155551450,5677 Strong St.,-0.11373531532532445,0.3076923076923077
2638,2639,2639,10411,34.0,100.0,4,3576.8,5/1/2005 0:00,Shipped,2,5,2005,Classic Cars,101,S700_2824,Quebec Home Shopping Network,(514) 555-8054,43 rue St. Laurent,-0.11373531532532445,0.3076923076923077
2639,2640,2640,10424,46.0,80.92,1,3722.32,5/31/2005 0:00,In Process,2,5,2005,Classic Cars,101,S700_2824,Euro Shopping Channel,(91) 555 94 44,"C/ Moralzarzal, 86",1.1191496776890155,0.43956043956043955
2640,2641,2641,10106,32.0,100.0,1,3986.56,2/17/2003 0:00,Shipped,1,2,2003,Planes,118,S700_2834,Rovelli Gifts,035-640555,Via Ludovico il Moro 22,-0.3192161474943811,0.2857142857142857
2641,2642,2642,10120,24.0,100.0,7,3417.12,4/29/2003 0:00,Shipped,2,4,2003,Planes,118,S700_2834,"Australian Collectors, Co.",03 9520 4555,636 St Kilda Road,-1.1411394761706077,0.1978021978021978
2642,2643,2643,10133,27.0,99.67,2,2691.09,6/27/2003 0:00,Shipped,2,6,2003,Planes,118,S700_2834,Euro Shopping Channel,(91) 555 94 44,"C/ Moralzarzal, 86",-0.8329182279170227,0.23076923076923078
2643,2644,2644,10145,20.0,100.0,13,2752.6,8/25/2003 0:00,Shipped,3,8,2003,Planes,118,S700_2834,Toys4GrownUps.com,6265557265,78934 Hillside Dr.,-1.552101140508721,0.15384615384615385
2644,2645,2645,10168,36.0,100.0,8,4527.72,10/28/2003 0:00,Shipped,4,10,2003,Planes,118,S700_2834,Technics Stores Inc.,6505556809,9408 Furth Circle,0.09174551684373221,0.32967032967032966
2645,2646,2646,10188,29.0,100.0,8,3957.05,11/18/2003 0:00,Shipped,4,11,2003,Planes,118,S700_2834,Herkku Gifts,+47 2267 3215,"Drammen 121, PR 744 Sentrum",-0.6274373957479661,0.25274725274725274
2646,2647,2647,10210,25.0,100.0,6,2818.0,1/12/2004 0:00,Shipped,1,1,2004,Planes,118,S700_2834,Osaka Souveniers Co.,+81 06 6342 5555,"Dojima Avanza 4F, 1-6-20 Dojima, Kita-ku",-1.0383990600860795,0.2087912087912088
2647,2648,2648,10223,29.0,100.0,8,3199.86,2/20/2004 0:00,Shipped,1,2,2004,Planes,118,S700_2834,"Australian Collectors, Co.",03 9520 4555,636 St Kilda Road,-0.6274373957479661,0.25274725274725274
2648,2649,2649,10235,25.0,96.11,2,2402.75,4/2/2004 0:00,Shipped,2,4,2004,Planes,118,S700_2834,"Royal Canadian Collectables, Ltd.",(604) 555-4555,23 Tsawassen Blvd.,-1.0383990600860795,0.2087912087912088
2649,2650,2650,10250,44.0,100.0,3,6055.72,5/11/2004 0:00,Shipped,2,5,2004,Planes,118,S700_2834,The Sharp Gifts Warehouse,4085553659,3086 Ingle Ln.,0.9136688455199589,0.4175824175824176
2650,2651,2651,10263,47.0,100.0,9,5465.16,6/28/2004 0:00,Shipped,2,6,2004,Planes,118,S700_2834,Gift Depot Inc.,2035552570,25593 South Bay Ln.,1.2218900937735437,0.45054945054945056
2651,2652,2652,10275,48.0,100.0,8,6378.72,7/23/2004 0:00,Shipped,3,7,2004,Planes,118,S700_2834,La Rochelle Gifts,40.67.8555,"67, rue des Cinquante Otages",1.3246305098580722,0.46153846153846156
2652,2653,2653,10285,45.0,100.0,13,5392.8,8/27/2004 0:00,Shipped,3,8,2004,Planes,118,S700_2834,Marta's Replicas Co.,6175558555,39323 Spinnaker Dr.,1.016409261604487,0.42857142857142855
2653,2654,2654,10297,35.0,100.0,3,3986.5,9/16/2004 0:00,Shipped,3,9,2004,Planes,118,S700_2834,"Clover Collections, Co.",+353 1862 1555,25 Maiden Lane,-0.010994899240796116,0.31868131868131866
2654,2655,2655,10308,31.0,100.0,6,4009.23,10/15/2004 0:00,Shipped,4,10,2004,Planes,118,S700_2834,Mini Classics,9145554562,3758 North Pendale Street,-0.4219565635789094,0.27472527472527475
2655,2656,2656,10318,50.0,100.0,8,7119.0,11/2/2004 0:00,Shipped,4,11,2004,Planes,118,S700_2834,Diecast Classics Inc.,2155551555,7586 Pompton St.,1.5301113420271288,0.4835164835164835
2656,2657,2657,10328,33.0,100.0,11,4072.2,11/12/2004 0:00,Shipped,4,11,2004,Planes,118,S700_2834,Rovelli Gifts,035-640555,Via Ludovico il Moro 22,-0.21647573140985277,0.2967032967032967
2657,2658,2658,10340,29.0,100.0,6,4094.51,11/24/2004 0:00,Shipped,4,11,2004,Planes,118,S700_2834,Enaco Distributors,(93) 203 4555,"Rambla de Catalu¤a, 23",-0.6274373957479661,0.25274725274725274
2658,2659,2659,10353,48.0,68.8,4,3302.4,12/4/2004 0:00,Shipped,4,12,2004,Planes,118,S700_2834,Gift Ideas Corp.,2035554407,2440 Pompton St.,1.3246305098580722,0.46153846153846156
2659,2660,2660,10361,44.0,72.42,5,3186.48,12/17/2004 0:00,Shipped,4,12,2004,Planes,118,S700_2834,Souveniers And Things Co.,+61 2 9495 8555,"Monitor Money Building, 815 Pacific Hwy",0.9136688455199589,0.4175824175824176
2660,2661,2661,10375,25.0,66.73,10,1668.25,2/3/2005 0:00,Shipped,1,2,2005,Planes,118,S700_2834,La Rochelle Gifts,40.67.8555,"67, rue des Cinquante Otages",-1.0383990600860795,0.2087912087912088
2661,2662,2662,10388,50.0,100.0,3,7154.5,3/3/2005 0:00,Shipped,1,3,2005,Planes,118,S700_2834,FunGiftIdeas.com,5085552555,1785 First Street,1.5301113420271288,0.4835164835164835
2662,2663,2663,10398,23.0,100.0,9,2810.83,3/30/2005 0:00,Shipped,1,3,2005,Planes,118,S700_2834,Reims Collectables,26.47.1555,59 rue de l'Abbaye,-1.2438798922551362,0.18681318681318682
2663,2664,2664,10401,21.0,96.11,2,2018.31,4/3/2005 0:00,On Hold,2,4,2005,Planes,118,S700_2834,Tekni Collectables Inc.,2015559350,7476 Moss Rd.,-1.4493607244241928,0.16483516483516483
2664,2665,2665,10416,41.0,100.0,3,5642.83,5/10/2005 0:00,Shipped,2,5,2005,Planes,118,S700_2834,L'ordine Souveniers,0522-556555,Strada Provinciale 124,0.6054475972663739,0.38461538461538464
2665,2666,2666,10106,44.0,74.4,8,3273.6,2/17/2003 0:00,Shipped,1,2,2003,Planes,80,S700_3167,Rovelli Gifts,035-640555,Via Ludovico il Moro 22,0.9136688455199589,0.4175824175824176
2666,2667,2667,10120,43.0,76.0,14,3268.0,4/29/2003 0:00,Shipped,2,4,2003,Planes,80,S700_3167,"Australian Collectors, Co.",03 9520 4555,636 St Kilda Road,0.8109284294354305,0.4065934065934066
2667,2668,2668,10143,28.0,96.0,3,2688.0,8/10/2003 0:00,Shipped,3,8,2003,Planes,80,S700_3167,Mini Creations Ltd.,5085559555,4575 Hillside Dr.,-0.7301778118324944,0.24175824175824176
2668,2669,2669,10155,43.0,86.4,1,3715.2,10/6/2003 0:00,Shipped,4,10,2003,Planes,80,S700_3167,"Toys of Finland, Co.",90-224 8555,Keskuskatu 45,0.8109284294354305,0.4065934065934066
2669,2670,2670,10168,48.0,96.0,15,4608.0,10/28/2003 0:00,Shipped,4,10,2003,Planes,80,S700_3167,Technics Stores Inc.,6505556809,9408 Furth Circle,1.3246305098580722,0.46153846153846156
2670,2671,2671,10199,38.0,82.4,3,3131.2,12/1/2003 0:00,Shipped,4,12,2003,Planes,80,S700_3167,West Coast Collectables Co.,3105553722,3675 Furth Circle,0.2972263490127889,0.3516483516483517
2671,2672,2672,10210,31.0,86.4,13,2678.4,1/12/2004 0:00,Shipped,1,1,2004,Planes,80,S700_3167,Osaka Souveniers Co.,+81 06 6342 5555,"Dojima Avanza 4F, 1-6-20 Dojima, Kita-ku",-0.4219565635789094,0.27472527472527475
2672,2673,2673,10223,26.0,67.2,15,1747.2,2/20/2004 0:00,Shipped,1,2,2004,Planes,80,S700_3167,"Australian Collectors, Co.",03 9520 4555,636 St Kilda Road,-0.9356586440015511,0.21978021978021978
2673,2674,2674,10235,32.0,92.0,9,2944.0,4/2/2004 0:00,Shipped,2,4,2004,Planes,80,S700_3167,"Royal Canadian Collectables, Ltd.",(604) 555-4555,23 Tsawassen Blvd.,-0.3192161474943811,0.2857142857142857
2674,2675,2675,10250,44.0,67.2,10,2956.8,5/11/2004 0:00,Shipped,2,5,2004,Planes,80,S700_3167,The Sharp Gifts Warehouse,4085553659,3086 Ingle Ln.,0.9136688455199589,0.4175824175824176
2675,2676,2676,10262,27.0,76.0,5,2052.0,6/24/2004 0:00,Cancelled,2,6,2004,Planes,80,S700_3167,Euro Shopping Channel,(91) 555 94 44,"C/ Moralzarzal, 86",-0.8329182279170227,0.23076923076923078
2676,2677,2677,10275,43.0,73.6,15,3164.8,7/23/2004 0:00,Shipped,3,7,2004,Planes,80,S700_3167,La Rochelle Gifts,40.67.8555,"67, rue des Cinquante Otages",0.8109284294354305,0.4065934065934066
2677,2678,2678,10284,25.0,69.6,7,1740.0,8/21/2004 0:00,Shipped,3,8,2004,Planes,80,S700_3167,"Norway Gifts By Mail, Co.",+47 2212 1555,"Drammensveien 126 A, PB 744 Sentrum",-1.0383990600860795,0.2087912087912088
2678,2679,2679,10296,22.0,80.8,3,1777.6,9/15/2004 0:00,Shipped,3,9,2004,Planes,80,S700_3167,"Bavarian Collectables Imports, Co.",+49 89 61 08 9555,Hansastr. 15,-1.3466203083396644,0.17582417582417584
2679,2680,2680,10308,21.0,87.2,13,1831.2,10/15/2004 0:00,Shipped,4,10,2004,Planes,80,S700_3167,Mini Classics,9145554562,3758 North Pendale Street,-1.4493607244241928,0.16483516483516483
2680,2681,2681,10316,48.0,75.2,5,3609.6,11/1/2004 0:00,Shipped,4,11,2004,Planes,80,S700_3167,giftsbymail.co.uk,(198) 555-8888,Garden House Crowther Way,1.3246305098580722,0.46153846153846156
2681,2682,2682,10328,33.0,64.0,13,2112.0,11/12/2004 0:00,Shipped,4,11,2004,Planes,80,S700_3167,Rovelli Gifts,035-640555,Via Ludovico il Moro 22,-0.21647573140985277,0.2967032967032967
2682,2683,2683,10341,34.0,100.0,5,3644.12,11/24/2004 0:00,Shipped,4,11,2004,Planes,80,S700_3167,Salzburg Collectables,6562-9555,Geislweg 14,-0.11373531532532445,0.3076923076923077
2683,2684,2684,10353,43.0,81.95,6,3523.85,12/4/2004 0:00,Shipped,4,12,2004,Planes,80,S700_3167,Gift Ideas Corp.,2035554407,2440 Pompton St.,0.8109284294354305,0.4065934065934066
2684,2685,2685,10361,44.0,100.0,10,5001.92,12/17/2004 0:00,Shipped,4,12,2004,Planes,80,S700_3167,Souveniers And Things Co.,+61 2 9495 8555,"Monitor Money Building, 815 Pacific Hwy",0.9136688455199589,0.4175824175824176
2685,2686,2686,10375,44.0,100.0,11,5208.72,2/3/2005 0:00,Shipped,1,2,2005,Planes,80,S700_3167,La Rochelle Gifts,40.67.8555,"67, rue des Cinquante Otages",0.9136688455199589,0.4175824175824176
2686,2687,2687,10386,32.0,94.34,17,3018.88,3/1/2005 0:00,Resolved,1,3,2005,Planes,80,S700_3167,Euro Shopping Channel,(91) 555 94 44,"C/ Moralzarzal, 86",-0.3192161474943811,0.2857142857142857
2687,2688,2688,10398,29.0,65.6,10,1902.4,3/30/2005 0:00,Shipped,1,3,2005,Planes,80,S700_3167,Reims Collectables,26.47.1555,59 rue de l'Abbaye,-0.6274373957479661,0.25274725274725274
2688,2689,2689,10401,77.0,92.0,9,7084.0,4/3/2005 0:00,On Hold,2,4,2005,Planes,80,S700_3167,Tekni Collectables Inc.,2015559350,7476 Moss Rd.,4.304102576309393,0.7802197802197802
2689,2690,2690,10416,39.0,67.2,10,2620.8,5/10/2005 0:00,Shipped,2,5,2005,Planes,80,S700_3167,L'ordine Souveniers,0522-556555,Strada Provinciale 124,0.3999667650973172,0.3626373626373626
2690,2691,2691,10105,39.0,81.14,6,3164.46,2/11/2003 0:00,Shipped,1,2,2003,Ships,100,S700_3505,Danish Wholesale Imports,31 12 3555,Vinb'ltet 34,0.3999667650973172,0.3626373626373626
2691,2692,2692,10118,36.0,100.0,1,4219.2,4/21/2003 0:00,Shipped,2,4,2003,Ships,100,S700_3505,Enaco Distributors,(93) 203 4555,"Rambla de Catalu¤a, 23",0.09174551684373221,0.32967032967032966
2692,2693,2693,10129,42.0,91.15,6,3828.3,6/12/2003 0:00,Shipped,2,6,2003,Ships,100,S700_3505,"Stylish Desk Decors, Co.",(171) 555-0297,35 King George,0.7081880133509022,0.3956043956043956
2693,2694,2694,10142,21.0,100.0,3,2334.99,8/8/2003 0:00,Shipped,3,8,2003,Ships,100,S700_3505,Mini Gifts Distributors Ltd.,4155551450,5677 Strong St.,-1.4493607244241928,0.16483516483516483
2694,2695,2695,10153,50.0,88.15,2,4407.5,9/28/2003 0:00,Shipped,3,9,2003,Ships,100,S700_3505,Euro Shopping Channel,(91) 555 94 44,"C/ Moralzarzal, 86",1.5301113420271288,0.4835164835164835
2695,2696,2696,10167,24.0,100.0,13,2812.8,10/23/2003 0:00,Cancelled,4,10,2003,Ships,100,S700_3505,Scandinavian Gift Ideas,0695-34 6555,?kergatan 24,-1.1411394761706077,0.1978021978021978
2696,2697,2697,10177,44.0,92.16,4,4055.04,11/7/2003 0:00,Shipped,4,11,2003,Ships,100,S700_3505,CAF Imports,+34 913 728 555,"Merchants House, 27-30 Merchant's Quay",0.9136688455199589,0.4175824175824176
2697,2698,2698,10185,37.0,100.0,4,3891.66,11/14/2003 0:00,Shipped,4,11,2003,Ships,100,S700_3505,Mini Creations Ltd.,5085559555,4575 Hillside Dr.,0.19448593292826055,0.34065934065934067
2698,2699,2699,10197,27.0,92.16,10,2488.32,11/26/2003 0:00,Shipped,4,11,2003,Ships,100,S700_3505,Enaco Distributors,(93) 203 4555,"Rambla de Catalu¤a, 23",-0.8329182279170227,0.23076923076923078
2699,2700,2700,10208,37.0,100.0,4,4447.4,1/2/2004 0:00,Shipped,1,1,2004,Ships,100,S700_3505,"Saveley & Henriot, Co.",78.32.5555,"2, rue du Commerce",0.19448593292826055,0.34065934065934067
2700,2701,2701,10222,38.0,100.0,16,4187.22,2/19/2004 0:00,Shipped,1,2,2004,Ships,100,S700_3505,Collectable Mini Designs Co.,7605558146,361 Furth Circle,0.2972263490127889,0.3516483516483517
2701,2702,2702,10232,48.0,96.16,1,4615.68,3/20/2004 0:00,Shipped,1,3,2004,Ships,100,S700_3505,giftsbymail.co.uk,(198) 555-8888,Garden House Crowther Way,1.3246305098580722,0.46153846153846156
2702,2703,2703,10248,30.0,100.0,7,3245.4,5/7/2004 0:00,Cancelled,2,5,2004,Ships,100,S700_3505,Land of Toys Inc.,2125557818,897 Long Airport Avenue,-0.5246969796634378,0.26373626373626374
2703,2704,2704,10261,25.0,88.15,5,2203.75,6/17/2004 0:00,Shipped,2,6,2004,Ships,100,S700_3505,Quebec Home Shopping Network,(514) 555-8054,43 rue St. Laurent,-1.0383990600860795,0.2087912087912088
2704,2705,2705,10273,40.0,86.15,8,3446.0,7/21/2004 0:00,Shipped,3,7,2004,Ships,100,S700_3505,Petit Auto,(02) 5554 67,Rue Joseph-Bens 532,0.5027071811818455,0.37362637362637363
2705,2706,2706,10283,22.0,88.15,10,1939.3,8/20/2004 0:00,Shipped,3,8,2004,Ships,100,S700_3505,"Royal Canadian Collectables, Ltd.",(604) 555-4555,23 Tsawassen Blvd.,-1.3466203083396644,0.17582417582417584
2706,2707,2707,10295,34.0,100.0,5,3473.78,9/10/2004 0:00,Shipped,3,9,2004,Ships,100,S700_3505,Gifts4AllAges.com,6175559555,8616 Spinnaker Dr.,-0.11373531532532445,0.3076923076923077
2707,2708,2708,10306,32.0,90.15,4,2884.8,10/14/2004 0:00,Shipped,4,10,2004,Ships,100,S700_3505,"AV Stores, Co.",(171) 555-1555,Fauntleroy Circus,-0.3192161474943811,0.2857142857142857
2708,2709,2709,10315,31.0,86.15,3,2670.65,10/29/2004 0:00,Shipped,4,10,2004,Ships,100,S700_3505,La Rochelle Gifts,40.67.8555,"67, rue des Cinquante Otages",-0.4219565635789094,0.27472527472527475
2709,2710,2710,10327,43.0,80.0,2,3440.0,11/10/2004 0:00,Resolved,4,11,2004,Ships,100,S700_3505,Danish Wholesale Imports,31 12 3555,Vinb'ltet 34,0.8109284294354305,0.4065934065934066
2710,2711,2711,10337,31.0,89.38,1,2770.78,11/21/2004 0:00,Shipped,4,11,2004,Ships,100,S700_3505,Classic Legends Inc.,2125558493,5905 Pompton St.,-0.4219565635789094,0.27472527472527475
2711,2712,2712,10350,31.0,77.34,13,2397.54,12/2/2004 0:00,Shipped,4,12,2004,Ships,100,S700_3505,Euro Shopping Channel,(91) 555 94 44,"C/ Moralzarzal, 86",-0.4219565635789094,0.27472527472527475
2712,2713,2713,10373,34.0,96.34,2,3275.56,1/31/2005 0:00,Shipped,1,1,2005,Ships,100,S700_3505,"Oulu Toy Supplies, Inc.",981-443655,Torikatu 38,-0.11373531532532445,0.3076923076923077
2713,2714,2714,10386,45.0,92.08,2,4143.6,3/1/2005 0:00,Resolved,1,3,2005,Ships,100,S700_3505,Euro Shopping Channel,(91) 555 94 44,"C/ Moralzarzal, 86",1.016409261604487,0.42857142857142855
2714,2715,2715,10397,48.0,100.0,3,5192.64,3/28/2005 0:00,Shipped,1,3,2005,Ships,100,S700_3505,Alpha Cognac,61.77.6555,1 rue Alsace-Lorraine,1.3246305098580722,0.46153846153846156
2715,2716,2716,10414,28.0,100.0,7,3029.04,5/6/2005 0:00,On Hold,2,5,2005,Ships,100,S700_3505,Gifts4AllAges.com,6175559555,8616 Spinnaker Dr.,-0.7301778118324944,0.24175824175824176
2716,2717,2717,10105,22.0,100.0,7,2556.18,2/11/2003 0:00,Shipped,1,2,2003,Ships,99,S700_3962,Danish Wholesale Imports,31 12 3555,Vinb'ltet 34,-1.3466203083396644,0.17582417582417584
2717,2718,2718,10117,45.0,83.42,1,3753.9,4/16/2003 0:00,Shipped,2,4,2003,Ships,99,S700_3962,"Dragon Souveniers, Ltd.",+65 221 7555,"Bronz Sok., Bronz Apt. 3/6 Tesvikiye",1.016409261604487,0.42857142857142855
2718,2719,2719,10129,30.0,85.41,7,2562.3,6/12/2003 0:00,Shipped,2,6,2003,Ships,99,S700_3962,"Stylish Desk Decors, Co.",(171) 555-0297,35 King George,-0.5246969796634378,0.26373626373626374
2719,2720,2720,10142,38.0,85.41,4,3245.58,8/8/2003 0:00,Shipped,3,8,2003,Ships,99,S700_3962,Mini Gifts Distributors Ltd.,4155551450,5677 Strong St.,0.2972263490127889,0.3516483516483517
2720,2721,2721,10153,20.0,100.0,3,2204.6,9/28/2003 0:00,Shipped,3,9,2003,Ships,99,S700_3962,Euro Shopping Channel,(91) 555 94 44,"C/ Moralzarzal, 86",-1.552101140508721,0.15384615384615385
2721,2722,2722,10167,28.0,100.0,14,3003.0,10/23/2003 0:00,Cancelled,4,10,2003,Ships,99,S700_3962,Scandinavian Gift Ideas,0695-34 6555,?kergatan 24,-0.7301778118324944,0.24175824175824176
2722,2723,2723,10177,24.0,100.0,5,2526.48,11/7/2003 0:00,Shipped,4,11,2003,Ships,99,S700_3962,CAF Imports,+34 913 728 555,"Merchants House, 27-30 Merchant's Quay",-1.1411394761706077,0.1978021978021978
2723,2724,2724,10185,22.0,79.45,5,1747.9,11/14/2003 0:00,Shipped,4,11,2003,Ships,99,S700_3962,Mini Creations Ltd.,5085559555,4575 Hillside Dr.,-1.3466203083396644,0.17582417582417584
2724,2725,2725,10197,35.0,93.35,11,3267.25,11/26/2003 0:00,Shipped,4,11,2003,Ships,99,S700_3962,Enaco Distributors,(93) 203 4555,"Rambla de Catalu¤a, 23",-0.010994899240796116,0.31868131868131866
2725,2726,2726,10208,33.0,85.41,5,2818.53,1/2/2004 0:00,Shipped,1,1,2004,Ships,99,S700_3962,"Saveley & Henriot, Co.",78.32.5555,"2, rue du Commerce",-0.21647573140985277,0.2967032967032967
2726,2727,2727,10222,31.0,95.34,17,2955.54,2/19/2004 0:00,Shipped,1,2,2004,Ships,99,S700_3962,Collectable Mini Designs Co.,7605558146,361 Furth Circle,-0.4219565635789094,0.27472527472527475
2727,2728,2728,10232,35.0,82.43,2,2885.05,3/20/2004 0:00,Shipped,1,3,2004,Ships,99,S700_3962,giftsbymail.co.uk,(198) 555-8888,Garden House Crowther Way,-0.010994899240796116,0.31868131868131866
2728,2729,2729,10248,35.0,90.37,8,3162.95,5/7/2004 0:00,Cancelled,2,5,2004,Ships,99,S700_3962,Land of Toys Inc.,2125557818,897 Long Airport Avenue,-0.010994899240796116,0.31868131868131866
2729,2730,2730,10261,50.0,81.43,6,4071.5,6/17/2004 0:00,Shipped,2,6,2004,Ships,99,S700_3962,Quebec Home Shopping Network,(514) 555-8054,43 rue St. Laurent,1.5301113420271288,0.4835164835164835
2730,2731,2731,10273,26.0,100.0,9,2969.46,7/21/2004 0:00,Shipped,3,7,2004,Ships,99,S700_3962,Petit Auto,(02) 5554 67,Rue Joseph-Bens 532,-0.9356586440015511,0.21978021978021978
2731,2732,2732,10283,38.0,89.38,11,3396.44,8/20/2004 0:00,Shipped,3,8,2004,Ships,99,S700_3962,"Royal Canadian Collectables, Ltd.",(604) 555-4555,23 Tsawassen Blvd.,0.2972263490127889,0.3516483516483517
2732,2733,2733,10294,45.0,100.0,1,4692.6,9/10/2004 0:00,Shipped,3,9,2004,Ships,99,S700_3962,Online Mini Collectables,6175557555,7635 Spinnaker Dr.,1.016409261604487,0.42857142857142855
2733,2734,2734,10306,30.0,100.0,5,3515.7,10/14/2004 0:00,Shipped,4,10,2004,Ships,99,S700_3962,"AV Stores, Co.",(171) 555-1555,Fauntleroy Circus,-0.5246969796634378,0.26373626373626374
2734,2735,2735,10315,37.0,91.37,4,3380.69,10/29/2004 0:00,Shipped,4,10,2004,Ships,99,S700_3962,La Rochelle Gifts,40.67.8555,"67, rue des Cinquante Otages",0.19448593292826055,0.34065934065934067
2735,2736,2736,10327,37.0,86.61,3,3204.57,11/10/2004 0:00,Resolved,4,11,2004,Ships,99,S700_3962,Danish Wholesale Imports,31 12 3555,Vinb'ltet 34,0.19448593292826055,0.34065934065934067
2736,2737,2737,10337,36.0,71.89,7,2588.04,11/21/2004 0:00,Shipped,4,11,2004,Ships,99,S700_3962,Classic Legends Inc.,2125558493,5905 Pompton St.,0.09174551684373221,0.32967032967032966
2737,2738,2738,10350,25.0,100.0,16,2854.75,12/2/2004 0:00,Shipped,4,12,2004,Ships,99,S700_3962,Euro Shopping Channel,(91) 555 94 44,"C/ Moralzarzal, 86",-1.0383990600860795,0.2087912087912088
2738,2739,2739,10373,37.0,100.0,8,4025.6,1/31/2005 0:00,Shipped,1,1,2005,Ships,99,S700_3962,"Oulu Toy Supplies, Inc.",981-443655,Torikatu 38,0.19448593292826055,0.34065934065934067
2739,2740,2740,10386,30.0,95.48,3,2864.4,3/1/2005 0:00,Resolved,1,3,2005,Ships,99,S700_3962,Euro Shopping Channel,(91) 555 94 44,"C/ Moralzarzal, 86",-0.5246969796634378,0.26373626373626374
2740,2741,2741,10397,36.0,100.0,2,3789.72,3/28/2005 0:00,Shipped,1,3,2005,Ships,99,S700_3962,Alpha Cognac,61.77.6555,1 rue Alsace-Lorraine,0.09174551684373221,0.32967032967032966
2741,2742,2742,10414,27.0,90.37,8,2439.99,5/6/2005 0:00,On Hold,2,5,2005,Ships,99,S700_3962,Gifts4AllAges.com,6175559555,8616 Spinnaker Dr.,-0.8329182279170227,0.23076923076923078
2742,2743,2743,10106,48.0,61.44,10,2949.12,2/17/2003 0:00,Shipped,1,2,2003,Planes,74,S700_4002,Rovelli Gifts,035-640555,Via Ludovico il Moro 22,1.3246305098580722,0.46153846153846156
2743,2744,2744,10119,26.0,59.22,1,1539.72,4/28/2003 0:00,Shipped,2,4,2003,Planes,74,S700_4002,Salzburg Collectables,6562-9555,Geislweg 14,-0.9356586440015511,0.21978021978021978
2744,2745,2745,10131,26.0,85.13,2,2213.38,6/16/2003 0:00,Shipped,2,6,2003,Planes,74,S700_4002,Gift Ideas Corp.,2035554407,2440 Pompton St.,-0.9356586440015511,0.21978021978021978
2745,2746,2746,10143,34.0,85.87,5,2919.58,8/10/2003 0:00,Shipped,3,8,2003,Planes,74,S700_4002,Mini Creations Ltd.,5085559555,4575 Hillside Dr.,-0.11373531532532445,0.3076923076923077
2746,2747,2747,10155,44.0,85.87,3,3778.28,10/6/2003 0:00,Shipped,4,10,2003,Planes,74,S700_4002,"Toys of Finland, Co.",90-224 8555,Keskuskatu 45,0.9136688455199589,0.4175824175824176
2747,2748,2748,10168,39.0,82.91,17,3233.49,10/28/2003 0:00,Shipped,4,10,2003,Planes,74,S700_4002,Technics Stores Inc.,6505556809,9408 Furth Circle,0.3999667650973172,0.3626373626373626
2748,2749,2749,10178,45.0,76.25,2,3431.25,11/8/2003 0:00,Shipped,4,11,2003,Planes,74,S700_4002,Alpha Cognac,61.77.6555,1 rue Alsace-Lorraine,1.016409261604487,0.42857142857142855
2749,2750,2750,10198,40.0,63.67,2,2546.8,11/27/2003 0:00,Shipped,4,11,2003,Planes,74,S700_4002,Cruz & Sons Co.,+63 2 555 3587,15 McCallum Street - NatWest Center #13-03,0.5027071811818455,0.37362637362637363
2750,2751,2751,10210,42.0,70.33,15,2953.86,1/12/2004 0:00,Shipped,1,1,2004,Planes,74,S700_4002,Osaka Souveniers Co.,+81 06 6342 5555,"Dojima Avanza 4F, 1-6-20 Dojima, Kita-ku",0.7081880133509022,0.3956043956043956
2751,2752,2752,10222,43.0,74.03,2,3183.29,2/19/2004 0:00,Shipped,1,2,2004,Planes,74,S700_4002,Collectable Mini Designs Co.,7605558146,361 Furth Circle,0.8109284294354305,0.4065934065934066
2752,2753,2753,10235,34.0,72.55,11,2466.7,4/2/2004 0:00,Shipped,2,4,2004,Planes,74,S700_4002,"Royal Canadian Collectables, Ltd.",(604) 555-4555,23 Tsawassen Blvd.,-0.11373531532532445,0.3076923076923077
2753,2754,2754,10250,38.0,62.19,12,2363.22,5/11/2004 0:00,Shipped,2,5,2004,Planes,74,S700_4002,The Sharp Gifts Warehouse,4085553659,3086 Ingle Ln.,0.2972263490127889,0.3516483516483517
2754,2755,2755,10262,35.0,71.07,7,2487.45,6/24/2004 0:00,Cancelled,2,6,2004,Planes,74,S700_4002,Euro Shopping Channel,(91) 555 94 44,"C/ Moralzarzal, 86",-0.010994899240796116,0.31868131868131866
2755,2756,2756,10275,31.0,72.55,17,2249.05,7/23/2004 0:00,Shipped,3,7,2004,Planes,74,S700_4002,La Rochelle Gifts,40.67.8555,"67, rue des Cinquante Otages",-0.4219565635789094,0.27472527472527475
2756,2757,2757,10284,32.0,64.41,9,2061.12,8/21/2004 0:00,Shipped,3,8,2004,Planes,74,S700_4002,"Norway Gifts By Mail, Co.",+47 2212 1555,"Drammensveien 126 A, PB 744 Sentrum",-0.3192161474943811,0.2857142857142857
2757,2758,2758,10296,47.0,86.62,5,4071.14,9/15/2004 0:00,Shipped,3,9,2004,Planes,74,S700_4002,"Bavarian Collectables Imports, Co.",+49 89 61 08 9555,Hansastr. 15,1.2218900937735437,0.45054945054945056
2758,2759,2759,10308,39.0,68.11,15,2656.29,10/15/2004 0:00,Shipped,4,10,2004,Planes,74,S700_4002,Mini Classics,9145554562,3758 North Pendale Street,0.3999667650973172,0.3626373626373626
2759,2760,2760,10316,44.0,62.19,7,2736.36,11/1/2004 0:00,Shipped,4,11,2004,Planes,74,S700_4002,giftsbymail.co.uk,(198) 555-8888,Garden House Crowther Way,0.9136688455199589,0.4175824175824176
2760,2761,2761,10328,39.0,85.87,12,3348.93,11/12/2004 0:00,Shipped,4,11,2004,Planes,74,S700_4002,Rovelli Gifts,035-640555,Via Ludovico il Moro 22,0.3999667650973172,0.3626373626373626
2761,2762,2762,10339,50.0,57.86,8,2893.0,11/23/2004 0:00,Shipped,4,11,2004,Planes,74,S700_4002,"Tokyo Collectables, Ltd",+81 3 3584 0555,2-2-8 Roppongi,1.5301113420271288,0.4835164835164835
2762,2763,2763,10352,22.0,75.51,1,1661.22,12/3/2004 0:00,Shipped,4,12,2004,Planes,74,S700_4002,Auto-Moto Classics Inc.,6175558428,16780 Pompton St.,-1.3466203083396644,0.17582417582417584
2763,2764,2764,10361,35.0,100.0,11,4277.35,12/17/2004 0:00,Shipped,4,12,2004,Planes,74,S700_4002,Souveniers And Things Co.,+61 2 9495 8555,"Monitor Money Building, 815 Pacific Hwy",-0.010994899240796116,0.31868131868131866
2764,2765,2765,10373,45.0,55.62,17,2502.9,1/31/2005 0:00,Shipped,1,1,2005,Planes,74,S700_4002,"Oulu Toy Supplies, Inc.",981-443655,Torikatu 38,1.016409261604487,0.42857142857142855
2765,2766,2766,10386,44.0,86.4,15,3801.6,3/1/2005 0:00,Resolved,1,3,2005,Planes,74,S700_4002,Euro Shopping Channel,(91) 555 94 44,"C/ Moralzarzal, 86",0.9136688455199589,0.4175824175824176
2766,2767,2767,10398,36.0,87.36,12,3144.96,3/30/2005 0:00,Shipped,1,3,2005,Planes,74,S700_4002,Reims Collectables,26.47.1555,59 rue de l'Abbaye,0.09174551684373221,0.32967032967032966
2767,2768,2768,10401,28.0,72.55,11,2031.4,4/3/2005 0:00,On Hold,2,4,2005,Planes,74,S700_4002,Tekni Collectables Inc.,2015559350,7476 Moss Rd.,-0.7301778118324944,0.24175824175824176
2768,2769,2769,10416,43.0,62.19,12,2674.17,5/10/2005 0:00,Shipped,2,5,2005,Planes,74,S700_4002,L'ordine Souveniers,0522-556555,Strada Provinciale 124,0.8109284294354305,0.4065934065934066
2769,2770,2770,10106,48.0,52.64,15,2526.72,2/17/2003 0:00,Shipped,1,2,2003,Planes,49,S72_1253,Rovelli Gifts,035-640555,Via Ludovico il Moro 22,1.3246305098580722,0.46153846153846156
2770,2771,2771,10119,28.0,48.17,6,1348.76,4/28/2003 0:00,Shipped,2,4,2003,Planes,49,S72_1253,Salzburg Collectables,6562-9555,Geislweg 14,-0.7301778118324944,0.24175824175824176
2771,2772,2772,10131,21.0,41.71,7,875.91,6/16/2003 0:00,Shipped,2,6,2003,Planes,49,S72_1253,Gift Ideas Corp.,2035554407,2440 Pompton St.,-1.4493607244241928,0.16483516483516483
2772,2773,2773,10143,37.0,50.65,10,1874.05,8/10/2003 0:00,Shipped,3,8,2003,Planes,49,S72_1253,Mini Creations Ltd.,5085559555,4575 Hillside Dr.,0.19448593292826055,0.34065934065934067
2773,2774,2774,10155,34.0,49.16,8,1671.44,10/6/2003 0:00,Shipped,4,10,2003,Planes,49,S72_1253,"Toys of Finland, Co.",90-224 8555,Keskuskatu 45,-0.11373531532532445,0.3076923076923077
2774,2775,2775,10167,40.0,41.71,4,1668.4,10/23/2003 0:00,Cancelled,4,10,2003,Planes,49,S72_1253,Scandinavian Gift Ideas,0695-34 6555,?kergatan 24,0.5027071811818455,0.37362637362637363
2775,2776,2776,10178,45.0,51.15,7,2301.75,11/8/2003 0:00,Shipped,4,11,2003,Planes,49,S72_1253,Alpha Cognac,61.77.6555,1 rue Alsace-Lorraine,1.016409261604487,0.42857142857142855
2776,2777,2777,10186,28.0,52.14,4,1459.92,11/14/2003 0:00,Shipped,4,11,2003,Planes,49,S72_1253,"Double Decker Gift Stores, Ltd",(171) 555-7555,120 Hanover Sq.,-0.7301778118324944,0.24175824175824176
2777,2778,2778,10197,29.0,41.71,1,1209.59,11/26/2003 0:00,Shipped,4,11,2003,Planes,49,S72_1253,Enaco Distributors,(93) 203 4555,"Rambla de Catalu¤a, 23",-0.6274373957479661,0.25274725274725274
2778,2779,2779,10209,48.0,44.69,3,2145.12,1/9/2004 0:00,Shipped,1,1,2004,Planes,49,S72_1253,"Men 'R' US Retailers, Ltd.",2155554369,6047 Douglas Av.,1.3246305098580722,0.46153846153846156
2779,2780,2780,10222,31.0,45.69,7,1416.39,2/19/2004 0:00,Shipped,1,2,2004,Planes,49,S72_1253,Collectable Mini Designs Co.,7605558146,361 Furth Circle,-0.4219565635789094,0.27472527472527475
2780,2781,2781,10249,32.0,57.61,3,1843.52,5/8/2004 0:00,Shipped,2,5,2004,Planes,49,S72_1253,Cambridge Collectables Co.,6175555555,4658 Baden Av.,-0.3192161474943811,0.2857142857142857
2781,2782,2782,10262,21.0,57.11,12,1199.31,6/24/2004 0:00,Cancelled,2,6,2004,Planes,49,S72_1253,Euro Shopping Channel,(91) 555 94 44,"C/ Moralzarzal, 86",-1.4493607244241928,0.16483516483516483
2782,2783,2783,10274,32.0,58.6,4,1875.2,7/21/2004 0:00,Shipped,3,7,2004,Planes,49,S72_1253,Collectables For Less Inc.,6175558555,7825 Douglas Av.,-0.3192161474943811,0.2857142857142857
2783,2784,2784,10283,43.0,57.61,1,2477.23,8/20/2004 0:00,Shipped,3,8,2004,Planes,49,S72_1253,"Royal Canadian Collectables, Ltd.",(604) 555-4555,23 Tsawassen Blvd.,0.8109284294354305,0.4065934065934066
2784,2785,2785,10296,21.0,45.19,10,948.99,9/15/2004 0:00,Shipped,3,9,2004,Planes,49,S72_1253,"Bavarian Collectables Imports, Co.",+49 89 61 08 9555,Hansastr. 15,-1.4493607244241928,0.16483516483516483
2785,2786,2786,10307,34.0,53.63,4,1823.42,10/14/2004 0:00,Shipped,4,10,2004,Planes,49,S72_1253,"Classic Gift Ideas, Inc",2155554695,782 First Street,-0.11373531532532445,0.3076923076923077
2786,2787,2787,10316,34.0,43.7,12,1485.8,11/1/2004 0:00,Shipped,4,11,2004,Planes,49,S72_1253,giftsbymail.co.uk,(198) 555-8888,Garden House Crowther Way,-0.11373531532532445,0.3076923076923077
2787,2788,2788,10329,44.0,86.13,8,3789.72,11/15/2004 0:00,Shipped,4,11,2004,Planes,49,S72_1253,Land of Toys Inc.,2125557818,897 Long Airport Avenue,0.9136688455199589,0.4175824175824176
2788,2789,2789,10339,27.0,76.31,6,2060.37,11/23/2004 0:00,Shipped,4,11,2004,Planes,49,S72_1253,"Tokyo Collectables, Ltd",+81 3 3584 0555,2-2-8 Roppongi,-0.8329182279170227,0.23076923076923078
2789,2790,2790,10352,49.0,52.64,4,2579.36,12/3/2004 0:00,Shipped,4,12,2004,Planes,49,S72_1253,Auto-Moto Classics Inc.,6175558428,16780 Pompton St.,1.4273709259426004,0.4725274725274725
2790,2791,2791,10361,23.0,95.2,12,2189.6,12/17/2004 0:00,Shipped,4,12,2004,Planes,49,S72_1253,Souveniers And Things Co.,+61 2 9495 8555,"Monitor Money Building, 815 Pacific Hwy",-1.2438798922551362,0.18681318681318682
2791,2792,2792,10373,25.0,64.97,9,1624.25,1/31/2005 0:00,Shipped,1,1,2005,Planes,49,S72_1253,"Oulu Toy Supplies, Inc.",981-443655,Torikatu 38,-1.0383990600860795,0.2087912087912088
2792,2793,2793,10386,50.0,87.15,16,4357.5,3/1/2005 0:00,Resolved,1,3,2005,Planes,49,S72_1253,Euro Shopping Channel,(91) 555 94 44,"C/ Moralzarzal, 86",1.5301113420271288,0.4835164835164835
2793,2794,2794,10398,34.0,40.22,1,1367.48,3/30/2005 0:00,Shipped,1,3,2005,Planes,49,S72_1253,Reims Collectables,26.47.1555,59 rue de l'Abbaye,-0.11373531532532445,0.3076923076923077
2794,2795,2795,10400,20.0,56.12,4,1122.4,4/1/2005 0:00,Shipped,2,4,2005,Planes,49,S72_1253,The Sharp Gifts Warehouse,4085553659,3086 Ingle Ln.,-1.552101140508721,0.15384615384615385
2795,2796,2796,10415,42.0,57.61,3,2419.62,5/9/2005 0:00,Disputed,2,5,2005,Planes,49,S72_1253,"Australian Collectables, Ltd",61-9-3844-6555,7 Allen Street,0.7081880133509022,0.3956043956043956
2796,2797,2797,10105,25.0,56.78,8,1419.5,2/11/2003 0:00,Shipped,1,2,2003,Ships,54,S72_3212,Danish Wholesale Imports,31 12 3555,Vinb'ltet 34,-1.0383990600860795,0.2087912087912088
2797,2798,2798,10117,50.0,43.68,2,2184.0,4/16/2003 0:00,Shipped,2,4,2003,Ships,54,S72_3212,"Dragon Souveniers, Ltd.",+65 221 7555,"Bronz Sok., Bronz Apt. 3/6 Tesvikiye",1.5301113420271288,0.4835164835164835
2798,2799,2799,10129,32.0,64.97,8,2079.04,6/12/2003 0:00,Shipped,2,6,2003,Ships,54,S72_3212,"Stylish Desk Decors, Co.",(171) 555-0297,35 King George,-0.3192161474943811,0.2857142857142857
2799,2800,2800,10142,39.0,44.23,5,1724.97,8/8/2003 0:00,Shipped,3,8,2003,Ships,54,S72_3212,Mini Gifts Distributors Ltd.,4155551450,5677 Strong St.,0.3999667650973172,0.3626373626373626
2800,2801,2801,10153,50.0,60.06,4,3003.0,9/28/2003 0:00,Shipped,3,9,2003,Ships,54,S72_3212,Euro Shopping Channel,(91) 555 94 44,"C/ Moralzarzal, 86",1.5301113420271288,0.4835164835164835
2801,2802,2802,10167,38.0,48.59,15,1846.42,10/23/2003 0:00,Cancelled,4,10,2003,Ships,54,S72_3212,Scandinavian Gift Ideas,0695-34 6555,?kergatan 24,0.2972263490127889,0.3516483516483517
2802,2803,2803,10177,40.0,50.23,6,2009.2,11/7/2003 0:00,Shipped,4,11,2003,Ships,54,S72_3212,CAF Imports,+34 913 728 555,"Merchants House, 27-30 Merchant's Quay",0.5027071811818455,0.37362637362637363
2803,2804,2804,10185,28.0,64.43,6,1804.04,11/14/2003 0:00,Shipped,4,11,2003,Ships,54,S72_3212,Mini Creations Ltd.,5085559555,4575 Hillside Dr.,-0.7301778118324944,0.24175824175824176
2804,2805,2805,10197,42.0,50.23,12,2109.66,11/26/2003 0:00,Shipped,4,11,2003,Ships,54,S72_3212,Enaco Distributors,(93) 203 4555,"Rambla de Catalu¤a, 23",0.7081880133509022,0.3956043956043956
2805,2806,2806,10208,42.0,63.88,6,2682.96,1/2/2004 0:00,Shipped,1,1,2004,Ships,54,S72_3212,"Saveley & Henriot, Co.",78.32.5555,"2, rue du Commerce",0.7081880133509022,0.3956043956043956
2806,2807,2807,10222,36.0,63.34,18,2280.24,2/19/2004 0:00,Shipped,1,2,2004,Ships,54,S72_3212,Collectable Mini Designs Co.,7605558146,361 Furth Circle,0.09174551684373221,0.32967032967032966
2807,2808,2808,10232,24.0,49.69,3,1192.56,3/20/2004 0:00,Shipped,1,3,2004,Ships,54,S72_3212,giftsbymail.co.uk,(198) 555-8888,Garden House Crowther Way,-1.1411394761706077,0.1978021978021978
2808,2809,2809,10248,23.0,65.52,9,1506.96,5/7/2004 0:00,Cancelled,2,5,2004,Ships,54,S72_3212,Land of Toys Inc.,2125557818,897 Long Airport Avenue,-1.2438798922551362,0.18681318681318682
2809,2810,2810,10261,29.0,50.78,7,1472.62,6/17/2004 0:00,Shipped,2,6,2004,Ships,54,S72_3212,Quebec Home Shopping Network,(514) 555-8054,43 rue St. Laurent,-0.6274373957479661,0.25274725274725274
2810,2811,2811,10273,37.0,45.86,10,1696.82,7/21/2004 0:00,Shipped,3,7,2004,Ships,54,S72_3212,Petit Auto,(02) 5554 67,Rue Joseph-Bens 532,0.19448593292826055,0.34065934065934067
2811,2812,2812,10283,33.0,51.32,12,1693.56,8/20/2004 0:00,Shipped,3,8,2004,Ships,54,S72_3212,"Royal Canadian Collectables, Ltd.",(604) 555-4555,23 Tsawassen Blvd.,-0.21647573140985277,0.2967032967032967
2812,2813,2813,10293,32.0,60.06,1,1921.92,9/9/2004 0:00,Shipped,3,9,2004,Ships,54,S72_3212,Amica Models & Co.,011-4988555,Via Monte Bianco 34,-0.3192161474943811,0.2857142857142857
2813,2814,2814,10306,35.0,59.51,6,2082.85,10/14/2004 0:00,Shipped,4,10,2004,Ships,54,S72_3212,"AV Stores, Co.",(171) 555-1555,Fauntleroy Circus,-0.010994899240796116,0.31868131868131866
2814,2815,2815,10315,40.0,55.69,5,2227.6,10/29/2004 0:00,Shipped,4,10,2004,Ships,54,S72_3212,La Rochelle Gifts,40.67.8555,"67, rue des Cinquante Otages",0.5027071811818455,0.37362637362637363
2815,2816,2816,10327,37.0,86.74,4,3209.38,11/10/2004 0:00,Resolved,4,11,2004,Ships,54,S72_3212,Danish Wholesale Imports,31 12 3555,Vinb'ltet 34,0.19448593292826055,0.34065934065934067
2816,2817,2817,10337,42.0,97.16,5,4080.72,11/21/2004 0:00,Shipped,4,11,2004,Ships,54,S72_3212,Classic Legends Inc.,2125558493,5905 Pompton St.,0.7081880133509022,0.3956043956043956
2817,2818,2818,10350,20.0,100.0,15,2244.4,12/2/2004 0:00,Shipped,4,12,2004,Ships,54,S72_3212,Euro Shopping Channel,(91) 555 94 44,"C/ Moralzarzal, 86",-1.552101140508721,0.15384615384615385
2818,2819,2819,10373,29.0,100.0,1,3978.51,1/31/2005 0:00,Shipped,1,1,2005,Ships,54,S72_3212,"Oulu Toy Supplies, Inc.",981-443655,Torikatu 38,-0.6274373957479661,0.25274725274725274
2819,2820,2820,10386,43.0,100.0,4,5417.57,3/1/2005 0:00,Resolved,1,3,2005,Ships,54,S72_3212,Euro Shopping Channel,(91) 555 94 44,"C/ Moralzarzal, 86",0.8109284294354305,0.4065934065934066
2820,2821,2821,10397,34.0,62.24,1,2116.16,3/28/2005 0:00,Shipped,1,3,2005,Ships,54,S72_3212,Alpha Cognac,61.77.6555,1 rue Alsace-Lorraine,-0.11373531532532445,0.3076923076923077
2821,2822,2822,10414,47.0,65.52,9,3079.44,5/6/2005 0:00,On Hold,2,5,2005,Ships,54,S72_3212,Gifts4AllAges.com,6175559555,8616 Spinnaker Dr.,1.2218900937735437,0.45054945054945056
